incident_id,service,severity,status,opened_at,resolved_at,summary,root_cause
INC-000001,notification-service,SEV2,mitigated,2024-09-26 07:59:39,2024-09-26 11:53:41.085951522,Incident on notification-service triggered by an expired credential.,An upstream dependency exceeded its SLA during a regional failover.
INC-000002,payment-gateway,SEV4,open,2024-07-28 06:51:33,,Incident on payment-gateway triggered by elevated traffic beyond provisioned capacity.,
INC-000003,inventory-service,SEV3,resolved,2024-12-01 02:28:59,2024-12-01 02:48:39.384181070,Incident on inventory-service triggered by elevated traffic beyond provisioned capacity.,Capacity was not scaled ahead of a known traffic event.
INC-000004,analytics-pipeline,SEV3,resolved,2025-05-29 14:51:58,2025-05-29 21:06:54.361078600,Incident on analytics-pipeline triggered by a memory leak in a recent release.,Capacity was not scaled ahead of a known traffic event.
INC-000005,order-service,SEV4,open,2025-05-05 12:57:53,,Incident on order-service triggered by network partition between regions.,
INC-000006,analytics-pipeline,SEV4,resolved,2025-09-27 02:36:15,2025-09-27 08:25:32.659278210,Incident on analytics-pipeline triggered by network partition between regions.,A memory leak introduced in the previous release caused gradual degradation.
INC-000007,customer-portal,SEV4,resolved,2024-04-26 20:23:53,2024-04-27 03:39:44.212633856,Incident on customer-portal triggered by a downstream dependency timeout.,A configuration change was deployed without a canary rollout.
INC-000008,search-service,SEV2,resolved,2024-06-22 22:59:54,2024-06-23 02:56:02.677463910,Incident on search-service triggered by an expired credential.,A credential rotation job failed silently.
INC-000009,inventory-service,SEV4,resolved,2024-03-17 11:53:39,2024-03-17 18:00:05.218111188,Incident on inventory-service triggered by a downstream dependency timeout.,Capacity was not scaled ahead of a known traffic event.
INC-000010,order-service,SEV3,resolved,2024-12-16 07:01:53,2024-12-16 11:08:24.328556468,Incident on order-service triggered by database connection pool exhaustion.,Insufficient connection pool sizing for peak load.
INC-000011,warehouse-management,SEV3,resolved,2025-10-05 22:43:56,2025-10-06 03:51:39.052713800,Incident on warehouse-management triggered by an unhandled exception in a new code path.,A configuration change was deployed without a canary rollout.
INC-000012,billing-engine,SEV2,resolved,2025-06-07 03:08:34,2025-06-07 03:32:46.244920894,Incident on billing-engine triggered by an unhandled exception in a new code path.,Capacity was not scaled ahead of a known traffic event.
INC-000013,search-service,SEV1,resolved,2024-05-06 14:48:42,2024-05-06 18:22:05.131157106,Incident on search-service triggered by a memory leak in a recent release.,Capacity was not scaled ahead of a known traffic event.
INC-000014,reporting-dashboard,SEV4,resolved,2025-02-05 11:27:55,2025-02-05 13:45:58.942541086,Incident on reporting-dashboard triggered by a downstream dependency timeout.,A configuration change was deployed without a canary rollout.
INC-000015,fraud-detection,SEV4,mitigated,2025-02-06 12:25:48,2025-02-06 20:44:42.538185558,Incident on fraud-detection triggered by a memory leak in a recent release.,An upstream dependency exceeded its SLA during a regional failover.
INC-000016,billing-engine,SEV3,mitigated,2025-10-13 09:06:44,2025-10-13 12:22:12.491375798,Incident on billing-engine triggered by database connection pool exhaustion.,Insufficient connection pool sizing for peak load.
INC-000017,customer-portal,SEV4,resolved,2024-11-11 22:11:31,2024-11-11 22:39:37.383348682,Incident on customer-portal triggered by a misconfigured deployment.,Capacity was not scaled ahead of a known traffic event.
INC-000018,inventory-service,SEV4,mitigated,2025-11-30 21:45:59,2025-12-01 01:44:18.464817992,Incident on inventory-service triggered by a memory leak in a recent release.,A configuration change was deployed without a canary rollout.
INC-000019,payment-gateway,SEV4,open,2024-11-11 13:13:04,,Incident on payment-gateway triggered by a memory leak in a recent release.,
INC-000020,inventory-service,SEV3,resolved,2024-01-06 21:45:31,2024-01-07 03:50:56.028107650,Incident on inventory-service triggered by elevated traffic beyond provisioned capacity.,Capacity was not scaled ahead of a known traffic event.
INC-000021,auth-service,SEV4,resolved,2025-11-29 17:34:31,2025-11-30 00:09:07.742992168,Incident on auth-service triggered by a memory leak in a recent release.,Insufficient connection pool sizing for peak load.
INC-000022,warehouse-management,SEV3,resolved,2025-04-30 02:18:47,2025-04-30 04:21:42.311892920,Incident on warehouse-management triggered by an unhandled exception in a new code path.,Insufficient connection pool sizing for peak load.
INC-000023,fraud-detection,SEV4,resolved,2024-09-07 08:03:20,2024-09-07 14:04:09.705225824,Incident on fraud-detection triggered by an expired credential.,A credential rotation job failed silently.
INC-000024,shipping-tracker,SEV1,mitigated,2024-08-02 22:49:10,2024-08-03 00:19:39.404733118,Incident on shipping-tracker triggered by an unhandled exception in a new code path.,Insufficient connection pool sizing for peak load.
INC-000025,auth-service,SEV3,resolved,2024-05-11 15:50:33,2024-05-12 00:49:46.904601594,Incident on auth-service triggered by an unhandled exception in a new code path.,A configuration change was deployed without a canary rollout.
INC-000026,customer-portal,SEV2,resolved,2025-01-03 08:22:11,2025-01-03 17:09:47.979674594,Incident on customer-portal triggered by a downstream dependency timeout.,Insufficient connection pool sizing for peak load.
INC-000027,reporting-dashboard,SEV4,resolved,2024-02-03 06:38:54,2024-02-03 13:12:49.192027440,Incident on reporting-dashboard triggered by network partition between regions.,A credential rotation job failed silently.
INC-000028,customer-portal,SEV4,open,2024-12-15 14:09:16,,Incident on customer-portal triggered by a downstream dependency timeout.,
INC-000029,shipping-tracker,SEV3,resolved,2025-04-25 05:13:31,2025-04-25 10:11:57.205848628,Incident on shipping-tracker triggered by network partition between regions.,A credential rotation job failed silently.
INC-000030,inventory-service,SEV3,open,2024-04-08 11:25:38,,Incident on inventory-service triggered by network partition between regions.,
INC-000031,inventory-service,SEV4,open,2024-03-16 19:19:13,,Incident on inventory-service triggered by a misconfigured deployment.,
INC-000032,analytics-pipeline,SEV1,resolved,2024-02-06 13:12:16,2024-02-06 16:43:20.343577432,Incident on analytics-pipeline triggered by database connection pool exhaustion.,An upstream dependency exceeded its SLA during a regional failover.
INC-000033,inventory-service,SEV3,resolved,2024-02-03 16:52:07,2024-02-04 00:08:31.375997554,Incident on inventory-service triggered by a misconfigured deployment.,A memory leak introduced in the previous release caused gradual degradation.
INC-000034,customer-portal,SEV4,resolved,2024-01-15 12:16:37,2024-01-15 18:49:34.460693368,Incident on customer-portal triggered by database connection pool exhaustion.,Capacity was not scaled ahead of a known traffic event.
INC-000035,order-service,SEV4,resolved,2024-10-12 09:06:32,2024-10-12 13:31:06.063853124,Incident on order-service triggered by a downstream dependency timeout.,An upstream dependency exceeded its SLA during a regional failover.
INC-000036,warehouse-management,SEV3,resolved,2024-10-10 23:39:59,2024-10-11 00:38:09.613557854,Incident on warehouse-management triggered by elevated traffic beyond provisioned capacity.,A configuration change was deployed without a canary rollout.
INC-000037,analytics-pipeline,SEV4,resolved,2025-10-06 14:03:21,2025-10-06 18:05:45.513800658,Incident on analytics-pipeline triggered by network partition between regions.,A credential rotation job failed silently.
INC-000038,search-service,SEV4,resolved,2025-07-21 09:15:40,2025-07-21 14:48:31.508298508,Incident on search-service triggered by an expired credential.,A credential rotation job failed silently.
INC-000039,fraud-detection,SEV4,resolved,2024-01-26 12:41:16,2024-01-26 22:16:16.918510600,Incident on fraud-detection triggered by database connection pool exhaustion.,A configuration change was deployed without a canary rollout.
INC-000040,order-service,SEV3,resolved,2025-07-07 22:37:44,2025-07-08 03:07:34.542009626,Incident on order-service triggered by a downstream dependency timeout.,A memory leak introduced in the previous release caused gradual degradation.
INC-000041,notification-service,SEV3,resolved,2025-02-28 21:39:36,2025-03-01 06:26:52.350636126,Incident on notification-service triggered by elevated traffic beyond provisioned capacity.,Capacity was not scaled ahead of a known traffic event.
INC-000042,notification-service,SEV4,resolved,2025-09-09 20:43:37,2025-09-10 05:56:46.031608840,Incident on notification-service triggered by an unhandled exception in a new code path.,An upstream dependency exceeded its SLA during a regional failover.
INC-000043,search-service,SEV3,mitigated,2025-12-10 11:13:48,2025-12-10 15:25:26.616857490,Incident on search-service triggered by an unhandled exception in a new code path.,A memory leak introduced in the previous release caused gradual degradation.
INC-000044,warehouse-management,SEV1,open,2025-01-17 02:06:55,,Incident on warehouse-management triggered by a memory leak in a recent release.,
INC-000045,warehouse-management,SEV4,resolved,2024-09-04 16:11:55,2024-09-05 02:08:20.087888104,Incident on warehouse-management triggered by database connection pool exhaustion.,A memory leak introduced in the previous release caused gradual degradation.
INC-000046,order-service,SEV2,resolved,2025-05-10 15:13:24,2025-05-10 23:37:39.864563891,Incident on order-service triggered by database connection pool exhaustion.,Capacity was not scaled ahead of a known traffic event.
INC-000047,recommendation-engine,SEV3,resolved,2025-12-19 17:01:41,2025-12-19 21:02:44.491344842,Incident on recommendation-engine triggered by a memory leak in a recent release.,Capacity was not scaled ahead of a known traffic event.
INC-000048,warehouse-management,SEV2,resolved,2024-05-04 12:00:20,2024-05-04 13:41:54.085673774,Incident on warehouse-management triggered by network partition between regions.,A memory leak introduced in the previous release caused gradual degradation.
INC-000049,shipping-tracker,SEV4,resolved,2024-08-24 21:27:34,2024-08-25 01:24:21.397481494,Incident on shipping-tracker triggered by an unhandled exception in a new code path.,A credential rotation job failed silently.
INC-000050,warehouse-management,SEV3,resolved,2024-11-30 18:53:29,2024-11-30 23:39:24.257864642,Incident on warehouse-management triggered by an expired credential.,A credential rotation job failed silently.
INC-000051,analytics-pipeline,SEV3,mitigated,2024-06-12 01:35:21,2024-06-12 08:45:25.267725984,Incident on analytics-pipeline triggered by an expired credential.,An upstream dependency exceeded its SLA during a regional failover.
INC-000052,analytics-pipeline,SEV2,resolved,2025-04-01 03:50:58,2025-04-01 13:05:18.648741346,Incident on analytics-pipeline triggered by network partition between regions.,A memory leak introduced in the previous release caused gradual degradation.
INC-000053,order-service,SEV3,resolved,2025-09-23 13:33:17,2025-09-23 16:45:34.693533788,Incident on order-service triggered by an unhandled exception in a new code path.,A configuration change was deployed without a canary rollout.
INC-000054,api-gateway,SEV3,mitigated,2025-02-05 03:51:41,2025-02-05 04:35:04.769356970,Incident on api-gateway triggered by elevated traffic beyond provisioned capacity.,A credential rotation job failed silently.
INC-000055,search-service,SEV4,resolved,2024-03-17 06:38:55,2024-03-17 14:18:59.671960102,Incident on search-service triggered by network partition between regions.,Insufficient connection pool sizing for peak load.
INC-000056,reporting-dashboard,SEV3,resolved,2024-04-23 20:55:08,2024-04-23 21:36:46.539841502,Incident on reporting-dashboard triggered by elevated traffic beyond provisioned capacity.,Insufficient connection pool sizing for peak load.
INC-000057,api-gateway,SEV4,resolved,2025-05-19 09:29:10,2025-05-19 10:22:43.616468164,Incident on api-gateway triggered by a downstream dependency timeout.,Capacity was not scaled ahead of a known traffic event.
INC-000058,api-gateway,SEV4,resolved,2025-09-24 16:51:42,2025-09-24 20:20:52.010775624,Incident on api-gateway triggered by elevated traffic beyond provisioned capacity.,A memory leak introduced in the previous release caused gradual degradation.
INC-000059,api-gateway,SEV4,mitigated,2025-05-19 14:08:10,2025-05-19 17:38:04.310876500,Incident on api-gateway triggered by a downstream dependency timeout.,An upstream dependency exceeded its SLA during a regional failover.
INC-000060,fraud-detection,SEV4,resolved,2024-12-18 09:36:26,2024-12-18 15:13:14.005773110,Incident on fraud-detection triggered by a misconfigured deployment.,A configuration change was deployed without a canary rollout.
INC-000061,search-service,SEV4,mitigated,2025-11-20 03:51:37,2025-11-20 05:58:14.362322506,Incident on search-service triggered by an expired credential.,A configuration change was deployed without a canary rollout.
INC-000062,customer-portal,SEV2,resolved,2025-10-27 22:46:40,2025-10-28 05:26:29.650925878,Incident on customer-portal triggered by elevated traffic beyond provisioned capacity.,Capacity was not scaled ahead of a known traffic event.
INC-000063,recommendation-engine,SEV3,mitigated,2024-12-14 11:12:13,2024-12-14 19:19:22.849290472,Incident on recommendation-engine triggered by elevated traffic beyond provisioned capacity.,Capacity was not scaled ahead of a known traffic event.
INC-000064,order-service,SEV4,resolved,2025-04-04 10:13:10,2025-04-04 18:23:13.887984184,Incident on order-service triggered by network partition between regions.,Capacity was not scaled ahead of a known traffic event.
INC-000065,payment-gateway,SEV3,resolved,2025-08-18 07:55:57,2025-08-18 16:40:54.393966852,Incident on payment-gateway triggered by elevated traffic beyond provisioned capacity.,Insufficient connection pool sizing for peak load.
INC-000066,analytics-pipeline,SEV3,mitigated,2025-01-02 19:41:24,2025-01-03 00:43:45.375300174,Incident on analytics-pipeline triggered by database connection pool exhaustion.,Capacity was not scaled ahead of a known traffic event.
INC-000067,recommendation-engine,SEV2,resolved,2024-05-05 09:22:51,2024-05-05 14:49:30.623672118,Incident on recommendation-engine triggered by a misconfigured deployment.,A configuration change was deployed without a canary rollout.
INC-000068,inventory-service,SEV2,resolved,2024-12-04 10:01:43,2024-12-04 12:10:04.466190826,Incident on inventory-service triggered by a memory leak in a recent release.,Insufficient connection pool sizing for peak load.
INC-000069,auth-service,SEV2,resolved,2025-09-02 00:20:38,2025-09-02 03:41:34.897855142,Incident on auth-service triggered by an unhandled exception in a new code path.,A memory leak introduced in the previous release caused gradual degradation.
INC-000070,order-service,SEV4,resolved,2024-10-07 15:03:37,2024-10-07 18:31:10.467645214,Incident on order-service triggered by an expired credential.,An upstream dependency exceeded its SLA during a regional failover.
INC-000071,payment-gateway,SEV4,resolved,2025-09-15 01:48:57,2025-09-15 10:59:04.749207198,Incident on payment-gateway triggered by database connection pool exhaustion.,A credential rotation job failed silently.
INC-000072,api-gateway,SEV4,resolved,2025-08-24 18:42:48,2025-08-24 22:44:52.156423704,Incident on api-gateway triggered by a downstream dependency timeout.,A credential rotation job failed silently.
INC-000073,notification-service,SEV3,resolved,2025-08-04 21:39:40,2025-08-05 03:58:34.734265864,Incident on notification-service triggered by elevated traffic beyond provisioned capacity.,A credential rotation job failed silently.
INC-000074,fraud-detection,SEV4,resolved,2025-04-02 04:04:45,2025-04-02 09:05:00.787208688,Incident on fraud-detection triggered by network partition between regions.,A memory leak introduced in the previous release caused gradual degradation.
INC-000075,reporting-dashboard,SEV3,resolved,2024-06-17 21:19:55,2024-06-18 05:04:34.407675376,Incident on reporting-dashboard triggered by elevated traffic beyond provisioned capacity.,A credential rotation job failed silently.
INC-000076,notification-service,SEV3,resolved,2025-08-02 09:37:22,2025-08-02 10:13:16.982846956,Incident on notification-service triggered by elevated traffic beyond provisioned capacity.,A configuration change was deployed without a canary rollout.
INC-000077,analytics-pipeline,SEV4,resolved,2025-08-31 17:03:17,2025-08-31 17:27:50.113346390,Incident on analytics-pipeline triggered by an expired credential.,A memory leak introduced in the previous release caused gradual degradation.
INC-000078,customer-portal,SEV3,resolved,2025-04-22 10:11:55,2025-04-22 16:58:29.173733782,Incident on customer-portal triggered by a misconfigured deployment.,A memory leak introduced in the previous release caused gradual degradation.
INC-000079,order-service,SEV4,open,2024-03-11 01:33:59,,Incident on order-service triggered by database connection pool exhaustion.,
INC-000080,inventory-service,SEV3,resolved,2024-05-24 21:12:53,2024-05-25 02:33:20.759138888,Incident on inventory-service triggered by network partition between regions.,Capacity was not scaled ahead of a known traffic event.
INC-000081,customer-portal,SEV2,open,2025-11-20 14:54:28,,Incident on customer-portal triggered by a downstream dependency timeout.,
INC-000082,inventory-service,SEV2,resolved,2024-02-24 11:04:00,2024-02-24 12:22:08.763293724,Incident on inventory-service triggered by a downstream dependency timeout.,A memory leak introduced in the previous release caused gradual degradation.
INC-000083,customer-portal,SEV2,resolved,2024-12-26 23:39:08,2024-12-27 05:53:27.760206878,Incident on customer-portal triggered by a misconfigured deployment.,A memory leak introduced in the previous release caused gradual degradation.
INC-000084,api-gateway,SEV4,mitigated,2024-03-18 07:59:22,2024-03-18 09:16:39.131268688,Incident on api-gateway triggered by an unhandled exception in a new code path.,A memory leak introduced in the previous release caused gradual degradation.
INC-000085,recommendation-engine,SEV4,open,2024-09-26 19:40:42,,Incident on recommendation-engine triggered by database connection pool exhaustion.,
INC-000086,order-service,SEV4,open,2024-12-02 18:41:28,,Incident on order-service triggered by an expired credential.,
INC-000087,notification-service,SEV4,resolved,2024-10-06 11:22:14,2024-10-06 16:34:02.095156016,Incident on notification-service triggered by elevated traffic beyond provisioned capacity.,An upstream dependency exceeded its SLA during a regional failover.
INC-000088,api-gateway,SEV3,resolved,2025-04-05 03:16:33,2025-04-05 07:15:11.608672752,Incident on api-gateway triggered by network partition between regions.,Capacity was not scaled ahead of a known traffic event.
INC-000089,recommendation-engine,SEV4,resolved,2025-12-24 14:25:04,2025-12-24 20:37:59.989375900,Incident on recommendation-engine triggered by a memory leak in a recent release.,A configuration change was deployed without a canary rollout.
INC-000090,order-service,SEV3,mitigated,2025-04-21 22:26:59,2025-04-22 02:59:09.772204016,Incident on order-service triggered by database connection pool exhaustion.,Insufficient connection pool sizing for peak load.
INC-000091,search-service,SEV4,resolved,2024-05-21 12:27:07,2024-05-21 18:11:45.011783728,Incident on search-service triggered by network partition between regions.,An upstream dependency exceeded its SLA during a regional failover.
INC-000092,api-gateway,SEV2,resolved,2024-06-11 18:18:09,2024-06-12 01:14:29.817146892,Incident on api-gateway triggered by a memory leak in a recent release.,A configuration change was deployed without a canary rollout.
INC-000093,customer-portal,SEV3,resolved,2024-01-15 05:54:40,2024-01-15 09:31:10.824622911,Incident on customer-portal triggered by a downstream dependency timeout.,Capacity was not scaled ahead of a known traffic event.
INC-000094,order-service,SEV4,resolved,2024-04-08 12:06:55,2024-04-08 13:57:57.258790414,Incident on order-service triggered by database connection pool exhaustion.,An upstream dependency exceeded its SLA during a regional failover.
INC-000095,api-gateway,SEV1,resolved,2025-03-11 04:18:28,2025-03-11 08:59:18.222795364,Incident on api-gateway triggered by a misconfigured deployment.,A memory leak introduced in the previous release caused gradual degradation.
INC-000096,search-service,SEV4,mitigated,2025-05-30 12:47:43,2025-05-30 20:13:36.854655538,Incident on search-service triggered by database connection pool exhaustion.,Insufficient connection pool sizing for peak load.
INC-000097,billing-engine,SEV4,resolved,2025-05-23 00:49:21,2025-05-23 04:40:18.148565868,Incident on billing-engine triggered by an expired credential.,A credential rotation job failed silently.
INC-000098,customer-portal,SEV4,open,2024-02-23 12:10:52,,Incident on customer-portal triggered by an unhandled exception in a new code path.,
INC-000099,fraud-detection,SEV4,resolved,2024-08-29 06:33:01,2024-08-29 07:39:34.992872374,Incident on fraud-detection triggered by an expired credential.,Insufficient connection pool sizing for peak load.
INC-000100,api-gateway,SEV2,resolved,2024-10-15 14:40:29,2024-10-15 20:43:29.393538098,Incident on api-gateway triggered by an unhandled exception in a new code path.,An upstream dependency exceeded its SLA during a regional failover.
INC-000101,auth-service,SEV3,resolved,2025-03-24 14:07:43,2025-03-24 19:58:56.437423324,Incident on auth-service triggered by an unhandled exception in a new code path.,A configuration change was deployed without a canary rollout.
INC-000102,customer-portal,SEV2,mitigated,2024-08-25 21:27:48,2024-08-26 05:35:39.997083942,Incident on customer-portal triggered by an unhandled exception in a new code path.,Capacity was not scaled ahead of a known traffic event.
INC-000103,billing-engine,SEV4,resolved,2025-01-20 04:55:54,2025-01-20 11:00:56.382329058,Incident on billing-engine triggered by a misconfigured deployment.,Insufficient connection pool sizing for peak load.
INC-000104,inventory-service,SEV4,resolved,2025-08-23 07:55:05,2025-08-23 08:31:54.074449868,Incident on inventory-service triggered by network partition between regions.,A memory leak introduced in the previous release caused gradual degradation.
INC-000105,payment-gateway,SEV3,resolved,2024-02-28 21:05:01,2024-02-29 00:30:23.867073628,Incident on payment-gateway triggered by an unhandled exception in a new code path.,Insufficient connection pool sizing for peak load.
INC-000106,payment-gateway,SEV3,resolved,2024-03-08 04:45:21,2024-03-08 05:15:13.140699012,Incident on payment-gateway triggered by a memory leak in a recent release.,An upstream dependency exceeded its SLA during a regional failover.
INC-000107,shipping-tracker,SEV4,resolved,2024-06-19 04:53:13,2024-06-19 05:11:15.584898136,Incident on shipping-tracker triggered by a downstream dependency timeout.,A credential rotation job failed silently.
INC-000108,auth-service,SEV3,open,2025-01-02 20:32:44,,Incident on auth-service triggered by elevated traffic beyond provisioned capacity.,
INC-000109,payment-gateway,SEV1,resolved,2025-04-09 18:07:45,2025-04-09 19:08:34.192649574,Incident on payment-gateway triggered by a memory leak in a recent release.,A configuration change was deployed without a canary rollout.
INC-000110,analytics-pipeline,SEV2,mitigated,2024-08-16 10:37:21,2024-08-16 19:58:33.762457404,Incident on analytics-pipeline triggered by network partition between regions.,Insufficient connection pool sizing for peak load.
INC-000111,analytics-pipeline,SEV4,mitigated,2025-03-17 19:17:59,2025-03-17 21:05:42.935092880,Incident on analytics-pipeline triggered by an unhandled exception in a new code path.,A credential rotation job failed silently.
INC-000112,search-service,SEV3,resolved,2025-02-07 02:12:44,2025-02-07 10:11:40.107716504,Incident on search-service triggered by elevated traffic beyond provisioned capacity.,A credential rotation job failed silently.
INC-000113,fraud-detection,SEV3,resolved,2024-05-20 02:29:33,2024-05-20 05:59:27.321743808,Incident on fraud-detection triggered by an expired credential.,An upstream dependency exceeded its SLA during a regional failover.
INC-000114,inventory-service,SEV4,open,2024-07-31 01:14:11,,Incident on inventory-service triggered by a misconfigured deployment.,
INC-000115,shipping-tracker,SEV2,mitigated,2024-05-12 23:52:57,2024-05-13 09:45:23.731105680,Incident on shipping-tracker triggered by elevated traffic beyond provisioned capacity.,A memory leak introduced in the previous release caused gradual degradation.
INC-000116,order-service,SEV3,resolved,2024-06-13 09:48:28,2024-06-13 11:01:26.432940268,Incident on order-service triggered by a downstream dependency timeout.,An upstream dependency exceeded its SLA during a regional failover.
INC-000117,recommendation-engine,SEV4,resolved,2025-10-31 16:43:07,2025-10-31 21:23:11.467325074,Incident on recommendation-engine triggered by a misconfigured deployment.,A memory leak introduced in the previous release caused gradual degradation.
INC-000118,search-service,SEV4,resolved,2025-06-06 10:19:54,2025-06-06 17:18:38.633027898,Incident on search-service triggered by a downstream dependency timeout.,A memory leak introduced in the previous release caused gradual degradation.
INC-000119,payment-gateway,SEV4,mitigated,2024-07-11 14:34:26,2024-07-11 22:46:03.305331902,Incident on payment-gateway triggered by a misconfigured deployment.,A memory leak introduced in the previous release caused gradual degradation.
INC-000120,reporting-dashboard,SEV4,resolved,2025-08-26 21:41:10,2025-08-26 23:40:44.245011819,Incident on reporting-dashboard triggered by an expired credential.,A configuration change was deployed without a canary rollout.
INC-000121,api-gateway,SEV2,resolved,2024-01-25 21:47:36,2024-01-26 05:31:31.257705636,Incident on api-gateway triggered by a misconfigured deployment.,A configuration change was deployed without a canary rollout.
INC-000122,search-service,SEV4,resolved,2024-03-21 20:17:36,2024-03-21 21:08:42.362120100,Incident on search-service triggered by a misconfigured deployment.,Capacity was not scaled ahead of a known traffic event.
INC-000123,inventory-service,SEV4,open,2024-03-11 08:33:56,,Incident on inventory-service triggered by a misconfigured deployment.,
INC-000124,customer-portal,SEV1,resolved,2025-10-10 10:16:18,2025-10-10 17:34:25.698685416,Incident on customer-portal triggered by a downstream dependency timeout.,Insufficient connection pool sizing for peak load.
INC-000125,auth-service,SEV4,mitigated,2025-06-23 08:55:40,2025-06-23 14:00:41.986912144,Incident on auth-service triggered by network partition between regions.,A credential rotation job failed silently.
INC-000126,auth-service,SEV3,resolved,2024-12-20 15:36:10,2024-12-20 23:01:00.093106360,Incident on auth-service triggered by a misconfigured deployment.,A configuration change was deployed without a canary rollout.
INC-000127,auth-service,SEV4,resolved,2025-08-16 06:30:31,2025-08-16 15:42:54.683526436,Incident on auth-service triggered by database connection pool exhaustion.,A credential rotation job failed silently.
INC-000128,analytics-pipeline,SEV3,resolved,2024-01-19 09:22:36,2024-01-19 18:26:16.962419610,Incident on analytics-pipeline triggered by elevated traffic beyond provisioned capacity.,A configuration change was deployed without a canary rollout.
INC-000129,customer-portal,SEV2,mitigated,2025-05-25 07:39:25,2025-05-25 09:46:40.107505168,Incident on customer-portal triggered by database connection pool exhaustion.,Insufficient connection pool sizing for peak load.
INC-000130,fraud-detection,SEV2,resolved,2024-08-04 18:23:52,2024-08-05 01:32:57.909360562,Incident on fraud-detection triggered by an unhandled exception in a new code path.,An upstream dependency exceeded its SLA during a regional failover.
INC-000131,warehouse-management,SEV4,resolved,2025-09-02 08:37:04,2025-09-02 13:23:39.809875720,Incident on warehouse-management triggered by elevated traffic beyond provisioned capacity.,A credential rotation job failed silently.
INC-000132,payment-gateway,SEV4,resolved,2024-02-28 18:35:55,2024-02-29 00:57:41.379512410,Incident on payment-gateway triggered by database connection pool exhaustion.,Capacity was not scaled ahead of a known traffic event.
INC-000133,reporting-dashboard,SEV4,resolved,2024-09-27 18:17:50,2024-09-27 20:31:56.499042962,Incident on reporting-dashboard triggered by elevated traffic beyond provisioned capacity.,A credential rotation job failed silently.
INC-000134,order-service,SEV3,resolved,2025-04-18 17:52:59,2025-04-19 02:02:33.735119048,Incident on order-service triggered by a memory leak in a recent release.,A credential rotation job failed silently.
INC-000135,search-service,SEV4,resolved,2024-04-27 01:20:28,2024-04-27 04:49:20.658282634,Incident on search-service triggered by an expired credential.,A memory leak introduced in the previous release caused gradual degradation.
INC-000136,shipping-tracker,SEV3,resolved,2025-02-10 06:15:51,2025-02-10 07:44:21.260352744,Incident on shipping-tracker triggered by network partition between regions.,A memory leak introduced in the previous release caused gradual degradation.
INC-000137,shipping-tracker,SEV2,resolved,2025-09-10 02:06:59,2025-09-10 09:18:44.351219678,Incident on shipping-tracker triggered by elevated traffic beyond provisioned capacity.,A memory leak introduced in the previous release caused gradual degradation.
INC-000138,search-service,SEV3,resolved,2024-12-11 23:54:38,2024-12-12 09:17:37.834549562,Incident on search-service triggered by a misconfigured deployment.,A configuration change was deployed without a canary rollout.
INC-000139,recommendation-engine,SEV4,resolved,2024-01-10 05:17:34,2024-01-10 13:04:11.087894824,Incident on recommendation-engine triggered by elevated traffic beyond provisioned capacity.,A memory leak introduced in the previous release caused gradual degradation.
INC-000140,notification-service,SEV3,resolved,2025-10-14 20:42:38,2025-10-15 01:22:20.229961604,Incident on notification-service triggered by an unhandled exception in a new code path.,A credential rotation job failed silently.
INC-000141,auth-service,SEV1,resolved,2025-12-29 13:10:06,2025-12-29 21:20:03.533799552,Incident on auth-service triggered by a misconfigured deployment.,A configuration change was deployed without a canary rollout.
INC-000142,api-gateway,SEV4,resolved,2025-02-05 19:15:41,2025-02-05 22:51:43.294307378,Incident on api-gateway triggered by a memory leak in a recent release.,A credential rotation job failed silently.
INC-000143,warehouse-management,SEV4,mitigated,2025-07-07 06:12:29,2025-07-07 06:56:19.232955914,Incident on warehouse-management triggered by elevated traffic beyond provisioned capacity.,An upstream dependency exceeded its SLA during a regional failover.
INC-000144,notification-service,SEV4,mitigated,2025-06-10 08:45:29,2025-06-10 11:45:03.488142506,Incident on notification-service triggered by database connection pool exhaustion.,Capacity was not scaled ahead of a known traffic event.
INC-000145,search-service,SEV4,mitigated,2024-10-04 14:55:31,2024-10-04 17:40:32.999857234,Incident on search-service triggered by elevated traffic beyond provisioned capacity.,Capacity was not scaled ahead of a known traffic event.
INC-000146,shipping-tracker,SEV1,resolved,2024-06-11 16:40:33,2024-06-11 20:58:33.161900736,Incident on shipping-tracker triggered by network partition between regions.,Capacity was not scaled ahead of a known traffic event.
INC-000147,api-gateway,SEV2,mitigated,2025-03-30 19:42:19,2025-03-30 22:01:00.820776466,Incident on api-gateway triggered by database connection pool exhaustion.,A configuration change was deployed without a canary rollout.
INC-000148,shipping-tracker,SEV4,resolved,2024-07-06 12:06:34,2024-07-06 14:13:02.694279058,Incident on shipping-tracker triggered by a memory leak in a recent release.,Insufficient connection pool sizing for peak load.
INC-000149,customer-portal,SEV4,resolved,2025-01-30 18:53:40,2025-01-31 00:31:56.863913890,Incident on customer-portal triggered by an expired credential.,An upstream dependency exceeded its SLA during a regional failover.
INC-000150,recommendation-engine,SEV3,mitigated,2024-04-15 20:09:15,2024-04-15 23:05:22.304821608,Incident on recommendation-engine triggered by an expired credential.,A memory leak introduced in the previous release caused gradual degradation.
INC-000151,inventory-service,SEV3,resolved,2024-04-26 20:43:31,2024-04-27 06:31:08.195049460,Incident on inventory-service triggered by an unhandled exception in a new code path.,A memory leak introduced in the previous release caused gradual degradation.
INC-000152,payment-gateway,SEV3,resolved,2025-12-13 05:08:04,2025-12-13 14:11:03.796701220,Incident on payment-gateway triggered by elevated traffic beyond provisioned capacity.,Insufficient connection pool sizing for peak load.
INC-000153,notification-service,SEV4,resolved,2025-12-16 23:13:30,2025-12-17 06:30:36.229574040,Incident on notification-service triggered by a memory leak in a recent release.,A credential rotation job failed silently.
INC-000154,search-service,SEV4,resolved,2025-11-12 04:15:04,2025-11-12 04:30:08.087074660,Incident on search-service triggered by network partition between regions.,Insufficient connection pool sizing for peak load.
INC-000155,warehouse-management,SEV3,resolved,2025-08-11 12:17:12,2025-08-11 14:35:04.625862678,Incident on warehouse-management triggered by a memory leak in a recent release.,Capacity was not scaled ahead of a known traffic event.
INC-000156,recommendation-engine,SEV3,resolved,2024-10-27 04:42:17,2024-10-27 08:35:37.683435884,Incident on recommendation-engine triggered by a misconfigured deployment.,A credential rotation job failed silently.
INC-000157,inventory-service,SEV4,resolved,2025-07-11 00:54:33,2025-07-11 10:07:08.082870324,Incident on inventory-service triggered by an expired credential.,A memory leak introduced in the previous release caused gradual degradation.
INC-000158,payment-gateway,SEV3,resolved,2025-07-08 04:37:31,2025-07-08 09:44:05.605536826,Incident on payment-gateway triggered by an unhandled exception in a new code path.,An upstream dependency exceeded its SLA during a regional failover.
INC-000159,auth-service,SEV4,resolved,2024-05-13 05:34:54,2024-05-13 14:20:05.770432110,Incident on auth-service triggered by elevated traffic beyond provisioned capacity.,A memory leak introduced in the previous release caused gradual degradation.
INC-000160,inventory-service,SEV3,resolved,2025-07-25 23:44:32,2025-07-26 00:52:16.854164174,Incident on inventory-service triggered by elevated traffic beyond provisioned capacity.,A credential rotation job failed silently.
INC-000161,reporting-dashboard,SEV4,mitigated,2024-06-17 10:19:37,2024-06-17 11:45:40.459754956,Incident on reporting-dashboard triggered by a misconfigured deployment.,A configuration change was deployed without a canary rollout.
INC-000162,fraud-detection,SEV2,mitigated,2024-10-21 18:51:40,2024-10-21 19:09:20.588529544,Incident on fraud-detection triggered by a memory leak in a recent release.,Capacity was not scaled ahead of a known traffic event.
INC-000163,warehouse-management,SEV2,resolved,2024-12-29 08:04:36,2024-12-29 09:13:26.581929360,Incident on warehouse-management triggered by a memory leak in a recent release.,A credential rotation job failed silently.
INC-000164,notification-service,SEV4,mitigated,2024-12-03 04:49:34,2024-12-03 06:55:08.024003506,Incident on notification-service triggered by a memory leak in a recent release.,An upstream dependency exceeded its SLA during a regional failover.
INC-000165,shipping-tracker,SEV2,resolved,2024-12-16 10:38:18,2024-12-16 19:33:18.610375824,Incident on shipping-tracker triggered by an unhandled exception in a new code path.,A credential rotation job failed silently.
INC-000166,shipping-tracker,SEV3,mitigated,2025-11-22 20:39:15,2025-11-22 23:19:00.377252256,Incident on shipping-tracker triggered by an expired credential.,Insufficient connection pool sizing for peak load.
INC-000167,billing-engine,SEV4,resolved,2024-01-18 17:32:38,2024-01-19 01:06:23.879973032,Incident on billing-engine triggered by an unhandled exception in a new code path.,Capacity was not scaled ahead of a known traffic event.
INC-000168,payment-gateway,SEV4,resolved,2025-04-23 13:31:36,2025-04-23 13:58:38.692689024,Incident on payment-gateway triggered by elevated traffic beyond provisioned capacity.,Capacity was not scaled ahead of a known traffic event.
INC-000169,warehouse-management,SEV4,mitigated,2024-09-09 20:18:43,2024-09-10 00:37:40.362186772,Incident on warehouse-management triggered by a downstream dependency timeout.,A credential rotation job failed silently.
INC-000170,search-service,SEV2,resolved,2025-02-12 05:42:36,2025-02-12 15:26:49.833197304,Incident on search-service triggered by elevated traffic beyond provisioned capacity.,Capacity was not scaled ahead of a known traffic event.
INC-000171,notification-service,SEV4,resolved,2025-11-06 20:29:36,2025-11-07 04:53:32.038486260,Incident on notification-service triggered by an expired credential.,Capacity was not scaled ahead of a known traffic event.
INC-000172,notification-service,SEV3,resolved,2024-02-10 15:13:40,2024-02-10 18:12:37.403297764,Incident on notification-service triggered by database connection pool exhaustion.,A credential rotation job failed silently.
INC-000173,reporting-dashboard,SEV2,resolved,2024-11-09 20:54:36,2024-11-09 23:33:52.710876168,Incident on reporting-dashboard triggered by an expired credential.,Insufficient connection pool sizing for peak load.
INC-000174,order-service,SEV4,resolved,2024-05-13 08:36:24,2024-05-13 08:55:35.244868620,Incident on order-service triggered by network partition between regions.,Insufficient connection pool sizing for peak load.
INC-000175,order-service,SEV4,resolved,2025-02-13 17:58:34,2025-02-13 20:11:17.954464024,Incident on order-service triggered by a memory leak in a recent release.,A configuration change was deployed without a canary rollout.
INC-000176,recommendation-engine,SEV3,resolved,2024-12-12 02:05:23,2024-12-12 07:06:51.821539712,Incident on recommendation-engine triggered by an expired credential.,A configuration change was deployed without a canary rollout.
INC-000177,warehouse-management,SEV3,mitigated,2024-04-11 00:41:41,2024-04-11 09:24:28.778385152,Incident on warehouse-management triggered by an expired credential.,A memory leak introduced in the previous release caused gradual degradation.
INC-000178,recommendation-engine,SEV4,resolved,2024-06-16 11:03:26,2024-06-16 16:06:27.478929320,Incident on recommendation-engine triggered by a misconfigured deployment.,A configuration change was deployed without a canary rollout.
INC-000179,notification-service,SEV2,resolved,2024-05-06 03:51:16,2024-05-06 05:38:46.912996252,Incident on notification-service triggered by a downstream dependency timeout.,A configuration change was deployed without a canary rollout.
INC-000180,billing-engine,SEV4,resolved,2025-05-22 23:38:04,2025-05-23 06:51:19.227036814,Incident on billing-engine triggered by a memory leak in a recent release.,Capacity was not scaled ahead of a known traffic event.
INC-000181,customer-portal,SEV4,mitigated,2025-07-22 18:04:44,2025-07-23 00:57:04.211658476,Incident on customer-portal triggered by a downstream dependency timeout.,A configuration change was deployed without a canary rollout.
INC-000182,shipping-tracker,SEV3,resolved,2025-06-21 13:20:54,2025-06-21 22:14:36.457255266,Incident on shipping-tracker triggered by elevated traffic beyond provisioned capacity.,An upstream dependency exceeded its SLA during a regional failover.
INC-000183,search-service,SEV4,resolved,2024-04-02 19:40:33,2024-04-03 02:08:47.430479286,Incident on search-service triggered by database connection pool exhaustion.,A configuration change was deployed without a canary rollout.
INC-000184,billing-engine,SEV4,resolved,2025-04-22 11:58:28,2025-04-22 20:54:02.216887684,Incident on billing-engine triggered by database connection pool exhaustion.,Capacity was not scaled ahead of a known traffic event.
INC-000185,fraud-detection,SEV3,resolved,2024-05-08 11:47:06,2024-05-08 13:52:55.509220926,Incident on fraud-detection triggered by elevated traffic beyond provisioned capacity.,A credential rotation job failed silently.
INC-000186,payment-gateway,SEV2,resolved,2025-03-26 13:56:04,2025-03-26 17:40:19.737290553,Incident on payment-gateway triggered by elevated traffic beyond provisioned capacity.,A memory leak introduced in the previous release caused gradual degradation.
INC-000187,payment-gateway,SEV2,resolved,2025-04-18 01:56:35,2025-04-18 05:06:52.724381936,Incident on payment-gateway triggered by an expired credential.,Capacity was not scaled ahead of a known traffic event.
INC-000188,fraud-detection,SEV4,resolved,2024-09-29 16:47:45,2024-09-29 23:58:54.502086240,Incident on fraud-detection triggered by database connection pool exhaustion.,A configuration change was deployed without a canary rollout.
INC-000189,recommendation-engine,SEV3,mitigated,2024-07-11 12:19:30,2024-07-11 17:13:22.195307322,Incident on recommendation-engine triggered by an unhandled exception in a new code path.,Insufficient connection pool sizing for peak load.
INC-000190,customer-portal,SEV2,mitigated,2024-03-28 00:38:47,2024-03-28 02:00:33.142333028,Incident on customer-portal triggered by a misconfigured deployment.,An upstream dependency exceeded its SLA during a regional failover.
INC-000191,shipping-tracker,SEV4,resolved,2025-05-12 06:17:17,2025-05-12 15:04:24.834194252,Incident on shipping-tracker triggered by network partition between regions.,Capacity was not scaled ahead of a known traffic event.
INC-000192,warehouse-management,SEV1,resolved,2025-05-14 11:21:18,2025-05-14 17:04:28.969026978,Incident on warehouse-management triggered by a downstream dependency timeout.,A credential rotation job failed silently.
INC-000193,customer-portal,SEV2,resolved,2025-10-28 18:45:07,2025-10-29 00:13:01.328678302,Incident on customer-portal triggered by an unhandled exception in a new code path.,Insufficient connection pool sizing for peak load.
INC-000194,recommendation-engine,SEV4,mitigated,2025-05-11 17:12:54,2025-05-12 02:17:05.634352830,Incident on recommendation-engine triggered by an expired credential.,An upstream dependency exceeded its SLA during a regional failover.
INC-000195,order-service,SEV4,resolved,2025-05-21 13:24:45,2025-05-21 21:49:32.649862092,Incident on order-service triggered by network partition between regions.,A configuration change was deployed without a canary rollout.
INC-000196,customer-portal,SEV4,resolved,2024-06-13 12:15:43,2024-06-13 13:23:16.656466186,Incident on customer-portal triggered by a downstream dependency timeout.,Capacity was not scaled ahead of a known traffic event.
INC-000197,payment-gateway,SEV4,open,2024-04-21 19:18:52,,Incident on payment-gateway triggered by network partition between regions.,
INC-000198,recommendation-engine,SEV3,resolved,2025-10-06 01:35:47,2025-10-06 03:20:21.795019124,Incident on recommendation-engine triggered by database connection pool exhaustion.,A configuration change was deployed without a canary rollout.
INC-000199,notification-service,SEV2,resolved,2025-06-15 18:30:51,2025-06-15 18:51:23.661804528,Incident on notification-service triggered by a downstream dependency timeout.,A memory leak introduced in the previous release caused gradual degradation.
INC-000200,reporting-dashboard,SEV4,resolved,2025-11-11 20:06:44,2025-11-11 23:26:21.886182614,Incident on reporting-dashboard triggered by elevated traffic beyond provisioned capacity.,A memory leak introduced in the previous release caused gradual degradation.
INC-000201,warehouse-management,SEV4,resolved,2025-07-26 00:06:40,2025-07-26 09:40:08.677246192,Incident on warehouse-management triggered by an expired credential.,Capacity was not scaled ahead of a known traffic event.
INC-000202,fraud-detection,SEV4,resolved,2025-11-10 15:12:10,2025-11-10 21:49:10.281026608,Incident on fraud-detection triggered by an unhandled exception in a new code path.,An upstream dependency exceeded its SLA during a regional failover.
INC-000203,fraud-detection,SEV2,mitigated,2024-01-08 14:37:52,2024-01-08 23:57:54.759256210,Incident on fraud-detection triggered by a memory leak in a recent release.,Capacity was not scaled ahead of a known traffic event.
INC-000204,shipping-tracker,SEV4,open,2025-01-04 04:41:33,,Incident on shipping-tracker triggered by network partition between regions.,
INC-000205,reporting-dashboard,SEV3,resolved,2025-10-06 04:37:57,2025-10-06 07:46:34.841507208,Incident on reporting-dashboard triggered by an expired credential.,An upstream dependency exceeded its SLA during a regional failover.
INC-000206,warehouse-management,SEV4,resolved,2025-05-21 13:54:06,2025-05-21 20:20:30.335559708,Incident on warehouse-management triggered by an expired credential.,Insufficient connection pool sizing for peak load.
INC-000207,reporting-dashboard,SEV4,resolved,2024-03-09 14:46:20,2024-03-09 19:32:31.925334500,Incident on reporting-dashboard triggered by an expired credential.,Capacity was not scaled ahead of a known traffic event.
INC-000208,billing-engine,SEV3,resolved,2024-06-29 08:07:02,2024-06-29 13:24:35.663092027,Incident on billing-engine triggered by network partition between regions.,An upstream dependency exceeded its SLA during a regional failover.
INC-000209,order-service,SEV4,resolved,2024-09-21 03:07:50,2024-09-21 05:44:00.154070270,Incident on order-service triggered by network partition between regions.,Capacity was not scaled ahead of a known traffic event.
INC-000210,recommendation-engine,SEV4,resolved,2024-11-27 16:47:10,2024-11-28 01:41:23.402527462,Incident on recommendation-engine triggered by elevated traffic beyond provisioned capacity.,Insufficient connection pool sizing for peak load.
INC-000211,fraud-detection,SEV4,mitigated,2024-07-13 20:49:30,2024-07-14 01:08:11.473160628,Incident on fraud-detection triggered by database connection pool exhaustion.,A memory leak introduced in the previous release caused gradual degradation.
INC-000212,billing-engine,SEV4,resolved,2025-03-22 05:39:00,2025-03-22 13:22:49.392426762,Incident on billing-engine triggered by database connection pool exhaustion.,An upstream dependency exceeded its SLA during a regional failover.
INC-000213,recommendation-engine,SEV4,open,2024-10-31 07:32:11,,Incident on recommendation-engine triggered by a memory leak in a recent release.,
INC-000214,billing-engine,SEV1,mitigated,2025-04-20 17:22:32,2025-04-20 22:10:44.363751284,Incident on billing-engine triggered by elevated traffic beyond provisioned capacity.,A configuration change was deployed without a canary rollout.
INC-000215,warehouse-management,SEV3,open,2025-06-13 11:23:20,,Incident on warehouse-management triggered by an unhandled exception in a new code path.,
INC-000216,reporting-dashboard,SEV4,resolved,2024-02-08 12:24:50,2024-02-08 21:25:16.401409274,Incident on reporting-dashboard triggered by a downstream dependency timeout.,Insufficient connection pool sizing for peak load.
INC-000217,search-service,SEV2,resolved,2025-08-29 10:08:06,2025-08-29 10:56:21.807560418,Incident on search-service triggered by elevated traffic beyond provisioned capacity.,A configuration change was deployed without a canary rollout.
INC-000218,warehouse-management,SEV2,mitigated,2025-02-15 20:38:54,2025-02-16 04:23:11.869784772,Incident on warehouse-management triggered by an unhandled exception in a new code path.,A credential rotation job failed silently.
INC-000219,shipping-tracker,SEV4,resolved,2025-12-04 14:31:00,2025-12-04 20:25:20.944249992,Incident on shipping-tracker triggered by network partition between regions.,Capacity was not scaled ahead of a known traffic event.
INC-000220,notification-service,SEV4,resolved,2025-06-24 05:49:25,2025-06-24 10:14:33.927168988,Incident on notification-service triggered by database connection pool exhaustion.,Insufficient connection pool sizing for peak load.
INC-000221,fraud-detection,SEV3,mitigated,2024-11-15 03:54:36,2024-11-15 04:46:56.030641644,Incident on fraud-detection triggered by a downstream dependency timeout.,Capacity was not scaled ahead of a known traffic event.
INC-000222,customer-portal,SEV4,resolved,2024-04-17 04:16:24,2024-04-17 12:12:22.250170722,Incident on customer-portal triggered by an expired credential.,Capacity was not scaled ahead of a known traffic event.
INC-000223,recommendation-engine,SEV4,open,2025-09-21 09:37:48,,Incident on recommendation-engine triggered by a misconfigured deployment.,
INC-000224,customer-portal,SEV3,resolved,2025-08-04 13:30:03,2025-08-04 21:41:39.942223290,Incident on customer-portal triggered by elevated traffic beyond provisioned capacity.,A configuration change was deployed without a canary rollout.
INC-000225,recommendation-engine,SEV4,resolved,2024-10-26 05:48:59,2024-10-26 06:13:28.428163730,Incident on recommendation-engine triggered by an unhandled exception in a new code path.,A credential rotation job failed silently.
INC-000226,inventory-service,SEV2,resolved,2024-09-24 10:25:47,2024-09-24 12:25:46.756537058,Incident on inventory-service triggered by database connection pool exhaustion.,Capacity was not scaled ahead of a known traffic event.
INC-000227,billing-engine,SEV3,resolved,2025-12-03 06:47:46,2025-12-03 07:19:06.635617966,Incident on billing-engine triggered by database connection pool exhaustion.,A memory leak introduced in the previous release caused gradual degradation.
INC-000228,payment-gateway,SEV4,resolved,2025-12-20 17:52:29,2025-12-21 00:34:36.965329946,Incident on payment-gateway triggered by an expired credential.,Insufficient connection pool sizing for peak load.
INC-000229,auth-service,SEV3,resolved,2025-10-31 02:08:32,2025-10-31 06:08:18.571857788,Incident on auth-service triggered by a misconfigured deployment.,An upstream dependency exceeded its SLA during a regional failover.
INC-000230,shipping-tracker,SEV2,resolved,2025-08-04 14:09:17,2025-08-04 21:27:09.822394442,Incident on shipping-tracker triggered by a misconfigured deployment.,Capacity was not scaled ahead of a known traffic event.
INC-000231,customer-portal,SEV2,resolved,2024-12-01 09:40:23,2024-12-01 15:16:14.076932138,Incident on customer-portal triggered by a misconfigured deployment.,Insufficient connection pool sizing for peak load.
INC-000232,reporting-dashboard,SEV2,resolved,2025-04-10 14:25:21,2025-04-10 23:32:16.719120846,Incident on reporting-dashboard triggered by a downstream dependency timeout.,A credential rotation job failed silently.
INC-000233,order-service,SEV4,resolved,2025-07-25 16:29:29,2025-07-25 19:18:23.239828634,Incident on order-service triggered by an expired credential.,Capacity was not scaled ahead of a known traffic event.
INC-000234,shipping-tracker,SEV2,resolved,2024-12-27 04:14:22,2024-12-27 13:38:31.417146286,Incident on shipping-tracker triggered by an expired credential.,Insufficient connection pool sizing for peak load.
INC-000235,reporting-dashboard,SEV3,open,2024-08-03 01:07:45,,Incident on reporting-dashboard triggered by network partition between regions.,
INC-000236,reporting-dashboard,SEV4,mitigated,2025-05-25 11:37:41,2025-05-25 13:33:56.396645252,Incident on reporting-dashboard triggered by an unhandled exception in a new code path.,A memory leak introduced in the previous release caused gradual degradation.
INC-000237,order-service,SEV4,resolved,2024-10-25 10:26:09,2024-10-25 18:22:02.960455320,Incident on order-service triggered by a memory leak in a recent release.,A configuration change was deployed without a canary rollout.
INC-000238,inventory-service,SEV4,resolved,2024-11-18 21:39:54,2024-11-19 06:33:04.327482510,Incident on inventory-service triggered by network partition between regions.,A configuration change was deployed without a canary rollout.
INC-000239,api-gateway,SEV3,resolved,2024-05-06 19:15:24,2024-05-07 04:45:33.498297678,Incident on api-gateway triggered by a misconfigured deployment.,A memory leak introduced in the previous release caused gradual degradation.
INC-000240,warehouse-management,SEV3,resolved,2025-04-28 17:44:32,2025-04-28 19:35:57.403982468,Incident on warehouse-management triggered by a memory leak in a recent release.,A credential rotation job failed silently.
INC-000241,order-service,SEV4,open,2025-08-22 11:58:22,,Incident on order-service triggered by network partition between regions.,
INC-000242,payment-gateway,SEV4,mitigated,2025-06-03 08:31:29,2025-06-03 18:22:19.392698552,Incident on payment-gateway triggered by an expired credential.,An upstream dependency exceeded its SLA during a regional failover.
INC-000243,shipping-tracker,SEV3,resolved,2024-11-06 16:15:04,2024-11-07 00:45:39.902704366,Incident on shipping-tracker triggered by network partition between regions.,Capacity was not scaled ahead of a known traffic event.
INC-000244,inventory-service,SEV2,resolved,2025-04-25 14:23:37,2025-04-25 17:29:25.904423776,Incident on inventory-service triggered by a downstream dependency timeout.,A memory leak introduced in the previous release caused gradual degradation.
INC-000245,analytics-pipeline,SEV4,resolved,2025-11-07 20:31:22,2025-11-07 21:18:35.342254348,Incident on analytics-pipeline triggered by a misconfigured deployment.,An upstream dependency exceeded its SLA during a regional failover.
INC-000246,recommendation-engine,SEV2,resolved,2025-01-04 10:55:52,2025-01-04 17:11:14.703284512,Incident on recommendation-engine triggered by an expired credential.,An upstream dependency exceeded its SLA during a regional failover.
INC-000247,auth-service,SEV2,resolved,2025-08-17 05:12:59,2025-08-17 15:07:33.537494918,Incident on auth-service triggered by database connection pool exhaustion.,A memory leak introduced in the previous release caused gradual degradation.
INC-000248,reporting-dashboard,SEV4,mitigated,2025-05-30 00:32:37,2025-05-30 07:43:47.803424044,Incident on reporting-dashboard triggered by a misconfigured deployment.,An upstream dependency exceeded its SLA during a regional failover.
INC-000249,recommendation-engine,SEV3,mitigated,2025-02-03 21:51:03,2025-02-04 02:19:00.550734858,Incident on recommendation-engine triggered by network partition between regions.,A configuration change was deployed without a canary rollout.
INC-000250,order-service,SEV4,resolved,2025-05-21 13:48:22,2025-05-21 14:17:49.884507946,Incident on order-service triggered by a downstream dependency timeout.,A credential rotation job failed silently.
INC-000251,inventory-service,SEV4,resolved,2025-01-09 20:18:33,2025-01-10 02:20:21.348299268,Incident on inventory-service triggered by database connection pool exhaustion.,A configuration change was deployed without a canary rollout.
INC-000252,notification-service,SEV2,resolved,2024-07-14 15:00:51,2024-07-14 19:31:14.291997804,Incident on notification-service triggered by network partition between regions.,Capacity was not scaled ahead of a known traffic event.
INC-000253,auth-service,SEV4,resolved,2025-10-09 03:21:34,2025-10-09 08:33:28.517676100,Incident on auth-service triggered by a downstream dependency timeout.,An upstream dependency exceeded its SLA during a regional failover.
INC-000254,shipping-tracker,SEV4,open,2025-03-03 12:06:58,,Incident on shipping-tracker triggered by an expired credential.,
INC-000255,customer-portal,SEV4,resolved,2025-12-25 00:19:28,2025-12-25 09:34:11.358319942,Incident on customer-portal triggered by an unhandled exception in a new code path.,A memory leak introduced in the previous release caused gradual degradation.
INC-000256,notification-service,SEV3,resolved,2025-03-02 12:11:29,2025-03-02 21:45:54.558748352,Incident on notification-service triggered by database connection pool exhaustion.,Capacity was not scaled ahead of a known traffic event.
INC-000257,api-gateway,SEV2,resolved,2024-03-21 06:52:27,2024-03-21 15:41:09.081226854,Incident on api-gateway triggered by a downstream dependency timeout.,A configuration change was deployed without a canary rollout.
INC-000258,order-service,SEV2,resolved,2024-01-19 20:50:41,2024-01-20 05:58:10.801687940,Incident on order-service triggered by an unhandled exception in a new code path.,A credential rotation job failed silently.
INC-000259,shipping-tracker,SEV4,resolved,2024-11-13 06:01:51,2024-11-13 08:28:47.837589912,Incident on shipping-tracker triggered by database connection pool exhaustion.,An upstream dependency exceeded its SLA during a regional failover.
INC-000260,warehouse-management,SEV4,mitigated,2025-09-15 09:29:49,2025-09-15 17:16:41.138287696,Incident on warehouse-management triggered by a downstream dependency timeout.,Capacity was not scaled ahead of a known traffic event.
INC-000261,order-service,SEV4,resolved,2024-02-23 23:16:49,2024-02-24 05:45:05.012868598,Incident on order-service triggered by database connection pool exhaustion.,Insufficient connection pool sizing for peak load.
INC-000262,warehouse-management,SEV2,mitigated,2024-11-30 19:56:13,2024-12-01 03:59:33.578186986,Incident on warehouse-management triggered by network partition between regions.,Capacity was not scaled ahead of a known traffic event.
INC-000263,analytics-pipeline,SEV4,open,2024-08-19 18:33:06,,Incident on analytics-pipeline triggered by a downstream dependency timeout.,
INC-000264,payment-gateway,SEV4,resolved,2025-04-11 06:00:09,2025-04-11 14:53:27.297904074,Incident on payment-gateway triggered by database connection pool exhaustion.,An upstream dependency exceeded its SLA during a regional failover.
INC-000265,reporting-dashboard,SEV4,mitigated,2024-10-07 09:09:22,2024-10-07 16:34:04.726937584,Incident on reporting-dashboard triggered by a misconfigured deployment.,An upstream dependency exceeded its SLA during a regional failover.
INC-000266,inventory-service,SEV4,open,2024-06-28 06:41:58,,Incident on inventory-service triggered by an expired credential.,
INC-000267,notification-service,SEV1,resolved,2025-01-28 23:43:25,2025-01-29 04:10:09.179867800,Incident on notification-service triggered by a misconfigured deployment.,A memory leak introduced in the previous release caused gradual degradation.
INC-000268,auth-service,SEV2,mitigated,2024-07-15 21:15:41,2024-07-16 02:55:43.812071042,Incident on auth-service triggered by database connection pool exhaustion.,A configuration change was deployed without a canary rollout.
INC-000269,notification-service,SEV4,resolved,2024-09-06 08:49:34,2024-09-06 14:02:31.057227598,Incident on notification-service triggered by elevated traffic beyond provisioned capacity.,A credential rotation job failed silently.
INC-000270,api-gateway,SEV4,resolved,2025-05-02 13:26:40,2025-05-02 19:17:57.043850524,Incident on api-gateway triggered by database connection pool exhaustion.,A credential rotation job failed silently.
INC-000271,search-service,SEV4,resolved,2025-03-23 18:08:58,2025-03-24 04:08:15.841644772,Incident on search-service triggered by network partition between regions.,A memory leak introduced in the previous release caused gradual degradation.
INC-000272,customer-portal,SEV3,open,2025-08-27 18:25:45,,Incident on customer-portal triggered by network partition between regions.,
INC-000273,customer-portal,SEV4,resolved,2024-06-03 20:10:23,2024-06-04 04:34:14.606824754,Incident on customer-portal triggered by a downstream dependency timeout.,A credential rotation job failed silently.
INC-000274,analytics-pipeline,SEV4,open,2024-04-22 00:02:25,,Incident on analytics-pipeline triggered by database connection pool exhaustion.,
INC-000275,analytics-pipeline,SEV3,resolved,2024-06-08 02:15:18,2024-06-08 02:59:03.677389578,Incident on analytics-pipeline triggered by an expired credential.,A memory leak introduced in the previous release caused gradual degradation.
INC-000276,search-service,SEV4,resolved,2025-07-19 11:00:49,2025-07-19 17:03:45.911635504,Incident on search-service triggered by an unhandled exception in a new code path.,Capacity was not scaled ahead of a known traffic event.
INC-000277,fraud-detection,SEV3,resolved,2024-03-08 03:56:25,2024-03-08 06:00:03.557176564,Incident on fraud-detection triggered by a memory leak in a recent release.,A memory leak introduced in the previous release caused gradual degradation.
INC-000278,billing-engine,SEV2,resolved,2025-05-24 04:51:02,2025-05-24 08:38:51.228972476,Incident on billing-engine triggered by network partition between regions.,Capacity was not scaled ahead of a known traffic event.
INC-000279,warehouse-management,SEV4,resolved,2024-04-25 00:04:49,2024-04-25 01:28:40.673335732,Incident on warehouse-management triggered by database connection pool exhaustion.,A credential rotation job failed silently.
INC-000280,auth-service,SEV4,open,2024-06-04 10:37:26,,Incident on auth-service triggered by an expired credential.,
INC-000281,api-gateway,SEV4,resolved,2025-04-16 17:53:52,2025-04-16 20:51:05.813251660,Incident on api-gateway triggered by a downstream dependency timeout.,Capacity was not scaled ahead of a known traffic event.
INC-000282,notification-service,SEV4,open,2025-12-30 13:12:35,,Incident on notification-service triggered by network partition between regions.,
INC-000283,analytics-pipeline,SEV4,resolved,2024-09-06 15:51:50,2024-09-06 19:54:03.195140336,Incident on analytics-pipeline triggered by elevated traffic beyond provisioned capacity.,An upstream dependency exceeded its SLA during a regional failover.
INC-000284,payment-gateway,SEV2,resolved,2024-08-07 07:25:02,2024-08-07 14:26:09.775936886,Incident on payment-gateway triggered by database connection pool exhaustion.,A configuration change was deployed without a canary rollout.
INC-000285,auth-service,SEV4,resolved,2024-05-20 09:52:19,2024-05-20 12:03:12.081928444,Incident on auth-service triggered by network partition between regions.,A configuration change was deployed without a canary rollout.
INC-000286,analytics-pipeline,SEV3,resolved,2025-12-29 14:15:05,2025-12-29 18:46:06.722313122,Incident on analytics-pipeline triggered by an expired credential.,A credential rotation job failed silently.
INC-000287,shipping-tracker,SEV4,resolved,2025-07-15 08:06:46,2025-07-15 11:43:54.540369868,Incident on shipping-tracker triggered by a downstream dependency timeout.,An upstream dependency exceeded its SLA during a regional failover.
INC-000288,api-gateway,SEV3,resolved,2024-07-09 12:39:53,2024-07-09 21:08:34.527394754,Incident on api-gateway triggered by a misconfigured deployment.,An upstream dependency exceeded its SLA during a regional failover.
INC-000289,notification-service,SEV3,resolved,2024-03-06 11:15:58,2024-03-06 17:53:01.876789828,Incident on notification-service triggered by a misconfigured deployment.,A memory leak introduced in the previous release caused gradual degradation.
INC-000290,warehouse-management,SEV1,resolved,2025-12-11 11:36:09,2025-12-11 15:34:37.240424382,Incident on warehouse-management triggered by network partition between regions.,Insufficient connection pool sizing for peak load.
INC-000291,warehouse-management,SEV4,resolved,2024-02-21 14:11:16,2024-02-21 19:34:23.962536832,Incident on warehouse-management triggered by an expired credential.,Capacity was not scaled ahead of a known traffic event.
INC-000292,payment-gateway,SEV3,resolved,2025-12-11 09:49:18,2025-12-11 18:42:35.606224638,Incident on payment-gateway triggered by an unhandled exception in a new code path.,A configuration change was deployed without a canary rollout.
INC-000293,search-service,SEV4,mitigated,2025-12-28 05:33:31,2025-12-28 06:28:23.431117930,Incident on search-service triggered by elevated traffic beyond provisioned capacity.,A configuration change was deployed without a canary rollout.
INC-000294,shipping-tracker,SEV1,resolved,2024-07-25 23:40:24,2024-07-26 00:06:27.705104610,Incident on shipping-tracker triggered by an unhandled exception in a new code path.,Insufficient connection pool sizing for peak load.
INC-000295,recommendation-engine,SEV3,open,2025-06-02 01:02:43,,Incident on recommendation-engine triggered by a misconfigured deployment.,
INC-000296,billing-engine,SEV4,resolved,2025-08-05 05:41:12,2025-08-05 08:49:49.040786148,Incident on billing-engine triggered by a downstream dependency timeout.,Capacity was not scaled ahead of a known traffic event.
INC-000297,customer-portal,SEV3,open,2025-07-31 15:10:30,,Incident on customer-portal triggered by a downstream dependency timeout.,
INC-000298,search-service,SEV2,resolved,2024-11-05 15:57:40,2024-11-05 20:14:08.356079356,Incident on search-service triggered by a misconfigured deployment.,A configuration change was deployed without a canary rollout.
INC-000299,warehouse-management,SEV3,mitigated,2025-12-08 11:49:36,2025-12-08 17:36:38.163378912,Incident on warehouse-management triggered by a downstream dependency timeout.,A memory leak introduced in the previous release caused gradual degradation.
INC-000300,auth-service,SEV3,open,2025-11-21 23:27:47,,Incident on auth-service triggered by an unhandled exception in a new code path.,
INC-000301,shipping-tracker,SEV1,resolved,2025-10-14 23:28:56,2025-10-15 04:02:13.034993953,Incident on shipping-tracker triggered by elevated traffic beyond provisioned capacity.,A memory leak introduced in the previous release caused gradual degradation.
INC-000302,payment-gateway,SEV3,mitigated,2025-06-06 14:31:35,2025-06-06 15:16:58.077207182,Incident on payment-gateway triggered by a memory leak in a recent release.,Insufficient connection pool sizing for peak load.
INC-000303,customer-portal,SEV1,mitigated,2024-03-13 08:16:13,2024-03-13 17:08:05.470395598,Incident on customer-portal triggered by database connection pool exhaustion.,Capacity was not scaled ahead of a known traffic event.
INC-000304,search-service,SEV2,open,2025-02-11 22:55:22,,Incident on search-service triggered by database connection pool exhaustion.,
INC-000305,analytics-pipeline,SEV3,resolved,2025-12-20 04:17:44,2025-12-20 11:18:00.202495172,Incident on analytics-pipeline triggered by network partition between regions.,A configuration change was deployed without a canary rollout.
INC-000306,auth-service,SEV3,resolved,2025-03-31 23:06:08,2025-04-01 08:49:51.112630358,Incident on auth-service triggered by network partition between regions.,A configuration change was deployed without a canary rollout.
INC-000307,recommendation-engine,SEV4,resolved,2025-10-22 18:54:10,2025-10-23 02:50:08.824229140,Incident on recommendation-engine triggered by an expired credential.,A configuration change was deployed without a canary rollout.
INC-000308,api-gateway,SEV3,mitigated,2024-07-04 10:45:45,2024-07-04 15:21:18.420338118,Incident on api-gateway triggered by an expired credential.,A configuration change was deployed without a canary rollout.
INC-000309,reporting-dashboard,SEV4,open,2025-04-08 03:33:40,,Incident on reporting-dashboard triggered by network partition between regions.,
INC-000310,payment-gateway,SEV4,resolved,2025-10-01 12:01:08,2025-10-01 19:14:35.799949268,Incident on payment-gateway triggered by a misconfigured deployment.,Capacity was not scaled ahead of a known traffic event.
INC-000311,order-service,SEV3,resolved,2024-01-07 10:25:53,2024-01-07 15:28:43.920906284,Incident on order-service triggered by a downstream dependency timeout.,A memory leak introduced in the previous release caused gradual degradation.
INC-000312,notification-service,SEV4,resolved,2025-01-20 06:32:54,2025-01-20 07:17:27.675263196,Incident on notification-service triggered by a memory leak in a recent release.,An upstream dependency exceeded its SLA during a regional failover.
INC-000313,fraud-detection,SEV4,open,2024-05-15 14:33:29,,Incident on fraud-detection triggered by a downstream dependency timeout.,
INC-000314,order-service,SEV1,resolved,2025-12-24 23:37:12,2025-12-25 04:56:32.558502048,Incident on order-service triggered by a misconfigured deployment.,Insufficient connection pool sizing for peak load.
INC-000315,warehouse-management,SEV4,resolved,2024-01-25 12:41:00,2024-01-25 19:11:15.647488374,Incident on warehouse-management triggered by an expired credential.,A memory leak introduced in the previous release caused gradual degradation.
INC-000316,recommendation-engine,SEV4,resolved,2025-01-04 15:28:19,2025-01-05 00:40:00.480439156,Incident on recommendation-engine triggered by elevated traffic beyond provisioned capacity.,An upstream dependency exceeded its SLA during a regional failover.
INC-000317,reporting-dashboard,SEV4,resolved,2024-11-01 19:25:18,2024-11-02 01:58:46.493953806,Incident on reporting-dashboard triggered by a memory leak in a recent release.,A credential rotation job failed silently.
INC-000318,search-service,SEV4,resolved,2024-07-23 00:42:03,2024-07-23 09:53:08.234292570,Incident on search-service triggered by database connection pool exhaustion.,Insufficient connection pool sizing for peak load.
INC-000319,reporting-dashboard,SEV3,resolved,2025-07-24 17:57:15,2025-07-25 03:26:30.331667916,Incident on reporting-dashboard triggered by an expired credential.,An upstream dependency exceeded its SLA during a regional failover.
INC-000320,payment-gateway,SEV2,resolved,2025-04-03 16:26:50,2025-04-03 22:11:36.071785340,Incident on payment-gateway triggered by an unhandled exception in a new code path.,An upstream dependency exceeded its SLA during a regional failover.
INC-000321,search-service,SEV3,resolved,2024-07-11 08:27:47,2024-07-11 12:33:30.470251346,Incident on search-service triggered by a downstream dependency timeout.,Capacity was not scaled ahead of a known traffic event.
INC-000322,search-service,SEV3,resolved,2025-03-20 23:52:14,2025-03-21 09:06:02.731949984,Incident on search-service triggered by a memory leak in a recent release.,A credential rotation job failed silently.
INC-000323,fraud-detection,SEV4,open,2024-02-01 09:55:07,,Incident on fraud-detection triggered by network partition between regions.,
INC-000324,warehouse-management,SEV2,resolved,2025-04-05 22:47:04,2025-04-06 00:50:09.374019328,Incident on warehouse-management triggered by an expired credential.,An upstream dependency exceeded its SLA during a regional failover.
INC-000325,auth-service,SEV4,mitigated,2025-08-17 00:31:52,2025-08-17 03:12:35.924069056,Incident on auth-service triggered by elevated traffic beyond provisioned capacity.,A memory leak introduced in the previous release caused gradual degradation.
INC-000326,warehouse-management,SEV2,resolved,2025-08-12 13:50:38,2025-08-12 20:36:09.361234220,Incident on warehouse-management triggered by elevated traffic beyond provisioned capacity.,An upstream dependency exceeded its SLA during a regional failover.
INC-000327,analytics-pipeline,SEV4,resolved,2025-08-11 16:35:03,2025-08-12 02:27:54.859521474,Incident on analytics-pipeline triggered by a downstream dependency timeout.,Capacity was not scaled ahead of a known traffic event.
INC-000328,fraud-detection,SEV4,resolved,2024-11-05 03:55:12,2024-11-05 05:32:48.430860624,Incident on fraud-detection triggered by database connection pool exhaustion.,A credential rotation job failed silently.
INC-000329,recommendation-engine,SEV4,resolved,2024-07-28 02:29:42,2024-07-28 06:34:13.471452576,Incident on recommendation-engine triggered by an unhandled exception in a new code path.,An upstream dependency exceeded its SLA during a regional failover.
INC-000330,billing-engine,SEV4,resolved,2025-12-12 11:37:54,2025-12-12 20:07:03.491779782,Incident on billing-engine triggered by a misconfigured deployment.,Capacity was not scaled ahead of a known traffic event.
INC-000331,billing-engine,SEV3,resolved,2025-11-19 12:24:22,2025-11-19 14:37:15.238446544,Incident on billing-engine triggered by network partition between regions.,Insufficient connection pool sizing for peak load.
INC-000332,search-service,SEV3,resolved,2025-02-27 12:28:13,2025-02-27 19:30:45.512061376,Incident on search-service triggered by an unhandled exception in a new code path.,A configuration change was deployed without a canary rollout.
INC-000333,shipping-tracker,SEV4,resolved,2025-07-17 15:07:51,2025-07-17 18:30:10.428382062,Incident on shipping-tracker triggered by a downstream dependency timeout.,An upstream dependency exceeded its SLA during a regional failover.
INC-000334,customer-portal,SEV4,resolved,2025-05-14 02:16:02,2025-05-14 05:10:05.011820186,Incident on customer-portal triggered by an expired credential.,A credential rotation job failed silently.
INC-000335,customer-portal,SEV3,resolved,2025-09-04 08:47:51,2025-09-04 15:16:58.363125690,Incident on customer-portal triggered by a downstream dependency timeout.,A credential rotation job failed silently.
INC-000336,search-service,SEV3,resolved,2024-12-06 15:19:12,2024-12-06 21:04:15.312177906,Incident on search-service triggered by network partition between regions.,An upstream dependency exceeded its SLA during a regional failover.
INC-000337,recommendation-engine,SEV4,resolved,2024-10-08 12:46:01,2024-10-08 20:33:17.059165966,Incident on recommendation-engine triggered by an unhandled exception in a new code path.,An upstream dependency exceeded its SLA during a regional failover.
INC-000338,billing-engine,SEV4,resolved,2024-09-15 12:47:45,2024-09-15 14:55:02.794754580,Incident on billing-engine triggered by an unhandled exception in a new code path.,A configuration change was deployed without a canary rollout.
INC-000339,auth-service,SEV1,open,2024-10-30 12:45:45,,Incident on auth-service triggered by an unhandled exception in a new code path.,
INC-000340,auth-service,SEV4,mitigated,2024-04-13 00:47:05,2024-04-13 03:11:52.329830318,Incident on auth-service triggered by elevated traffic beyond provisioned capacity.,An upstream dependency exceeded its SLA during a regional failover.
INC-000341,api-gateway,SEV3,resolved,2025-12-11 13:07:16,2025-12-11 18:21:18.020595940,Incident on api-gateway triggered by an unhandled exception in a new code path.,A credential rotation job failed silently.
INC-000342,inventory-service,SEV2,resolved,2024-04-21 02:54:56,2024-04-21 09:42:44.221947008,Incident on inventory-service triggered by a memory leak in a recent release.,A configuration change was deployed without a canary rollout.
INC-000343,shipping-tracker,SEV3,resolved,2024-08-12 20:24:01,2024-08-13 00:00:57.315422578,Incident on shipping-tracker triggered by a misconfigured deployment.,An upstream dependency exceeded its SLA during a regional failover.
INC-000344,fraud-detection,SEV3,resolved,2024-07-31 07:16:33,2024-07-31 09:10:36.510438294,Incident on fraud-detection triggered by elevated traffic beyond provisioned capacity.,An upstream dependency exceeded its SLA during a regional failover.
INC-000345,billing-engine,SEV4,resolved,2025-03-30 12:55:09,2025-03-30 18:55:28.211560014,Incident on billing-engine triggered by an unhandled exception in a new code path.,An upstream dependency exceeded its SLA during a regional failover.
INC-000346,api-gateway,SEV4,resolved,2025-01-15 08:07:25,2025-01-15 15:28:22.687444228,Incident on api-gateway triggered by an unhandled exception in a new code path.,A credential rotation job failed silently.
INC-000347,reporting-dashboard,SEV3,resolved,2025-06-30 07:11:47,2025-06-30 17:11:13.852312628,Incident on reporting-dashboard triggered by elevated traffic beyond provisioned capacity.,A memory leak introduced in the previous release caused gradual degradation.
INC-000348,warehouse-management,SEV3,mitigated,2024-05-24 17:30:02,2024-05-25 02:21:49.867537040,Incident on warehouse-management triggered by database connection pool exhaustion.,A credential rotation job failed silently.
INC-000349,auth-service,SEV2,resolved,2024-07-16 14:43:27,2024-07-16 22:56:22.247660736,Incident on auth-service triggered by database connection pool exhaustion.,A memory leak introduced in the previous release caused gradual degradation.
INC-000350,customer-portal,SEV4,open,2025-05-02 22:21:23,,Incident on customer-portal triggered by database connection pool exhaustion.,
INC-000351,customer-portal,SEV3,mitigated,2025-07-08 02:34:58,2025-07-08 04:48:59.614399282,Incident on customer-portal triggered by elevated traffic beyond provisioned capacity.,A credential rotation job failed silently.
INC-000352,api-gateway,SEV2,mitigated,2025-05-04 08:48:13,2025-05-04 14:28:27.460591756,Incident on api-gateway triggered by an expired credential.,An upstream dependency exceeded its SLA during a regional failover.
INC-000353,billing-engine,SEV1,mitigated,2025-12-29 08:53:28,2025-12-29 16:18:53.320305838,Incident on billing-engine triggered by a misconfigured deployment.,A credential rotation job failed silently.
INC-000354,billing-engine,SEV3,resolved,2024-02-11 16:10:37,2024-02-11 20:08:51.902384650,Incident on billing-engine triggered by an expired credential.,A credential rotation job failed silently.
INC-000355,inventory-service,SEV4,mitigated,2025-11-30 01:47:40,2025-11-30 05:06:15.865537060,Incident on inventory-service triggered by an expired credential.,An upstream dependency exceeded its SLA during a regional failover.
INC-000356,api-gateway,SEV4,resolved,2025-07-29 04:20:12,2025-07-29 13:34:33.898252572,Incident on api-gateway triggered by an expired credential.,A memory leak introduced in the previous release caused gradual degradation.
INC-000357,search-service,SEV4,resolved,2025-10-29 07:38:01,2025-10-29 17:05:14.508868588,Incident on search-service triggered by a misconfigured deployment.,Capacity was not scaled ahead of a known traffic event.
INC-000358,order-service,SEV3,resolved,2024-07-29 02:14:35,2024-07-29 02:31:17.847959006,Incident on order-service triggered by network partition between regions.,A configuration change was deployed without a canary rollout.
INC-000359,recommendation-engine,SEV3,resolved,2025-07-06 18:03:14,2025-07-06 22:50:07.433009426,Incident on recommendation-engine triggered by database connection pool exhaustion.,An upstream dependency exceeded its SLA during a regional failover.
INC-000360,reporting-dashboard,SEV4,resolved,2025-12-12 05:50:22,2025-12-12 06:59:21.683034970,Incident on reporting-dashboard triggered by elevated traffic beyond provisioned capacity.,An upstream dependency exceeded its SLA during a regional failover.
INC-000361,analytics-pipeline,SEV4,resolved,2024-02-04 06:09:12,2024-02-04 07:14:03.814317048,Incident on analytics-pipeline triggered by database connection pool exhaustion.,A credential rotation job failed silently.
INC-000362,recommendation-engine,SEV3,resolved,2025-12-29 06:27:00,2025-12-29 11:56:02.674167282,Incident on recommendation-engine triggered by elevated traffic beyond provisioned capacity.,A memory leak introduced in the previous release caused gradual degradation.
INC-000363,auth-service,SEV2,resolved,2024-11-12 19:59:42,2024-11-13 05:52:16.954455678,Incident on auth-service triggered by elevated traffic beyond provisioned capacity.,Insufficient connection pool sizing for peak load.
INC-000364,fraud-detection,SEV4,resolved,2024-01-11 11:29:14,2024-01-11 12:33:27.776180792,Incident on fraud-detection triggered by an unhandled exception in a new code path.,An upstream dependency exceeded its SLA during a regional failover.
INC-000365,warehouse-management,SEV3,resolved,2024-01-19 05:24:37,2024-01-19 09:33:23.737468558,Incident on warehouse-management triggered by an expired credential.,Capacity was not scaled ahead of a known traffic event.
INC-000366,reporting-dashboard,SEV4,resolved,2025-05-06 19:45:45,2025-05-07 01:47:34.468499784,Incident on reporting-dashboard triggered by a misconfigured deployment.,A credential rotation job failed silently.
INC-000367,warehouse-management,SEV4,resolved,2025-07-29 16:10:35,2025-07-29 23:37:08.631332000,Incident on warehouse-management triggered by elevated traffic beyond provisioned capacity.,An upstream dependency exceeded its SLA during a regional failover.
INC-000368,inventory-service,SEV2,resolved,2025-05-21 22:54:43,2025-05-22 06:43:43.208369080,Incident on inventory-service triggered by a downstream dependency timeout.,Capacity was not scaled ahead of a known traffic event.
INC-000369,payment-gateway,SEV4,resolved,2024-04-04 23:40:04,2024-04-05 06:17:44.275731784,Incident on payment-gateway triggered by a downstream dependency timeout.,A memory leak introduced in the previous release caused gradual degradation.
INC-000370,analytics-pipeline,SEV3,open,2024-03-17 12:06:15,,Incident on analytics-pipeline triggered by an unhandled exception in a new code path.,
INC-000371,fraud-detection,SEV4,resolved,2025-10-03 01:36:35,2025-10-03 02:42:32.856789410,Incident on fraud-detection triggered by a misconfigured deployment.,A configuration change was deployed without a canary rollout.
INC-000372,inventory-service,SEV4,mitigated,2024-01-15 14:18:32,2024-01-15 16:46:35.733121958,Incident on inventory-service triggered by network partition between regions.,A credential rotation job failed silently.
INC-000373,shipping-tracker,SEV3,resolved,2024-05-04 08:21:12,2024-05-04 13:39:50.629273476,Incident on shipping-tracker triggered by an expired credential.,An upstream dependency exceeded its SLA during a regional failover.
INC-000374,api-gateway,SEV2,resolved,2024-11-09 01:31:23,2024-11-09 05:21:45.152346056,Incident on api-gateway triggered by database connection pool exhaustion.,A credential rotation job failed silently.
INC-000375,billing-engine,SEV3,resolved,2024-01-21 18:40:44,2024-01-22 00:12:01.153468993,Incident on billing-engine triggered by elevated traffic beyond provisioned capacity.,An upstream dependency exceeded its SLA during a regional failover.
INC-000376,auth-service,SEV2,resolved,2025-03-19 11:19:08,2025-03-19 18:45:30.414248996,Incident on auth-service triggered by a downstream dependency timeout.,Capacity was not scaled ahead of a known traffic event.
INC-000377,inventory-service,SEV2,resolved,2024-10-07 13:38:37,2024-10-07 14:13:34.147370176,Incident on inventory-service triggered by an unhandled exception in a new code path.,A credential rotation job failed silently.
INC-000378,auth-service,SEV3,resolved,2025-04-24 21:57:26,2025-04-25 00:16:56.875660082,Incident on auth-service triggered by a downstream dependency timeout.,A credential rotation job failed silently.
INC-000379,order-service,SEV2,resolved,2024-09-09 21:18:06,2024-09-10 01:11:01.278296226,Incident on order-service triggered by a memory leak in a recent release.,A credential rotation job failed silently.
INC-000380,customer-portal,SEV3,mitigated,2024-10-24 15:19:39,2024-10-24 21:03:56.752112058,Incident on customer-portal triggered by a downstream dependency timeout.,A credential rotation job failed silently.
INC-000381,notification-service,SEV4,resolved,2024-12-21 01:46:48,2024-12-21 05:50:44.290105026,Incident on notification-service triggered by a memory leak in a recent release.,Insufficient connection pool sizing for peak load.
INC-000382,customer-portal,SEV2,resolved,2024-04-04 17:55:18,2024-04-04 20:53:09.763459458,Incident on customer-portal triggered by a downstream dependency timeout.,Capacity was not scaled ahead of a known traffic event.
INC-000383,shipping-tracker,SEV3,resolved,2024-04-12 04:23:40,2024-04-12 11:46:30.467776180,Incident on shipping-tracker triggered by a downstream dependency timeout.,Insufficient connection pool sizing for peak load.
INC-000384,order-service,SEV4,open,2024-05-05 12:59:07,,Incident on order-service triggered by network partition between regions.,
INC-000385,fraud-detection,SEV4,open,2024-01-30 17:34:48,,Incident on fraud-detection triggered by elevated traffic beyond provisioned capacity.,
INC-000386,warehouse-management,SEV2,resolved,2025-10-15 16:01:52,2025-10-15 16:41:39.196122514,Incident on warehouse-management triggered by an unhandled exception in a new code path.,A credential rotation job failed silently.
INC-000387,fraud-detection,SEV3,mitigated,2024-08-06 00:46:53,2024-08-06 04:11:38.020965044,Incident on fraud-detection triggered by a memory leak in a recent release.,Capacity was not scaled ahead of a known traffic event.
INC-000388,order-service,SEV3,resolved,2025-09-07 13:35:51,2025-09-07 15:44:24.105547524,Incident on order-service triggered by an unhandled exception in a new code path.,A memory leak introduced in the previous release caused gradual degradation.
INC-000389,reporting-dashboard,SEV4,resolved,2024-12-21 22:08:04,2024-12-22 04:56:02.256806104,Incident on reporting-dashboard triggered by an unhandled exception in a new code path.,An upstream dependency exceeded its SLA during a regional failover.
INC-000390,search-service,SEV4,mitigated,2024-02-08 07:48:41,2024-02-08 17:11:07.966631360,Incident on search-service triggered by database connection pool exhaustion.,A configuration change was deployed without a canary rollout.
INC-000391,search-service,SEV3,resolved,2025-12-29 21:57:10,2025-12-30 02:39:55.058050114,Incident on search-service triggered by network partition between regions.,A memory leak introduced in the previous release caused gradual degradation.
INC-000392,warehouse-management,SEV4,resolved,2025-10-18 06:36:09,2025-10-18 15:53:09.543464766,Incident on warehouse-management triggered by an expired credential.,A credential rotation job failed silently.
INC-000393,auth-service,SEV4,resolved,2025-04-27 23:37:05,2025-04-27 23:54:49.640543378,Incident on auth-service triggered by network partition between regions.,A configuration change was deployed without a canary rollout.
INC-000394,notification-service,SEV3,resolved,2024-01-13 05:03:05,2024-01-13 14:44:07.875600182,Incident on notification-service triggered by elevated traffic beyond provisioned capacity.,A memory leak introduced in the previous release caused gradual degradation.
INC-000395,reporting-dashboard,SEV3,mitigated,2024-10-20 12:39:57,2024-10-20 20:27:21.491638866,Incident on reporting-dashboard triggered by a misconfigured deployment.,A credential rotation job failed silently.
INC-000396,api-gateway,SEV3,mitigated,2025-09-28 11:56:05,2025-09-28 17:37:09.326215430,Incident on api-gateway triggered by network partition between regions.,An upstream dependency exceeded its SLA during a regional failover.
INC-000397,recommendation-engine,SEV2,resolved,2024-01-01 22:13:46,2024-01-01 22:43:06.750698338,Incident on recommendation-engine triggered by a downstream dependency timeout.,Insufficient connection pool sizing for peak load.
INC-000398,analytics-pipeline,SEV3,resolved,2025-09-04 22:06:46,2025-09-05 05:54:43.718464264,Incident on analytics-pipeline triggered by a downstream dependency timeout.,An upstream dependency exceeded its SLA during a regional failover.
INC-000399,reporting-dashboard,SEV4,resolved,2024-03-27 03:45:27,2024-03-27 07:36:50.158540554,Incident on reporting-dashboard triggered by elevated traffic beyond provisioned capacity.,A credential rotation job failed silently.
INC-000400,search-service,SEV3,mitigated,2024-10-30 09:45:53,2024-10-30 12:27:55.116920731,Incident on search-service triggered by a misconfigured deployment.,A memory leak introduced in the previous release caused gradual degradation.
INC-000401,reporting-dashboard,SEV4,mitigated,2025-04-28 02:51:40,2025-04-28 10:49:35.552563012,Incident on reporting-dashboard triggered by a downstream dependency timeout.,An upstream dependency exceeded its SLA during a regional failover.
INC-000402,payment-gateway,SEV3,resolved,2025-04-22 12:18:07,2025-04-22 13:30:47.061014038,Incident on payment-gateway triggered by elevated traffic beyond provisioned capacity.,A memory leak introduced in the previous release caused gradual degradation.
INC-000403,fraud-detection,SEV4,mitigated,2025-10-09 09:27:03,2025-10-09 17:23:53.255321760,Incident on fraud-detection triggered by a misconfigured deployment.,A memory leak introduced in the previous release caused gradual degradation.
INC-000404,notification-service,SEV4,resolved,2024-09-02 20:45:03,2024-09-02 21:12:45.512698548,Incident on notification-service triggered by an expired credential.,Insufficient connection pool sizing for peak load.
INC-000405,recommendation-engine,SEV4,resolved,2024-04-27 07:55:21,2024-04-27 17:00:28.014146592,Incident on recommendation-engine triggered by an unhandled exception in a new code path.,A configuration change was deployed without a canary rollout.
INC-000406,recommendation-engine,SEV4,resolved,2024-01-15 18:46:32,2024-01-16 04:28:29.076338246,Incident on recommendation-engine triggered by a memory leak in a recent release.,A memory leak introduced in the previous release caused gradual degradation.
INC-000407,api-gateway,SEV4,open,2025-06-07 12:42:41,,Incident on api-gateway triggered by a misconfigured deployment.,
INC-000408,analytics-pipeline,SEV4,resolved,2025-02-26 00:22:57,2025-02-26 08:07:33.036394062,Incident on analytics-pipeline triggered by a misconfigured deployment.,A configuration change was deployed without a canary rollout.
INC-000409,shipping-tracker,SEV3,resolved,2024-04-26 03:20:44,2024-04-26 08:39:27.496545314,Incident on shipping-tracker triggered by an unhandled exception in a new code path.,A configuration change was deployed without a canary rollout.
INC-000410,search-service,SEV3,resolved,2025-09-12 22:36:31,2025-09-12 23:54:29.478610780,Incident on search-service triggered by elevated traffic beyond provisioned capacity.,Capacity was not scaled ahead of a known traffic event.
INC-000411,fraud-detection,SEV4,resolved,2024-05-13 08:26:17,2024-05-13 13:18:00.359408702,Incident on fraud-detection triggered by an unhandled exception in a new code path.,Insufficient connection pool sizing for peak load.
INC-000412,recommendation-engine,SEV3,resolved,2024-08-24 10:19:43,2024-08-24 17:00:13.360708726,Incident on recommendation-engine triggered by a downstream dependency timeout.,A memory leak introduced in the previous release caused gradual degradation.
INC-000413,customer-portal,SEV4,resolved,2024-11-06 20:53:26,2024-11-07 01:04:44.791385690,Incident on customer-portal triggered by elevated traffic beyond provisioned capacity.,An upstream dependency exceeded its SLA during a regional failover.
INC-000414,order-service,SEV3,resolved,2025-05-10 08:38:38,2025-05-10 14:36:28.412566334,Incident on order-service triggered by an unhandled exception in a new code path.,An upstream dependency exceeded its SLA during a regional failover.
INC-000415,inventory-service,SEV3,resolved,2024-08-09 20:19:38,2024-08-10 04:13:53.225313368,Incident on inventory-service triggered by elevated traffic beyond provisioned capacity.,A credential rotation job failed silently.
INC-000416,recommendation-engine,SEV4,open,2025-11-06 11:47:01,,Incident on recommendation-engine triggered by a memory leak in a recent release.,
INC-000417,payment-gateway,SEV4,resolved,2025-12-28 22:32:23,2025-12-29 07:59:56.448542677,Incident on payment-gateway triggered by a downstream dependency timeout.,A credential rotation job failed silently.
INC-000418,order-service,SEV2,resolved,2025-10-03 18:48:59,2025-10-03 23:24:09.877522532,Incident on order-service triggered by an unhandled exception in a new code path.,Capacity was not scaled ahead of a known traffic event.
INC-000419,reporting-dashboard,SEV2,resolved,2024-05-30 20:26:39,2024-05-31 00:10:30.461916516,Incident on reporting-dashboard triggered by network partition between regions.,Insufficient connection pool sizing for peak load.
INC-000420,inventory-service,SEV3,resolved,2025-08-13 22:35:41,2025-08-14 07:48:17.759471882,Incident on inventory-service triggered by an expired credential.,A memory leak introduced in the previous release caused gradual degradation.
INC-000421,api-gateway,SEV3,open,2024-12-10 09:49:49,,Incident on api-gateway triggered by a memory leak in a recent release.,
INC-000422,notification-service,SEV4,resolved,2024-07-21 09:47:17,2024-07-21 16:35:02.987713022,Incident on notification-service triggered by an expired credential.,A memory leak introduced in the previous release caused gradual degradation.
INC-000423,auth-service,SEV4,mitigated,2025-06-20 12:41:11,2025-06-20 18:51:02.821633706,Incident on auth-service triggered by an unhandled exception in a new code path.,Insufficient connection pool sizing for peak load.
INC-000424,analytics-pipeline,SEV3,resolved,2024-05-29 07:18:50,2024-05-29 15:59:01.272162644,Incident on analytics-pipeline triggered by database connection pool exhaustion.,Insufficient connection pool sizing for peak load.
INC-000425,auth-service,SEV4,open,2024-09-16 23:04:37,,Incident on auth-service triggered by a downstream dependency timeout.,
INC-000426,payment-gateway,SEV4,resolved,2024-09-24 02:05:15,2024-09-24 07:33:57.911731710,Incident on payment-gateway triggered by an unhandled exception in a new code path.,Capacity was not scaled ahead of a known traffic event.
INC-000427,recommendation-engine,SEV3,resolved,2024-01-15 19:25:16,2024-01-15 20:05:50.296070068,Incident on recommendation-engine triggered by elevated traffic beyond provisioned capacity.,A configuration change was deployed without a canary rollout.
INC-000428,warehouse-management,SEV4,mitigated,2024-07-08 03:32:12,2024-07-08 09:53:30.310054446,Incident on warehouse-management triggered by database connection pool exhaustion.,An upstream dependency exceeded its SLA during a regional failover.
INC-000429,customer-portal,SEV2,resolved,2025-03-11 13:59:45,2025-03-11 17:06:46.067782482,Incident on customer-portal triggered by a memory leak in a recent release.,A credential rotation job failed silently.
INC-000430,inventory-service,SEV4,open,2024-11-17 01:44:29,,Incident on inventory-service triggered by database connection pool exhaustion.,
INC-000431,billing-engine,SEV4,resolved,2025-07-20 13:05:50,2025-07-20 14:44:30.688127150,Incident on billing-engine triggered by an expired credential.,An upstream dependency exceeded its SLA during a regional failover.
INC-000432,api-gateway,SEV4,resolved,2025-05-02 22:20:22,2025-05-03 06:05:31.172568484,Incident on api-gateway triggered by an unhandled exception in a new code path.,A memory leak introduced in the previous release caused gradual degradation.
INC-000433,api-gateway,SEV3,open,2025-01-12 14:26:25,,Incident on api-gateway triggered by database connection pool exhaustion.,
INC-000434,payment-gateway,SEV2,resolved,2025-04-10 04:58:37,2025-04-10 12:20:19.992363046,Incident on payment-gateway triggered by network partition between regions.,An upstream dependency exceeded its SLA during a regional failover.
INC-000435,payment-gateway,SEV3,resolved,2024-07-13 01:32:10,2024-07-13 09:24:06.571718740,Incident on payment-gateway triggered by a downstream dependency timeout.,Insufficient connection pool sizing for peak load.
INC-000436,inventory-service,SEV4,resolved,2025-12-24 05:48:32,2025-12-24 15:23:46.460901350,Incident on inventory-service triggered by a memory leak in a recent release.,Insufficient connection pool sizing for peak load.
INC-000437,billing-engine,SEV3,resolved,2025-11-09 06:11:11,2025-11-09 11:33:07.214392556,Incident on billing-engine triggered by network partition between regions.,Capacity was not scaled ahead of a known traffic event.
INC-000438,auth-service,SEV2,resolved,2024-01-24 16:47:59,2024-01-24 21:33:57.652614284,Incident on auth-service triggered by a misconfigured deployment.,A credential rotation job failed silently.
INC-000439,search-service,SEV2,open,2025-04-04 03:31:43,,Incident on search-service triggered by elevated traffic beyond provisioned capacity.,
INC-000440,notification-service,SEV4,resolved,2025-03-21 18:21:29,2025-03-21 23:11:01.230304033,Incident on notification-service triggered by an expired credential.,Insufficient connection pool sizing for peak load.
INC-000441,recommendation-engine,SEV4,resolved,2025-07-12 20:35:20,2025-07-13 06:04:01.371969284,Incident on recommendation-engine triggered by a misconfigured deployment.,A memory leak introduced in the previous release caused gradual degradation.
INC-000442,auth-service,SEV3,resolved,2024-02-28 01:42:42,2024-02-28 11:16:52.625933838,Incident on auth-service triggered by an unhandled exception in a new code path.,A configuration change was deployed without a canary rollout.
INC-000443,shipping-tracker,SEV3,resolved,2025-11-22 20:29:33,2025-11-23 00:43:03.819942306,Incident on shipping-tracker triggered by a memory leak in a recent release.,Capacity was not scaled ahead of a known traffic event.
INC-000444,search-service,SEV2,resolved,2025-04-13 11:48:05,2025-04-13 16:16:38.032060351,Incident on search-service triggered by network partition between regions.,A credential rotation job failed silently.
INC-000445,analytics-pipeline,SEV3,resolved,2024-12-02 21:48:10,2024-12-03 01:16:57.924184606,Incident on analytics-pipeline triggered by an expired credential.,An upstream dependency exceeded its SLA during a regional failover.
INC-000446,notification-service,SEV3,resolved,2025-12-02 12:59:05,2025-12-02 15:30:14.958598988,Incident on notification-service triggered by a memory leak in a recent release.,A memory leak introduced in the previous release caused gradual degradation.
INC-000447,fraud-detection,SEV4,resolved,2024-05-14 13:04:01,2024-05-14 21:39:18.903030184,Incident on fraud-detection triggered by an expired credential.,Capacity was not scaled ahead of a known traffic event.
INC-000448,reporting-dashboard,SEV2,resolved,2024-03-03 08:53:55,2024-03-03 14:00:05.968641100,Incident on reporting-dashboard triggered by elevated traffic beyond provisioned capacity.,Capacity was not scaled ahead of a known traffic event.
INC-000449,shipping-tracker,SEV3,resolved,2024-09-25 10:48:13,2024-09-25 18:40:26.873998534,Incident on shipping-tracker triggered by elevated traffic beyond provisioned capacity.,Insufficient connection pool sizing for peak load.
INC-000450,api-gateway,SEV3,resolved,2025-05-25 12:03:33,2025-05-25 15:58:54.021415068,Incident on api-gateway triggered by a downstream dependency timeout.,A configuration change was deployed without a canary rollout.
INC-000451,analytics-pipeline,SEV3,resolved,2025-10-15 23:48:19,2025-10-16 03:53:13.168642528,Incident on analytics-pipeline triggered by database connection pool exhaustion.,An upstream dependency exceeded its SLA during a regional failover.
INC-000452,api-gateway,SEV1,resolved,2024-04-17 04:57:30,2024-04-17 05:32:56.579394078,Incident on api-gateway triggered by elevated traffic beyond provisioned capacity.,An upstream dependency exceeded its SLA during a regional failover.
INC-000453,billing-engine,SEV4,resolved,2024-07-08 15:15:15,2024-07-08 20:05:56.725004688,Incident on billing-engine triggered by a misconfigured deployment.,Insufficient connection pool sizing for peak load.
INC-000454,search-service,SEV4,mitigated,2025-12-05 06:36:48,2025-12-05 11:15:52.086752706,Incident on search-service triggered by elevated traffic beyond provisioned capacity.,Capacity was not scaled ahead of a known traffic event.
INC-000455,fraud-detection,SEV2,resolved,2025-12-24 21:19:56,2025-12-25 06:40:14.236138358,Incident on fraud-detection triggered by an unhandled exception in a new code path.,Insufficient connection pool sizing for peak load.
INC-000456,inventory-service,SEV3,mitigated,2024-01-29 10:12:42,2024-01-29 17:01:55.159115994,Incident on inventory-service triggered by elevated traffic beyond provisioned capacity.,Insufficient connection pool sizing for peak load.
INC-000457,customer-portal,SEV4,resolved,2024-06-30 23:14:58,2024-07-01 02:50:49.427275846,Incident on customer-portal triggered by a downstream dependency timeout.,A memory leak introduced in the previous release caused gradual degradation.
INC-000458,reporting-dashboard,SEV4,mitigated,2025-02-23 01:21:41,2025-02-23 10:07:22.010428550,Incident on reporting-dashboard triggered by elevated traffic beyond provisioned capacity.,An upstream dependency exceeded its SLA during a regional failover.
INC-000459,shipping-tracker,SEV4,resolved,2025-09-12 01:05:09,2025-09-12 03:48:56.419236966,Incident on shipping-tracker triggered by a downstream dependency timeout.,A credential rotation job failed silently.
INC-000460,api-gateway,SEV3,open,2025-12-29 11:48:57,,Incident on api-gateway triggered by an unhandled exception in a new code path.,
INC-000461,customer-portal,SEV3,resolved,2025-06-18 15:58:23,2025-06-19 01:04:38.619721880,Incident on customer-portal triggered by a memory leak in a recent release.,Capacity was not scaled ahead of a known traffic event.
INC-000462,billing-engine,SEV4,resolved,2025-10-10 02:12:35,2025-10-10 09:46:17.525987378,Incident on billing-engine triggered by network partition between regions.,A configuration change was deployed without a canary rollout.
INC-000463,customer-portal,SEV4,resolved,2024-04-26 01:30:55,2024-04-26 03:03:22.816485826,Incident on customer-portal triggered by database connection pool exhaustion.,An upstream dependency exceeded its SLA during a regional failover.
INC-000464,shipping-tracker,SEV3,mitigated,2024-02-08 14:29:36,2024-02-08 20:02:05.069962428,Incident on shipping-tracker triggered by database connection pool exhaustion.,Insufficient connection pool sizing for peak load.
INC-000465,fraud-detection,SEV3,resolved,2024-09-02 02:47:51,2024-09-02 09:30:30.598908378,Incident on fraud-detection triggered by a misconfigured deployment.,A credential rotation job failed silently.
INC-000466,api-gateway,SEV3,resolved,2025-01-07 01:36:07,2025-01-07 02:26:10.025621872,Incident on api-gateway triggered by network partition between regions.,An upstream dependency exceeded its SLA during a regional failover.
INC-000467,inventory-service,SEV4,open,2025-02-19 21:27:48,,Incident on inventory-service triggered by a memory leak in a recent release.,
INC-000468,order-service,SEV1,resolved,2025-11-13 16:59:34,2025-11-14 01:16:19.675710364,Incident on order-service triggered by a memory leak in a recent release.,Capacity was not scaled ahead of a known traffic event.
INC-000469,billing-engine,SEV4,resolved,2024-06-10 20:39:18,2024-06-10 23:28:59.984547372,Incident on billing-engine triggered by network partition between regions.,A credential rotation job failed silently.
INC-000470,customer-portal,SEV3,resolved,2025-04-26 18:53:57,2025-04-26 22:30:43.621393812,Incident on customer-portal triggered by a memory leak in a recent release.,Capacity was not scaled ahead of a known traffic event.
INC-000471,fraud-detection,SEV2,resolved,2024-12-16 03:00:11,2024-12-16 12:45:20.972546720,Incident on fraud-detection triggered by network partition between regions.,A memory leak introduced in the previous release caused gradual degradation.
INC-000472,customer-portal,SEV2,resolved,2024-12-02 15:38:07,2024-12-02 23:10:14.234720236,Incident on customer-portal triggered by a downstream dependency timeout.,An upstream dependency exceeded its SLA during a regional failover.
INC-000473,fraud-detection,SEV3,resolved,2024-11-24 18:37:09,2024-11-24 19:11:29.907248310,Incident on fraud-detection triggered by a misconfigured deployment.,Insufficient connection pool sizing for peak load.
INC-000474,analytics-pipeline,SEV4,resolved,2025-03-29 20:08:57,2025-03-29 21:15:24.960834420,Incident on analytics-pipeline triggered by an unhandled exception in a new code path.,An upstream dependency exceeded its SLA during a regional failover.
INC-000475,shipping-tracker,SEV4,resolved,2025-06-29 20:57:13,2025-06-30 06:45:16.367198890,Incident on shipping-tracker triggered by an unhandled exception in a new code path.,Insufficient connection pool sizing for peak load.
INC-000476,recommendation-engine,SEV3,resolved,2024-10-05 18:01:27,2024-10-05 23:27:02.436721716,Incident on recommendation-engine triggered by an expired credential.,A credential rotation job failed silently.
INC-000477,warehouse-management,SEV1,resolved,2025-11-27 10:55:47,2025-11-27 17:14:13.962028934,Incident on warehouse-management triggered by an unhandled exception in a new code path.,A memory leak introduced in the previous release caused gradual degradation.
INC-000478,analytics-pipeline,SEV4,resolved,2025-01-16 14:17:39,2025-01-16 14:44:58.527346548,Incident on analytics-pipeline triggered by database connection pool exhaustion.,A credential rotation job failed silently.
INC-000479,analytics-pipeline,SEV3,resolved,2025-03-16 09:51:49,2025-03-16 18:09:15.607983664,Incident on analytics-pipeline triggered by a downstream dependency timeout.,A configuration change was deployed without a canary rollout.
INC-000480,fraud-detection,SEV4,open,2025-12-08 20:15:42,,Incident on fraud-detection triggered by a misconfigured deployment.,
INC-000481,notification-service,SEV4,mitigated,2025-03-14 04:33:30,2025-03-14 14:01:18.120617682,Incident on notification-service triggered by a downstream dependency timeout.,A memory leak introduced in the previous release caused gradual degradation.
INC-000482,order-service,SEV2,resolved,2025-12-16 05:35:40,2025-12-16 13:05:42.295315108,Incident on order-service triggered by an unhandled exception in a new code path.,Capacity was not scaled ahead of a known traffic event.
INC-000483,order-service,SEV2,open,2024-09-14 10:05:57,,Incident on order-service triggered by network partition between regions.,
INC-000484,warehouse-management,SEV3,resolved,2024-08-01 14:02:51,2024-08-01 18:12:12.572538768,Incident on warehouse-management triggered by an expired credential.,A configuration change was deployed without a canary rollout.
INC-000485,warehouse-management,SEV4,resolved,2025-02-22 22:38:04,2025-02-23 04:44:44.564082634,Incident on warehouse-management triggered by an expired credential.,Insufficient connection pool sizing for peak load.
INC-000486,search-service,SEV4,resolved,2024-10-27 16:58:50,2024-10-27 18:39:56.160049070,Incident on search-service triggered by an expired credential.,A memory leak introduced in the previous release caused gradual degradation.
INC-000487,notification-service,SEV4,resolved,2024-08-21 18:02:00,2024-08-22 03:33:03.553152726,Incident on notification-service triggered by network partition between regions.,A credential rotation job failed silently.
INC-000488,notification-service,SEV3,resolved,2025-02-10 19:28:22,2025-02-11 04:14:02.712483652,Incident on notification-service triggered by database connection pool exhaustion.,Insufficient connection pool sizing for peak load.
INC-000489,search-service,SEV4,resolved,2025-11-20 20:29:17,2025-11-20 21:59:58.351969760,Incident on search-service triggered by an unhandled exception in a new code path.,A credential rotation job failed silently.
INC-000490,search-service,SEV4,open,2025-12-24 23:29:35,,Incident on search-service triggered by a memory leak in a recent release.,
INC-000491,shipping-tracker,SEV3,resolved,2025-09-11 15:49:16,2025-09-11 20:53:46.710992482,Incident on shipping-tracker triggered by a downstream dependency timeout.,An upstream dependency exceeded its SLA during a regional failover.
INC-000492,fraud-detection,SEV4,mitigated,2024-05-30 22:10:32,2024-05-31 02:20:55.788017690,Incident on fraud-detection triggered by an unhandled exception in a new code path.,A configuration change was deployed without a canary rollout.
INC-000493,shipping-tracker,SEV4,mitigated,2024-10-17 21:50:48,2024-10-17 23:13:56.062119882,Incident on shipping-tracker triggered by an unhandled exception in a new code path.,A memory leak introduced in the previous release caused gradual degradation.
INC-000494,analytics-pipeline,SEV4,resolved,2025-11-01 01:31:30,2025-11-01 02:41:00.680986392,Incident on analytics-pipeline triggered by an expired credential.,Capacity was not scaled ahead of a known traffic event.
INC-000495,reporting-dashboard,SEV4,open,2024-11-07 05:32:34,,Incident on reporting-dashboard triggered by an expired credential.,
INC-000496,billing-engine,SEV3,resolved,2025-11-24 01:01:24,2025-11-24 01:32:30.471512400,Incident on billing-engine triggered by elevated traffic beyond provisioned capacity.,A credential rotation job failed silently.
INC-000497,analytics-pipeline,SEV4,resolved,2025-01-14 23:03:42,2025-01-15 01:30:06.578719194,Incident on analytics-pipeline triggered by a misconfigured deployment.,A memory leak introduced in the previous release caused gradual degradation.
INC-000498,analytics-pipeline,SEV4,open,2025-09-29 11:44:27,,Incident on analytics-pipeline triggered by an expired credential.,
INC-000499,api-gateway,SEV4,open,2024-10-11 04:54:06,,Incident on api-gateway triggered by elevated traffic beyond provisioned capacity.,
INC-000500,customer-portal,SEV3,resolved,2025-10-05 01:48:25,2025-10-05 10:03:54.780813322,Incident on customer-portal triggered by an expired credential.,Insufficient connection pool sizing for peak load.
INC-000501,payment-gateway,SEV4,resolved,2025-11-03 02:43:24,2025-11-03 03:04:58.311686651,Incident on payment-gateway triggered by an expired credential.,A memory leak introduced in the previous release caused gradual degradation.
INC-000502,notification-service,SEV4,resolved,2024-03-12 19:18:21,2024-03-12 22:12:51.300145008,Incident on notification-service triggered by network partition between regions.,Capacity was not scaled ahead of a known traffic event.
INC-000503,api-gateway,SEV4,open,2025-09-08 20:52:56,,Incident on api-gateway triggered by a downstream dependency timeout.,
INC-000504,fraud-detection,SEV4,resolved,2024-10-29 09:53:30,2024-10-29 14:56:36.769346634,Incident on fraud-detection triggered by a misconfigured deployment.,An upstream dependency exceeded its SLA during a regional failover.
INC-000505,customer-portal,SEV3,resolved,2024-04-22 10:19:42,2024-04-22 12:02:39.721118934,Incident on customer-portal triggered by database connection pool exhaustion.,A memory leak introduced in the previous release caused gradual degradation.
INC-000506,notification-service,SEV4,resolved,2024-01-02 15:33:20,2024-01-02 23:39:32.174538188,Incident on notification-service triggered by a misconfigured deployment.,A configuration change was deployed without a canary rollout.
INC-000507,fraud-detection,SEV4,open,2024-11-27 10:14:14,,Incident on fraud-detection triggered by a downstream dependency timeout.,
INC-000508,notification-service,SEV4,resolved,2024-05-19 00:11:34,2024-05-19 09:57:54.880355704,Incident on notification-service triggered by an unhandled exception in a new code path.,A credential rotation job failed silently.
INC-000509,fraud-detection,SEV3,resolved,2025-02-09 03:55:48,2025-02-09 04:44:03.798417984,Incident on fraud-detection triggered by network partition between regions.,A memory leak introduced in the previous release caused gradual degradation.
INC-000510,billing-engine,SEV2,resolved,2024-06-03 23:25:07,2024-06-04 01:45:04.914545104,Incident on billing-engine triggered by a downstream dependency timeout.,A memory leak introduced in the previous release caused gradual degradation.
INC-000511,billing-engine,SEV3,resolved,2024-02-11 05:46:16,2024-02-11 13:35:21.484764820,Incident on billing-engine triggered by database connection pool exhaustion.,An upstream dependency exceeded its SLA during a regional failover.
INC-000512,search-service,SEV2,open,2024-11-13 21:15:15,,Incident on search-service triggered by a misconfigured deployment.,
INC-000513,order-service,SEV4,resolved,2025-08-02 07:22:18,2025-08-02 08:35:54.681450930,Incident on order-service triggered by network partition between regions.,Insufficient connection pool sizing for peak load.
INC-000514,inventory-service,SEV2,resolved,2025-05-16 01:20:17,2025-05-16 10:18:32.034385838,Incident on inventory-service triggered by a memory leak in a recent release.,Insufficient connection pool sizing for peak load.
INC-000515,billing-engine,SEV3,resolved,2024-05-21 22:45:47,2024-05-22 05:58:22.256564330,Incident on billing-engine triggered by an unhandled exception in a new code path.,An upstream dependency exceeded its SLA during a regional failover.
INC-000516,billing-engine,SEV3,mitigated,2025-10-04 11:56:08,2025-10-04 19:46:03.965943836,Incident on billing-engine triggered by an expired credential.,A memory leak introduced in the previous release caused gradual degradation.
INC-000517,payment-gateway,SEV4,mitigated,2024-10-23 08:06:38,2024-10-23 11:28:06.095780396,Incident on payment-gateway triggered by a misconfigured deployment.,Capacity was not scaled ahead of a known traffic event.
INC-000518,order-service,SEV4,resolved,2024-11-03 17:08:34,2024-11-04 02:12:06.558202816,Incident on order-service triggered by an unhandled exception in a new code path.,A credential rotation job failed silently.
INC-000519,customer-portal,SEV3,resolved,2024-07-10 16:55:12,2024-07-10 19:21:27.081035826,Incident on customer-portal triggered by a misconfigured deployment.,An upstream dependency exceeded its SLA during a regional failover.
INC-000520,order-service,SEV3,resolved,2025-06-18 19:08:57,2025-06-18 20:21:05.297587175,Incident on order-service triggered by an unhandled exception in a new code path.,A memory leak introduced in the previous release caused gradual degradation.
INC-000521,inventory-service,SEV3,mitigated,2024-01-24 20:05:05,2024-01-24 21:23:36.633027901,Incident on inventory-service triggered by an expired credential.,A memory leak introduced in the previous release caused gradual degradation.
INC-000522,payment-gateway,SEV4,resolved,2024-05-22 15:37:46,2024-05-22 17:51:53.950981486,Incident on payment-gateway triggered by a memory leak in a recent release.,An upstream dependency exceeded its SLA during a regional failover.
INC-000523,order-service,SEV4,resolved,2024-04-24 23:54:50,2024-04-25 05:01:01.533309896,Incident on order-service triggered by network partition between regions.,A configuration change was deployed without a canary rollout.
INC-000524,recommendation-engine,SEV3,resolved,2025-05-13 23:35:56,2025-05-14 03:54:30.902416442,Incident on recommendation-engine triggered by elevated traffic beyond provisioned capacity.,A memory leak introduced in the previous release caused gradual degradation.
INC-000525,search-service,SEV3,resolved,2025-01-09 18:37:30,2025-01-09 22:32:38.948882910,Incident on search-service triggered by a memory leak in a recent release.,Capacity was not scaled ahead of a known traffic event.
INC-000526,inventory-service,SEV2,resolved,2024-02-18 05:26:18,2024-02-18 07:36:57.624015594,Incident on inventory-service triggered by a misconfigured deployment.,Insufficient connection pool sizing for peak load.
INC-000527,shipping-tracker,SEV3,resolved,2024-02-16 15:14:08,2024-02-16 20:50:24.031214030,Incident on shipping-tracker triggered by a memory leak in a recent release.,Capacity was not scaled ahead of a known traffic event.
INC-000528,auth-service,SEV3,resolved,2025-05-15 18:51:56,2025-05-15 19:30:07.818526106,Incident on auth-service triggered by a memory leak in a recent release.,A credential rotation job failed silently.
INC-000529,inventory-service,SEV3,resolved,2024-08-30 00:48:37,2024-08-30 06:07:07.730696463,Incident on inventory-service triggered by a memory leak in a recent release.,A credential rotation job failed silently.
INC-000530,shipping-tracker,SEV4,resolved,2024-11-09 02:06:14,2024-11-09 03:16:38.478914810,Incident on shipping-tracker triggered by a misconfigured deployment.,A configuration change was deployed without a canary rollout.
INC-000531,search-service,SEV4,mitigated,2024-02-19 02:17:36,2024-02-19 05:58:02.391065808,Incident on search-service triggered by elevated traffic beyond provisioned capacity.,Insufficient connection pool sizing for peak load.
INC-000532,payment-gateway,SEV4,resolved,2025-01-28 12:04:05,2025-01-28 16:15:17.085751514,Incident on payment-gateway triggered by a memory leak in a recent release.,A memory leak introduced in the previous release caused gradual degradation.
INC-000533,reporting-dashboard,SEV3,resolved,2024-08-31 05:05:01,2024-08-31 12:36:36.590784892,Incident on reporting-dashboard triggered by elevated traffic beyond provisioned capacity.,A memory leak introduced in the previous release caused gradual degradation.
INC-000534,api-gateway,SEV2,open,2025-04-09 17:37:38,,Incident on api-gateway triggered by a memory leak in a recent release.,
INC-000535,search-service,SEV4,resolved,2024-12-10 18:42:12,2024-12-11 01:57:49.663826274,Incident on search-service triggered by database connection pool exhaustion.,A credential rotation job failed silently.
INC-000536,billing-engine,SEV1,resolved,2024-06-27 01:20:12,2024-06-27 10:40:56.351441970,Incident on billing-engine triggered by an expired credential.,A memory leak introduced in the previous release caused gradual degradation.
INC-000537,auth-service,SEV1,open,2025-11-27 04:36:04,,Incident on auth-service triggered by elevated traffic beyond provisioned capacity.,
INC-000538,inventory-service,SEV3,resolved,2025-12-23 22:23:15,2025-12-24 01:45:25.819459488,Incident on inventory-service triggered by database connection pool exhaustion.,A memory leak introduced in the previous release caused gradual degradation.
INC-000539,shipping-tracker,SEV4,open,2025-10-12 03:33:45,,Incident on shipping-tracker triggered by elevated traffic beyond provisioned capacity.,
INC-000540,payment-gateway,SEV4,resolved,2025-01-14 19:18:48,2025-01-15 04:17:27.789077196,Incident on payment-gateway triggered by a memory leak in a recent release.,A configuration change was deployed without a canary rollout.
INC-000541,customer-portal,SEV4,open,2025-10-16 05:49:21,,Incident on customer-portal triggered by database connection pool exhaustion.,
INC-000542,warehouse-management,SEV3,resolved,2025-02-03 05:55:53,2025-02-03 06:40:11.380190492,Incident on warehouse-management triggered by a memory leak in a recent release.,A configuration change was deployed without a canary rollout.
INC-000543,warehouse-management,SEV4,open,2025-09-09 13:02:31,,Incident on warehouse-management triggered by an expired credential.,
INC-000544,billing-engine,SEV3,mitigated,2025-06-25 07:32:02,2025-06-25 08:02:55.854227852,Incident on billing-engine triggered by a memory leak in a recent release.,An upstream dependency exceeded its SLA during a regional failover.
INC-000545,recommendation-engine,SEV3,resolved,2024-09-03 22:44:21,2024-09-04 03:04:29.271932514,Incident on recommendation-engine triggered by a downstream dependency timeout.,A memory leak introduced in the previous release caused gradual degradation.
INC-000546,recommendation-engine,SEV4,resolved,2025-10-13 02:03:46,2025-10-13 03:21:50.188546708,Incident on recommendation-engine triggered by database connection pool exhaustion.,Insufficient connection pool sizing for peak load.
INC-000547,recommendation-engine,SEV3,resolved,2025-08-30 15:09:52,2025-08-30 19:38:47.775128020,Incident on recommendation-engine triggered by database connection pool exhaustion.,A configuration change was deployed without a canary rollout.
INC-000548,shipping-tracker,SEV3,resolved,2024-11-22 18:52:39,2024-11-23 01:51:25.449609432,Incident on shipping-tracker triggered by a memory leak in a recent release.,Insufficient connection pool sizing for peak load.
INC-000549,inventory-service,SEV3,resolved,2024-08-24 14:11:38,2024-08-24 15:38:09.095999216,Incident on inventory-service triggered by an expired credential.,A memory leak introduced in the previous release caused gradual degradation.
INC-000550,fraud-detection,SEV4,open,2024-03-09 11:58:32,,Incident on fraud-detection triggered by an expired credential.,
INC-000551,auth-service,SEV2,mitigated,2024-12-06 15:58:21,2024-12-06 17:47:09.990545808,Incident on auth-service triggered by an expired credential.,An upstream dependency exceeded its SLA during a regional failover.
INC-000552,recommendation-engine,SEV2,resolved,2024-08-01 16:30:17,2024-08-01 21:13:28.975792856,Incident on recommendation-engine triggered by a misconfigured deployment.,An upstream dependency exceeded its SLA during a regional failover.
INC-000553,recommendation-engine,SEV3,resolved,2025-08-27 20:12:32,2025-08-28 01:32:08.642757374,Incident on recommendation-engine triggered by a memory leak in a recent release.,A configuration change was deployed without a canary rollout.
INC-000554,auth-service,SEV4,resolved,2024-04-22 14:10:50,2024-04-22 15:07:00.659978666,Incident on auth-service triggered by an unhandled exception in a new code path.,A configuration change was deployed without a canary rollout.
INC-000555,shipping-tracker,SEV4,open,2025-06-20 23:16:34,,Incident on shipping-tracker triggered by a downstream dependency timeout.,
INC-000556,inventory-service,SEV3,resolved,2024-05-31 13:48:57,2024-05-31 23:01:04.007187162,Incident on inventory-service triggered by an unhandled exception in a new code path.,A memory leak introduced in the previous release caused gradual degradation.
INC-000557,api-gateway,SEV3,resolved,2025-11-29 04:13:51,2025-11-29 11:14:26.857672716,Incident on api-gateway triggered by network partition between regions.,A credential rotation job failed silently.
INC-000558,customer-portal,SEV3,resolved,2025-03-15 11:19:54,2025-03-15 20:29:15.772864560,Incident on customer-portal triggered by database connection pool exhaustion.,A configuration change was deployed without a canary rollout.
INC-000559,customer-portal,SEV3,resolved,2024-07-25 14:06:42,2024-07-25 22:51:03.814405596,Incident on customer-portal triggered by an unhandled exception in a new code path.,A memory leak introduced in the previous release caused gradual degradation.
INC-000560,fraud-detection,SEV3,mitigated,2024-06-12 01:52:07,2024-06-12 10:31:38.516954584,Incident on fraud-detection triggered by an expired credential.,A credential rotation job failed silently.
INC-000561,fraud-detection,SEV2,resolved,2024-06-14 02:23:00,2024-06-14 04:50:18.708740724,Incident on fraud-detection triggered by network partition between regions.,Capacity was not scaled ahead of a known traffic event.
INC-000562,customer-portal,SEV3,resolved,2024-06-14 00:01:29,2024-06-14 06:00:28.162130096,Incident on customer-portal triggered by database connection pool exhaustion.,Capacity was not scaled ahead of a known traffic event.
INC-000563,reporting-dashboard,SEV2,resolved,2025-11-15 16:54:53,2025-11-16 00:12:09.364016960,Incident on reporting-dashboard triggered by an expired credential.,A credential rotation job failed silently.
INC-000564,reporting-dashboard,SEV3,resolved,2024-02-18 02:39:52,2024-02-18 03:13:29.369792572,Incident on reporting-dashboard triggered by network partition between regions.,Capacity was not scaled ahead of a known traffic event.
INC-000565,notification-service,SEV3,resolved,2024-06-25 02:29:13,2024-06-25 07:26:37.132748476,Incident on notification-service triggered by elevated traffic beyond provisioned capacity.,An upstream dependency exceeded its SLA during a regional failover.
INC-000566,order-service,SEV3,resolved,2024-04-13 09:32:56,2024-04-13 10:16:17.159741768,Incident on order-service triggered by database connection pool exhaustion.,A memory leak introduced in the previous release caused gradual degradation.
INC-000567,payment-gateway,SEV1,resolved,2024-08-25 16:06:14,2024-08-25 16:28:41.309340218,Incident on payment-gateway triggered by network partition between regions.,An upstream dependency exceeded its SLA during a regional failover.
INC-000568,reporting-dashboard,SEV2,resolved,2025-05-16 14:59:18,2025-05-16 19:13:46.030253202,Incident on reporting-dashboard triggered by network partition between regions.,Insufficient connection pool sizing for peak load.
INC-000569,api-gateway,SEV3,open,2024-01-15 21:52:15,,Incident on api-gateway triggered by a misconfigured deployment.,
INC-000570,fraud-detection,SEV2,resolved,2024-11-08 00:11:59,2024-11-08 03:04:58.580573324,Incident on fraud-detection triggered by a misconfigured deployment.,A credential rotation job failed silently.
INC-000571,api-gateway,SEV3,resolved,2024-11-17 23:18:18,2024-11-18 03:23:36.016795098,Incident on api-gateway triggered by a misconfigured deployment.,Insufficient connection pool sizing for peak load.
INC-000572,customer-portal,SEV2,resolved,2024-05-25 23:58:07,2024-05-26 02:19:03.428829556,Incident on customer-portal triggered by a memory leak in a recent release.,A credential rotation job failed silently.
INC-000573,payment-gateway,SEV4,resolved,2025-06-10 02:26:24,2025-06-10 04:29:23.764922934,Incident on payment-gateway triggered by an unhandled exception in a new code path.,A credential rotation job failed silently.
INC-000574,customer-portal,SEV4,mitigated,2024-01-03 16:56:50,2024-01-03 20:51:59.197342814,Incident on customer-portal triggered by a memory leak in a recent release.,Insufficient connection pool sizing for peak load.
INC-000575,payment-gateway,SEV4,resolved,2024-07-10 19:38:39,2024-07-11 03:57:35.182006404,Incident on payment-gateway triggered by database connection pool exhaustion.,Insufficient connection pool sizing for peak load.
INC-000576,billing-engine,SEV3,resolved,2025-07-01 23:39:37,2025-07-02 01:42:40.971529420,Incident on billing-engine triggered by a memory leak in a recent release.,A credential rotation job failed silently.
INC-000577,api-gateway,SEV4,resolved,2024-02-09 16:20:38,2024-02-09 21:13:29.017157276,Incident on api-gateway triggered by an unhandled exception in a new code path.,Insufficient connection pool sizing for peak load.
INC-000578,recommendation-engine,SEV1,mitigated,2024-01-25 23:16:48,2024-01-26 04:30:05.089499501,Incident on recommendation-engine triggered by network partition between regions.,A configuration change was deployed without a canary rollout.
INC-000579,warehouse-management,SEV4,resolved,2024-04-19 05:48:26,2024-04-19 06:42:32.685366536,Incident on warehouse-management triggered by network partition between regions.,Insufficient connection pool sizing for peak load.
INC-000580,shipping-tracker,SEV3,resolved,2025-11-26 22:15:40,2025-11-27 06:17:08.999839432,Incident on shipping-tracker triggered by elevated traffic beyond provisioned capacity.,Capacity was not scaled ahead of a known traffic event.
INC-000581,analytics-pipeline,SEV4,resolved,2024-07-09 07:10:36,2024-07-09 10:43:29.698205322,Incident on analytics-pipeline triggered by elevated traffic beyond provisioned capacity.,A configuration change was deployed without a canary rollout.
INC-000582,auth-service,SEV1,open,2024-09-13 10:41:28,,Incident on auth-service triggered by an unhandled exception in a new code path.,
INC-000583,order-service,SEV1,resolved,2024-07-18 20:39:49,2024-07-19 02:31:58.102474288,Incident on order-service triggered by elevated traffic beyond provisioned capacity.,A credential rotation job failed silently.
INC-000584,analytics-pipeline,SEV3,resolved,2025-07-25 18:27:53,2025-07-25 22:10:10.930383644,Incident on analytics-pipeline triggered by elevated traffic beyond provisioned capacity.,An upstream dependency exceeded its SLA during a regional failover.
INC-000585,notification-service,SEV2,open,2024-02-17 02:17:46,,Incident on notification-service triggered by a memory leak in a recent release.,
INC-000586,analytics-pipeline,SEV4,resolved,2025-06-16 07:25:34,2025-06-16 07:47:39.272831974,Incident on analytics-pipeline triggered by a misconfigured deployment.,A credential rotation job failed silently.
INC-000587,shipping-tracker,SEV4,resolved,2025-04-29 19:26:08,2025-04-29 22:49:52.536080042,Incident on shipping-tracker triggered by database connection pool exhaustion.,A configuration change was deployed without a canary rollout.
INC-000588,analytics-pipeline,SEV2,resolved,2025-02-27 02:39:45,2025-02-27 08:28:50.682419166,Incident on analytics-pipeline triggered by database connection pool exhaustion.,Insufficient connection pool sizing for peak load.
INC-000589,recommendation-engine,SEV4,resolved,2025-07-07 08:20:40,2025-07-07 13:11:34.852628668,Incident on recommendation-engine triggered by elevated traffic beyond provisioned capacity.,An upstream dependency exceeded its SLA during a regional failover.
INC-000590,notification-service,SEV4,resolved,2025-07-26 15:19:11,2025-07-26 17:20:00.758160434,Incident on notification-service triggered by an expired credential.,An upstream dependency exceeded its SLA during a regional failover.
INC-000591,order-service,SEV4,resolved,2024-10-04 20:50:29,2024-10-05 04:56:23.321968484,Incident on order-service triggered by elevated traffic beyond provisioned capacity.,A configuration change was deployed without a canary rollout.
INC-000592,reporting-dashboard,SEV4,resolved,2025-02-18 13:12:56,2025-02-18 19:09:05.126325986,Incident on reporting-dashboard triggered by network partition between regions.,An upstream dependency exceeded its SLA during a regional failover.
INC-000593,inventory-service,SEV4,resolved,2025-05-10 03:18:41,2025-05-10 08:12:04.494074276,Incident on inventory-service triggered by a downstream dependency timeout.,A credential rotation job failed silently.
INC-000594,fraud-detection,SEV2,open,2024-02-11 05:35:12,,Incident on fraud-detection triggered by elevated traffic beyond provisioned capacity.,
INC-000595,fraud-detection,SEV3,resolved,2025-11-13 00:56:41,2025-11-13 07:56:33.643513274,Incident on fraud-detection triggered by a downstream dependency timeout.,Capacity was not scaled ahead of a known traffic event.
INC-000596,inventory-service,SEV1,mitigated,2025-03-16 06:45:27,2025-03-16 09:18:02.528978262,Incident on inventory-service triggered by an unhandled exception in a new code path.,A configuration change was deployed without a canary rollout.
INC-000597,customer-portal,SEV3,resolved,2024-08-18 03:23:53,2024-08-18 03:50:15.720703844,Incident on customer-portal triggered by network partition between regions.,A credential rotation job failed silently.
INC-000598,shipping-tracker,SEV4,resolved,2025-02-24 10:42:15,2025-02-24 11:40:28.991895870,Incident on shipping-tracker triggered by an unhandled exception in a new code path.,A configuration change was deployed without a canary rollout.
INC-000599,recommendation-engine,SEV4,resolved,2025-08-30 18:52:01,2025-08-30 21:10:08.176772866,Incident on recommendation-engine triggered by an unhandled exception in a new code path.,A memory leak introduced in the previous release caused gradual degradation.
INC-000600,shipping-tracker,SEV1,resolved,2025-04-03 03:39:26,2025-04-03 11:02:44.658554162,Incident on shipping-tracker triggered by a misconfigured deployment.,Capacity was not scaled ahead of a known traffic event.
INC-000601,billing-engine,SEV4,open,2024-10-26 14:05:55,,Incident on billing-engine triggered by network partition between regions.,
INC-000602,api-gateway,SEV2,resolved,2024-02-16 05:13:47,2024-02-16 14:08:09.182699666,Incident on api-gateway triggered by a misconfigured deployment.,An upstream dependency exceeded its SLA during a regional failover.
INC-000603,warehouse-management,SEV4,mitigated,2024-03-31 00:19:40,2024-03-31 04:29:25.606301068,Incident on warehouse-management triggered by an unhandled exception in a new code path.,A configuration change was deployed without a canary rollout.
INC-000604,billing-engine,SEV4,mitigated,2025-07-12 18:18:34,2025-07-13 01:51:43.576494358,Incident on billing-engine triggered by a downstream dependency timeout.,A configuration change was deployed without a canary rollout.
INC-000605,inventory-service,SEV2,resolved,2024-04-30 22:19:57,2024-05-01 00:02:17.175050520,Incident on inventory-service triggered by database connection pool exhaustion.,An upstream dependency exceeded its SLA during a regional failover.
INC-000606,warehouse-management,SEV4,open,2025-09-18 02:08:59,,Incident on warehouse-management triggered by an expired credential.,
INC-000607,reporting-dashboard,SEV4,resolved,2025-02-27 18:21:43,2025-02-27 20:29:58.148205250,Incident on reporting-dashboard triggered by network partition between regions.,A credential rotation job failed silently.
INC-000608,reporting-dashboard,SEV2,resolved,2025-09-15 18:13:12,2025-09-15 22:24:42.494080782,Incident on reporting-dashboard triggered by an expired credential.,Insufficient connection pool sizing for peak load.
INC-000609,payment-gateway,SEV4,resolved,2025-07-23 10:13:00,2025-07-23 11:21:30.661998636,Incident on payment-gateway triggered by elevated traffic beyond provisioned capacity.,A memory leak introduced in the previous release caused gradual degradation.
INC-000610,shipping-tracker,SEV2,mitigated,2025-05-10 20:16:56,2025-05-11 00:52:14.608938260,Incident on shipping-tracker triggered by an expired credential.,A credential rotation job failed silently.
INC-000611,billing-engine,SEV3,resolved,2024-11-26 03:23:23,2024-11-26 09:19:54.388625054,Incident on billing-engine triggered by a downstream dependency timeout.,An upstream dependency exceeded its SLA during a regional failover.
INC-000612,search-service,SEV4,resolved,2025-08-04 04:08:02,2025-08-04 13:36:35.161461284,Incident on search-service triggered by a misconfigured deployment.,Capacity was not scaled ahead of a known traffic event.
INC-000613,payment-gateway,SEV4,resolved,2025-05-08 00:14:35,2025-05-08 05:38:26.654131376,Incident on payment-gateway triggered by network partition between regions.,A configuration change was deployed without a canary rollout.
INC-000614,inventory-service,SEV4,resolved,2025-09-08 10:15:54,2025-09-08 15:07:12.500091120,Incident on inventory-service triggered by a downstream dependency timeout.,A memory leak introduced in the previous release caused gradual degradation.
INC-000615,auth-service,SEV4,mitigated,2024-11-26 21:19:07,2024-11-27 04:43:56.971565350,Incident on auth-service triggered by database connection pool exhaustion.,Insufficient connection pool sizing for peak load.
INC-000616,notification-service,SEV3,resolved,2025-09-06 18:29:47,2025-09-06 22:18:48.062189810,Incident on notification-service triggered by an expired credential.,A memory leak introduced in the previous release caused gradual degradation.
INC-000617,api-gateway,SEV4,resolved,2025-08-22 18:14:21,2025-08-23 00:35:09.611934672,Incident on api-gateway triggered by an unhandled exception in a new code path.,Insufficient connection pool sizing for peak load.
INC-000618,recommendation-engine,SEV3,resolved,2024-01-25 13:33:08,2024-01-25 23:04:50.419111934,Incident on recommendation-engine triggered by a misconfigured deployment.,A configuration change was deployed without a canary rollout.
INC-000619,recommendation-engine,SEV4,resolved,2025-04-18 23:47:42,2025-04-19 03:51:44.666385450,Incident on recommendation-engine triggered by database connection pool exhaustion.,A configuration change was deployed without a canary rollout.
INC-000620,recommendation-engine,SEV4,resolved,2024-11-10 04:31:18,2024-11-10 11:10:40.760088186,Incident on recommendation-engine triggered by a memory leak in a recent release.,A credential rotation job failed silently.
INC-000621,analytics-pipeline,SEV3,resolved,2024-02-27 07:54:28,2024-02-27 16:44:25.646721982,Incident on analytics-pipeline triggered by a misconfigured deployment.,Insufficient connection pool sizing for peak load.
INC-000622,order-service,SEV4,resolved,2024-09-17 18:23:04,2024-09-17 18:58:38.011410940,Incident on order-service triggered by elevated traffic beyond provisioned capacity.,Capacity was not scaled ahead of a known traffic event.
INC-000623,shipping-tracker,SEV4,mitigated,2025-08-04 07:12:14,2025-08-04 11:01:07.395002078,Incident on shipping-tracker triggered by a misconfigured deployment.,A configuration change was deployed without a canary rollout.
INC-000624,analytics-pipeline,SEV3,resolved,2025-08-28 10:40:51,2025-08-28 14:36:28.756686072,Incident on analytics-pipeline triggered by elevated traffic beyond provisioned capacity.,An upstream dependency exceeded its SLA during a regional failover.
INC-000625,search-service,SEV4,resolved,2025-07-14 10:12:13,2025-07-14 17:46:14.408588830,Incident on search-service triggered by an expired credential.,An upstream dependency exceeded its SLA during a regional failover.
INC-000626,warehouse-management,SEV4,resolved,2025-03-05 05:32:49,2025-03-05 07:49:09.886659706,Incident on warehouse-management triggered by database connection pool exhaustion.,A configuration change was deployed without a canary rollout.
INC-000627,fraud-detection,SEV4,resolved,2024-11-22 15:38:38,2024-11-22 17:44:01.277893124,Incident on fraud-detection triggered by a memory leak in a recent release.,A memory leak introduced in the previous release caused gradual degradation.
INC-000628,fraud-detection,SEV3,resolved,2024-06-26 11:54:15,2024-06-26 21:01:20.365343760,Incident on fraud-detection triggered by a memory leak in a recent release.,Capacity was not scaled ahead of a known traffic event.
INC-000629,warehouse-management,SEV3,resolved,2025-11-09 17:37:20,2025-11-09 18:44:13.632265460,Incident on warehouse-management triggered by database connection pool exhaustion.,Capacity was not scaled ahead of a known traffic event.
INC-000630,analytics-pipeline,SEV4,mitigated,2025-06-06 09:19:07,2025-06-06 18:07:10.859586729,Incident on analytics-pipeline triggered by a downstream dependency timeout.,Capacity was not scaled ahead of a known traffic event.
INC-000631,recommendation-engine,SEV4,open,2024-07-19 06:57:05,,Incident on recommendation-engine triggered by a downstream dependency timeout.,
INC-000632,payment-gateway,SEV3,mitigated,2024-06-23 06:02:10,2024-06-23 08:18:11.344094932,Incident on payment-gateway triggered by a downstream dependency timeout.,Insufficient connection pool sizing for peak load.
INC-000633,reporting-dashboard,SEV4,resolved,2025-07-14 10:47:15,2025-07-14 16:40:28.750313022,Incident on reporting-dashboard triggered by database connection pool exhaustion.,Capacity was not scaled ahead of a known traffic event.
INC-000634,order-service,SEV3,open,2024-11-22 10:43:49,,Incident on order-service triggered by network partition between regions.,
INC-000635,billing-engine,SEV4,resolved,2024-08-09 15:39:18,2024-08-09 17:08:39.236260614,Incident on billing-engine triggered by an expired credential.,An upstream dependency exceeded its SLA during a regional failover.
INC-000636,payment-gateway,SEV4,resolved,2025-12-03 00:32:46,2025-12-03 01:42:44.623057072,Incident on payment-gateway triggered by a misconfigured deployment.,A credential rotation job failed silently.
INC-000637,order-service,SEV4,open,2024-11-21 17:36:35,,Incident on order-service triggered by database connection pool exhaustion.,
INC-000638,reporting-dashboard,SEV3,resolved,2024-07-30 12:29:23,2024-07-30 13:25:43.140940430,Incident on reporting-dashboard triggered by a misconfigured deployment.,A configuration change was deployed without a canary rollout.
INC-000639,auth-service,SEV3,resolved,2025-05-23 08:21:04,2025-05-23 09:22:31.670581162,Incident on auth-service triggered by an expired credential.,An upstream dependency exceeded its SLA during a regional failover.
INC-000640,api-gateway,SEV3,resolved,2025-09-19 13:52:56,2025-09-19 16:34:35.817776072,Incident on api-gateway triggered by a memory leak in a recent release.,An upstream dependency exceeded its SLA during a regional failover.
INC-000641,auth-service,SEV3,resolved,2025-02-20 19:15:53,2025-02-21 04:39:48.611865602,Incident on auth-service triggered by a memory leak in a recent release.,A configuration change was deployed without a canary rollout.
INC-000642,shipping-tracker,SEV3,resolved,2024-05-30 23:51:38,2024-05-31 03:37:00.510993218,Incident on shipping-tracker triggered by an unhandled exception in a new code path.,A credential rotation job failed silently.
INC-000643,search-service,SEV4,resolved,2024-10-05 07:38:51,2024-10-05 09:00:16.571361102,Incident on search-service triggered by network partition between regions.,Capacity was not scaled ahead of a known traffic event.
INC-000644,reporting-dashboard,SEV4,resolved,2024-01-03 12:43:12,2024-01-03 20:22:16.612185918,Incident on reporting-dashboard triggered by an unhandled exception in a new code path.,A credential rotation job failed silently.
INC-000645,auth-service,SEV4,resolved,2024-11-01 13:55:20,2024-11-01 22:47:53.834052134,Incident on auth-service triggered by elevated traffic beyond provisioned capacity.,A memory leak introduced in the previous release caused gradual degradation.
INC-000646,billing-engine,SEV2,resolved,2025-06-04 19:31:55,2025-06-04 22:56:42.100325902,Incident on billing-engine triggered by an expired credential.,An upstream dependency exceeded its SLA during a regional failover.
INC-000647,auth-service,SEV4,mitigated,2025-03-15 09:19:08,2025-03-15 14:29:15.639446035,Incident on auth-service triggered by an expired credential.,A credential rotation job failed silently.
INC-000648,order-service,SEV3,mitigated,2025-09-21 13:12:38,2025-09-21 16:00:59.540558012,Incident on order-service triggered by database connection pool exhaustion.,A memory leak introduced in the previous release caused gradual degradation.
INC-000649,auth-service,SEV4,resolved,2024-05-29 17:38:13,2024-05-30 01:12:49.891641160,Incident on auth-service triggered by an unhandled exception in a new code path.,Capacity was not scaled ahead of a known traffic event.
INC-000650,shipping-tracker,SEV4,mitigated,2025-08-05 19:53:31,2025-08-06 01:56:02.815486792,Incident on shipping-tracker triggered by a misconfigured deployment.,An upstream dependency exceeded its SLA during a regional failover.
INC-000651,inventory-service,SEV1,resolved,2025-10-16 10:20:25,2025-10-16 19:45:37.630426768,Incident on inventory-service triggered by a downstream dependency timeout.,A credential rotation job failed silently.
INC-000652,inventory-service,SEV2,resolved,2025-04-25 04:21:18,2025-04-25 14:14:16.877077248,Incident on inventory-service triggered by elevated traffic beyond provisioned capacity.,A memory leak introduced in the previous release caused gradual degradation.
INC-000653,fraud-detection,SEV4,mitigated,2024-05-21 11:01:23,2024-05-21 19:22:27.900803006,Incident on fraud-detection triggered by database connection pool exhaustion.,An upstream dependency exceeded its SLA during a regional failover.
INC-000654,recommendation-engine,SEV2,mitigated,2024-09-17 18:10:16,2024-09-18 02:35:15.752614528,Incident on recommendation-engine triggered by database connection pool exhaustion.,An upstream dependency exceeded its SLA during a regional failover.
INC-000655,shipping-tracker,SEV4,resolved,2025-09-15 03:20:19,2025-09-15 09:04:42.332044408,Incident on shipping-tracker triggered by network partition between regions.,A memory leak introduced in the previous release caused gradual degradation.
INC-000656,reporting-dashboard,SEV4,resolved,2025-05-17 19:15:16,2025-05-18 01:59:11.042677054,Incident on reporting-dashboard triggered by network partition between regions.,An upstream dependency exceeded its SLA during a regional failover.
INC-000657,api-gateway,SEV3,resolved,2024-10-03 21:18:27,2024-10-04 07:01:01.211714777,Incident on api-gateway triggered by a memory leak in a recent release.,Insufficient connection pool sizing for peak load.
INC-000658,search-service,SEV3,resolved,2025-04-28 00:52:32,2025-04-28 09:14:33.670756550,Incident on search-service triggered by network partition between regions.,An upstream dependency exceeded its SLA during a regional failover.
INC-000659,api-gateway,SEV3,resolved,2025-10-19 11:30:57,2025-10-19 15:55:41.053602114,Incident on api-gateway triggered by network partition between regions.,A configuration change was deployed without a canary rollout.
INC-000660,notification-service,SEV3,resolved,2024-10-11 00:04:33,2024-10-11 05:55:07.001997684,Incident on notification-service triggered by network partition between regions.,Insufficient connection pool sizing for peak load.
INC-000661,analytics-pipeline,SEV4,resolved,2025-07-11 07:30:01,2025-07-11 10:38:16.777660918,Incident on analytics-pipeline triggered by an unhandled exception in a new code path.,An upstream dependency exceeded its SLA during a regional failover.
INC-000662,payment-gateway,SEV3,resolved,2024-03-04 13:13:54,2024-03-04 17:36:36.707665914,Incident on payment-gateway triggered by a misconfigured deployment.,An upstream dependency exceeded its SLA during a regional failover.
INC-000663,notification-service,SEV3,mitigated,2025-01-10 18:52:09,2025-01-11 00:10:45.350279112,Incident on notification-service triggered by database connection pool exhaustion.,Capacity was not scaled ahead of a known traffic event.
INC-000664,order-service,SEV2,resolved,2025-07-09 19:35:00,2025-07-10 02:36:28.505983392,Incident on order-service triggered by an unhandled exception in a new code path.,Capacity was not scaled ahead of a known traffic event.
INC-000665,billing-engine,SEV4,mitigated,2025-03-12 23:17:02,2025-03-13 06:53:30.072183680,Incident on billing-engine triggered by a misconfigured deployment.,A configuration change was deployed without a canary rollout.
INC-000666,inventory-service,SEV3,resolved,2024-02-06 23:41:59,2024-02-07 00:43:39.964277216,Incident on inventory-service triggered by database connection pool exhaustion.,Capacity was not scaled ahead of a known traffic event.
INC-000667,api-gateway,SEV3,open,2024-10-17 21:38:52,,Incident on api-gateway triggered by network partition between regions.,
INC-000668,billing-engine,SEV4,resolved,2025-01-30 11:52:50,2025-01-30 18:38:09.376370960,Incident on billing-engine triggered by database connection pool exhaustion.,Insufficient connection pool sizing for peak load.
INC-000669,customer-portal,SEV4,resolved,2025-05-19 21:07:49,2025-05-19 22:45:48.793062274,Incident on customer-portal triggered by an unhandled exception in a new code path.,Insufficient connection pool sizing for peak load.
INC-000670,inventory-service,SEV3,open,2024-11-17 23:55:30,,Incident on inventory-service triggered by network partition between regions.,
INC-000671,billing-engine,SEV4,resolved,2025-05-24 09:01:53,2025-05-24 12:57:19.176700004,Incident on billing-engine triggered by a memory leak in a recent release.,A configuration change was deployed without a canary rollout.
INC-000672,inventory-service,SEV4,resolved,2024-06-25 12:51:26,2024-06-25 15:52:51.884991776,Incident on inventory-service triggered by a memory leak in a recent release.,Insufficient connection pool sizing for peak load.
INC-000673,billing-engine,SEV4,resolved,2024-07-15 04:33:16,2024-07-15 06:40:36.771952360,Incident on billing-engine triggered by an unhandled exception in a new code path.,An upstream dependency exceeded its SLA during a regional failover.
INC-000674,billing-engine,SEV4,resolved,2025-10-24 18:29:52,2025-10-24 18:49:15.328063516,Incident on billing-engine triggered by an expired credential.,Capacity was not scaled ahead of a known traffic event.
INC-000675,analytics-pipeline,SEV2,resolved,2025-05-21 04:22:50,2025-05-21 07:20:47.722973468,Incident on analytics-pipeline triggered by database connection pool exhaustion.,A credential rotation job failed silently.
INC-000676,analytics-pipeline,SEV3,mitigated,2024-06-16 14:12:14,2024-06-16 16:25:25.529563172,Incident on analytics-pipeline triggered by database connection pool exhaustion.,Capacity was not scaled ahead of a known traffic event.
INC-000677,fraud-detection,SEV1,resolved,2024-03-11 07:08:36,2024-03-11 11:09:49.061106120,Incident on fraud-detection triggered by a downstream dependency timeout.,Insufficient connection pool sizing for peak load.
INC-000678,notification-service,SEV4,resolved,2025-04-22 16:08:35,2025-04-23 00:55:42.872155687,Incident on notification-service triggered by a misconfigured deployment.,Insufficient connection pool sizing for peak load.
INC-000679,warehouse-management,SEV3,resolved,2025-08-01 00:37:28,2025-08-01 07:50:09.194470828,Incident on warehouse-management triggered by a memory leak in a recent release.,Capacity was not scaled ahead of a known traffic event.
INC-000680,order-service,SEV1,resolved,2024-02-25 14:14:24,2024-02-25 15:11:56.351098572,Incident on order-service triggered by elevated traffic beyond provisioned capacity.,A memory leak introduced in the previous release caused gradual degradation.
INC-000681,payment-gateway,SEV4,resolved,2025-06-15 23:50:04,2025-06-16 08:40:10.510617904,Incident on payment-gateway triggered by an expired credential.,Insufficient connection pool sizing for peak load.
INC-000682,shipping-tracker,SEV3,mitigated,2025-05-02 21:07:13,2025-05-03 04:17:20.392495966,Incident on shipping-tracker triggered by an unhandled exception in a new code path.,An upstream dependency exceeded its SLA during a regional failover.
INC-000683,billing-engine,SEV4,resolved,2024-06-06 18:58:00,2024-06-06 22:52:31.611366575,Incident on billing-engine triggered by network partition between regions.,Capacity was not scaled ahead of a known traffic event.
INC-000684,order-service,SEV4,mitigated,2024-12-25 23:03:22,2024-12-26 07:46:21.443379688,Incident on order-service triggered by a downstream dependency timeout.,A credential rotation job failed silently.
INC-000685,search-service,SEV4,resolved,2025-11-10 06:07:43,2025-11-10 11:44:38.393090038,Incident on search-service triggered by elevated traffic beyond provisioned capacity.,An upstream dependency exceeded its SLA during a regional failover.
INC-000686,fraud-detection,SEV4,resolved,2025-07-18 20:32:05,2025-07-18 21:19:59.701703150,Incident on fraud-detection triggered by network partition between regions.,Insufficient connection pool sizing for peak load.
INC-000687,customer-portal,SEV4,resolved,2024-06-10 00:51:32,2024-06-10 06:00:53.066768726,Incident on customer-portal triggered by network partition between regions.,An upstream dependency exceeded its SLA during a regional failover.
INC-000688,analytics-pipeline,SEV3,resolved,2025-11-04 04:12:56,2025-11-04 08:50:28.739219449,Incident on analytics-pipeline triggered by database connection pool exhaustion.,Insufficient connection pool sizing for peak load.
INC-000689,order-service,SEV3,resolved,2025-12-30 12:27:41,2025-12-30 16:00:48.193894670,Incident on order-service triggered by a memory leak in a recent release.,A credential rotation job failed silently.
INC-000690,api-gateway,SEV3,mitigated,2024-06-15 12:42:01,2024-06-15 19:10:49.333838914,Incident on api-gateway triggered by network partition between regions.,A configuration change was deployed without a canary rollout.
INC-000691,search-service,SEV2,mitigated,2024-08-13 03:09:23,2024-08-13 05:25:51.864734840,Incident on search-service triggered by an expired credential.,A memory leak introduced in the previous release caused gradual degradation.
INC-000692,billing-engine,SEV4,resolved,2024-10-04 21:48:27,2024-10-04 23:49:50.836317246,Incident on billing-engine triggered by a memory leak in a recent release.,A configuration change was deployed without a canary rollout.
INC-000693,reporting-dashboard,SEV4,mitigated,2025-09-19 03:30:37,2025-09-19 08:19:05.821099252,Incident on reporting-dashboard triggered by elevated traffic beyond provisioned capacity.,A credential rotation job failed silently.
INC-000694,inventory-service,SEV4,resolved,2025-10-22 09:44:24,2025-10-22 16:54:53.689537434,Incident on inventory-service triggered by elevated traffic beyond provisioned capacity.,A credential rotation job failed silently.
INC-000695,payment-gateway,SEV4,resolved,2024-10-23 16:54:43,2024-10-23 19:43:55.203030262,Incident on payment-gateway triggered by a downstream dependency timeout.,Capacity was not scaled ahead of a known traffic event.
INC-000696,auth-service,SEV4,resolved,2024-02-26 20:41:16,2024-02-26 21:36:47.796516399,Incident on auth-service triggered by an unhandled exception in a new code path.,A configuration change was deployed without a canary rollout.
INC-000697,recommendation-engine,SEV4,resolved,2025-12-16 22:27:42,2025-12-17 08:08:39.652225860,Incident on recommendation-engine triggered by a memory leak in a recent release.,A credential rotation job failed silently.
INC-000698,search-service,SEV4,mitigated,2024-09-18 04:05:21,2024-09-18 06:51:14.309075658,Incident on search-service triggered by elevated traffic beyond provisioned capacity.,An upstream dependency exceeded its SLA during a regional failover.
INC-000699,warehouse-management,SEV3,resolved,2024-11-04 02:52:51,2024-11-04 05:52:33.736547340,Incident on warehouse-management triggered by a memory leak in a recent release.,Capacity was not scaled ahead of a known traffic event.
INC-000700,analytics-pipeline,SEV1,resolved,2024-10-11 14:17:39,2024-10-11 15:28:32.166547056,Incident on analytics-pipeline triggered by a memory leak in a recent release.,A credential rotation job failed silently.
INC-000701,payment-gateway,SEV4,resolved,2024-01-17 13:12:04,2024-01-17 22:25:38.328672040,Incident on payment-gateway triggered by network partition between regions.,Insufficient connection pool sizing for peak load.
INC-000702,order-service,SEV4,resolved,2025-12-11 20:59:03,2025-12-12 02:46:35.439452447,Incident on order-service triggered by a downstream dependency timeout.,A memory leak introduced in the previous release caused gradual degradation.
INC-000703,inventory-service,SEV3,resolved,2024-06-04 09:20:49,2024-06-04 18:39:58.304036146,Incident on inventory-service triggered by a memory leak in a recent release.,A credential rotation job failed silently.
INC-000704,recommendation-engine,SEV4,resolved,2024-12-25 17:43:05,2024-12-25 21:22:28.946063108,Incident on recommendation-engine triggered by a memory leak in a recent release.,A configuration change was deployed without a canary rollout.
INC-000705,inventory-service,SEV2,resolved,2024-01-26 15:55:49,2024-01-26 17:46:39.353917324,Incident on inventory-service triggered by network partition between regions.,Capacity was not scaled ahead of a known traffic event.
INC-000706,customer-portal,SEV3,resolved,2024-01-05 00:48:28,2024-01-05 08:47:11.555847580,Incident on customer-portal triggered by elevated traffic beyond provisioned capacity.,Capacity was not scaled ahead of a known traffic event.
INC-000707,billing-engine,SEV2,resolved,2024-08-29 08:49:30,2024-08-29 10:52:36.725318166,Incident on billing-engine triggered by an unhandled exception in a new code path.,Insufficient connection pool sizing for peak load.
INC-000708,order-service,SEV3,mitigated,2025-07-22 04:16:15,2025-07-22 07:42:12.008374866,Incident on order-service triggered by a memory leak in a recent release.,A credential rotation job failed silently.
INC-000709,recommendation-engine,SEV4,resolved,2024-01-31 17:41:32,2024-02-01 01:45:13.555316102,Incident on recommendation-engine triggered by network partition between regions.,An upstream dependency exceeded its SLA during a regional failover.
INC-000710,reporting-dashboard,SEV1,resolved,2024-01-25 22:35:49,2024-01-26 00:33:25.613141848,Incident on reporting-dashboard triggered by a misconfigured deployment.,A credential rotation job failed silently.
INC-000711,search-service,SEV4,resolved,2025-07-06 12:49:00,2025-07-06 15:19:48.651741150,Incident on search-service triggered by a downstream dependency timeout.,A memory leak introduced in the previous release caused gradual degradation.
INC-000712,reporting-dashboard,SEV2,mitigated,2024-02-05 22:42:54,2024-02-06 01:54:02.544026250,Incident on reporting-dashboard triggered by database connection pool exhaustion.,Capacity was not scaled ahead of a known traffic event.
INC-000713,billing-engine,SEV4,resolved,2024-03-21 12:58:14,2024-03-21 21:16:02.124480872,Incident on billing-engine triggered by a downstream dependency timeout.,Insufficient connection pool sizing for peak load.
INC-000714,auth-service,SEV3,resolved,2024-10-04 06:46:30,2024-10-04 11:12:49.828329828,Incident on auth-service triggered by database connection pool exhaustion.,A credential rotation job failed silently.
INC-000715,fraud-detection,SEV4,mitigated,2025-09-09 13:30:46,2025-09-09 14:59:13.662509896,Incident on fraud-detection triggered by an unhandled exception in a new code path.,A credential rotation job failed silently.
INC-000716,recommendation-engine,SEV2,resolved,2024-01-22 14:56:01,2024-01-22 21:22:08.309279836,Incident on recommendation-engine triggered by a downstream dependency timeout.,A configuration change was deployed without a canary rollout.
INC-000717,inventory-service,SEV3,mitigated,2025-01-24 17:25:48,2025-01-24 20:02:12.250042098,Incident on inventory-service triggered by an unhandled exception in a new code path.,An upstream dependency exceeded its SLA during a regional failover.
INC-000718,shipping-tracker,SEV3,resolved,2025-11-19 05:06:33,2025-11-19 09:45:29.304579822,Incident on shipping-tracker triggered by a memory leak in a recent release.,Capacity was not scaled ahead of a known traffic event.
INC-000719,billing-engine,SEV4,resolved,2024-07-18 05:26:24,2024-07-18 05:43:22.053107034,Incident on billing-engine triggered by an unhandled exception in a new code path.,Insufficient connection pool sizing for peak load.
INC-000720,api-gateway,SEV2,resolved,2025-09-12 03:54:17,2025-09-12 04:24:28.196336024,Incident on api-gateway triggered by an expired credential.,Capacity was not scaled ahead of a known traffic event.
INC-000721,recommendation-engine,SEV4,mitigated,2024-12-21 08:10:44,2024-12-21 09:51:18.839415182,Incident on recommendation-engine triggered by an unhandled exception in a new code path.,Capacity was not scaled ahead of a known traffic event.
INC-000722,fraud-detection,SEV1,mitigated,2025-09-15 21:21:36,2025-09-15 23:02:34.727377704,Incident on fraud-detection triggered by a downstream dependency timeout.,Capacity was not scaled ahead of a known traffic event.
INC-000723,recommendation-engine,SEV4,resolved,2024-07-14 12:32:10,2024-07-14 20:32:15.164481946,Incident on recommendation-engine triggered by an unhandled exception in a new code path.,A configuration change was deployed without a canary rollout.
INC-000724,shipping-tracker,SEV3,resolved,2024-04-01 07:48:05,2024-04-01 12:55:08.953092217,Incident on shipping-tracker triggered by a downstream dependency timeout.,An upstream dependency exceeded its SLA during a regional failover.
INC-000725,analytics-pipeline,SEV2,resolved,2025-01-01 22:56:18,2025-01-02 03:09:00.137843508,Incident on analytics-pipeline triggered by network partition between regions.,Insufficient connection pool sizing for peak load.
INC-000726,billing-engine,SEV3,resolved,2025-12-17 09:27:34,2025-12-17 13:00:44.798321344,Incident on billing-engine triggered by network partition between regions.,Capacity was not scaled ahead of a known traffic event.
INC-000727,reporting-dashboard,SEV4,resolved,2025-01-13 13:50:13,2025-01-13 20:07:46.071423856,Incident on reporting-dashboard triggered by network partition between regions.,Insufficient connection pool sizing for peak load.
INC-000728,auth-service,SEV4,resolved,2025-06-29 15:30:17,2025-06-29 16:49:57.521448902,Incident on auth-service triggered by database connection pool exhaustion.,Insufficient connection pool sizing for peak load.
INC-000729,warehouse-management,SEV4,resolved,2025-01-27 06:27:55,2025-01-27 11:31:58.937621122,Incident on warehouse-management triggered by elevated traffic beyond provisioned capacity.,An upstream dependency exceeded its SLA during a regional failover.
INC-000730,shipping-tracker,SEV3,open,2024-07-16 12:30:53,,Incident on shipping-tracker triggered by a memory leak in a recent release.,
INC-000731,search-service,SEV2,resolved,2025-05-09 05:39:52,2025-05-09 13:14:19.571001922,Incident on search-service triggered by an unhandled exception in a new code path.,An upstream dependency exceeded its SLA during a regional failover.
INC-000732,recommendation-engine,SEV3,resolved,2025-10-08 07:07:25,2025-10-08 15:58:50.119623232,Incident on recommendation-engine triggered by an expired credential.,A memory leak introduced in the previous release caused gradual degradation.
INC-000733,inventory-service,SEV3,mitigated,2024-07-17 09:26:59,2024-07-17 15:09:13.561849880,Incident on inventory-service triggered by network partition between regions.,Capacity was not scaled ahead of a known traffic event.
INC-000734,fraud-detection,SEV2,mitigated,2025-06-08 17:41:26,2025-06-09 01:20:52.426541858,Incident on fraud-detection triggered by a memory leak in a recent release.,An upstream dependency exceeded its SLA during a regional failover.
INC-000735,api-gateway,SEV4,resolved,2025-02-23 22:25:43,2025-02-24 00:50:42.931862230,Incident on api-gateway triggered by a downstream dependency timeout.,Insufficient connection pool sizing for peak load.
INC-000736,warehouse-management,SEV3,resolved,2025-08-20 15:11:49,2025-08-20 19:20:19.771685458,Incident on warehouse-management triggered by elevated traffic beyond provisioned capacity.,An upstream dependency exceeded its SLA during a regional failover.
INC-000737,analytics-pipeline,SEV3,open,2024-05-31 08:34:27,,Incident on analytics-pipeline triggered by a misconfigured deployment.,
INC-000738,search-service,SEV3,mitigated,2025-12-02 04:44:26,2025-12-02 07:22:53.319552986,Incident on search-service triggered by an expired credential.,A memory leak introduced in the previous release caused gradual degradation.
INC-000739,payment-gateway,SEV2,resolved,2024-05-26 07:01:08,2024-05-26 15:20:05.517876416,Incident on payment-gateway triggered by a memory leak in a recent release.,A credential rotation job failed silently.
INC-000740,order-service,SEV4,resolved,2024-09-07 07:00:07,2024-09-07 08:51:29.579313244,Incident on order-service triggered by a memory leak in a recent release.,Insufficient connection pool sizing for peak load.
INC-000741,reporting-dashboard,SEV4,mitigated,2025-03-04 01:50:52,2025-03-04 08:45:15.471784042,Incident on reporting-dashboard triggered by an expired credential.,A configuration change was deployed without a canary rollout.
INC-000742,search-service,SEV3,open,2024-02-07 02:23:53,,Incident on search-service triggered by a memory leak in a recent release.,
INC-000743,recommendation-engine,SEV3,resolved,2024-05-01 12:52:32,2024-05-01 17:14:51.278564930,Incident on recommendation-engine triggered by an unhandled exception in a new code path.,Insufficient connection pool sizing for peak load.
INC-000744,order-service,SEV3,resolved,2025-09-02 06:46:29,2025-09-02 12:04:07.418148134,Incident on order-service triggered by database connection pool exhaustion.,A memory leak introduced in the previous release caused gradual degradation.
INC-000745,customer-portal,SEV4,resolved,2025-06-15 20:23:33,2025-06-16 05:47:18.469462680,Incident on customer-portal triggered by elevated traffic beyond provisioned capacity.,A memory leak introduced in the previous release caused gradual degradation.
INC-000746,order-service,SEV4,resolved,2024-01-21 19:07:13,2024-01-22 04:21:44.981442351,Incident on order-service triggered by a downstream dependency timeout.,A memory leak introduced in the previous release caused gradual degradation.
INC-000747,analytics-pipeline,SEV3,mitigated,2024-07-29 00:41:15,2024-07-29 04:10:51.554079426,Incident on analytics-pipeline triggered by network partition between regions.,A credential rotation job failed silently.
INC-000748,customer-portal,SEV3,resolved,2025-05-12 15:22:19,2025-05-12 18:18:43.816802824,Incident on customer-portal triggered by elevated traffic beyond provisioned capacity.,Insufficient connection pool sizing for peak load.
INC-000749,recommendation-engine,SEV4,mitigated,2025-05-10 21:31:49,2025-05-11 06:50:44.012675554,Incident on recommendation-engine triggered by a downstream dependency timeout.,A memory leak introduced in the previous release caused gradual degradation.
INC-000750,payment-gateway,SEV3,resolved,2024-02-20 03:33:56,2024-02-20 05:20:44.757294134,Incident on payment-gateway triggered by network partition between regions.,Capacity was not scaled ahead of a known traffic event.
INC-000751,customer-portal,SEV2,mitigated,2025-07-18 08:06:36,2025-07-18 16:00:21.910574496,Incident on customer-portal triggered by a memory leak in a recent release.,Insufficient connection pool sizing for peak load.
INC-000752,analytics-pipeline,SEV4,resolved,2025-01-01 17:09:14,2025-01-01 23:04:02.253411392,Incident on analytics-pipeline triggered by a memory leak in a recent release.,A configuration change was deployed without a canary rollout.
INC-000753,billing-engine,SEV4,open,2024-06-04 23:46:50,,Incident on billing-engine triggered by database connection pool exhaustion.,
INC-000754,reporting-dashboard,SEV3,resolved,2025-12-18 22:56:51,2025-12-19 04:49:50.180846400,Incident on reporting-dashboard triggered by an expired credential.,Insufficient connection pool sizing for peak load.
INC-000755,api-gateway,SEV4,resolved,2025-05-17 14:05:48,2025-05-17 22:53:25.701817806,Incident on api-gateway triggered by a downstream dependency timeout.,A credential rotation job failed silently.
INC-000756,search-service,SEV4,resolved,2024-09-29 23:06:04,2024-09-30 05:28:41.599543552,Incident on search-service triggered by elevated traffic beyond provisioned capacity.,A configuration change was deployed without a canary rollout.
INC-000757,reporting-dashboard,SEV4,resolved,2025-09-03 15:45:15,2025-09-04 01:29:38.044845066,Incident on reporting-dashboard triggered by a downstream dependency timeout.,A configuration change was deployed without a canary rollout.
INC-000758,auth-service,SEV4,mitigated,2024-09-07 11:00:22,2024-09-07 15:11:42.193635592,Incident on auth-service triggered by a memory leak in a recent release.,A memory leak introduced in the previous release caused gradual degradation.
INC-000759,payment-gateway,SEV4,resolved,2025-05-05 18:39:04,2025-05-06 02:56:05.323767598,Incident on payment-gateway triggered by a misconfigured deployment.,A configuration change was deployed without a canary rollout.
INC-000760,customer-portal,SEV3,resolved,2024-07-04 02:14:08,2024-07-04 08:53:04.405933202,Incident on customer-portal triggered by a downstream dependency timeout.,Capacity was not scaled ahead of a known traffic event.
INC-000761,auth-service,SEV3,mitigated,2024-02-21 07:19:08,2024-02-21 11:58:53.049694382,Incident on auth-service triggered by a memory leak in a recent release.,A configuration change was deployed without a canary rollout.
INC-000762,billing-engine,SEV4,resolved,2024-08-09 03:13:43,2024-08-09 08:28:38.371002844,Incident on billing-engine triggered by an unhandled exception in a new code path.,A memory leak introduced in the previous release caused gradual degradation.
INC-000763,recommendation-engine,SEV3,mitigated,2024-08-14 15:21:01,2024-08-14 18:59:20.826604528,Incident on recommendation-engine triggered by elevated traffic beyond provisioned capacity.,Insufficient connection pool sizing for peak load.
INC-000764,analytics-pipeline,SEV3,resolved,2025-02-02 09:30:51,2025-02-02 17:10:10.711393278,Incident on analytics-pipeline triggered by elevated traffic beyond provisioned capacity.,A credential rotation job failed silently.
INC-000765,api-gateway,SEV3,resolved,2024-04-05 05:10:13,2024-04-05 08:09:16.784760759,Incident on api-gateway triggered by a misconfigured deployment.,A configuration change was deployed without a canary rollout.
INC-000766,fraud-detection,SEV2,resolved,2024-02-01 18:32:29,2024-02-01 20:36:40.582928510,Incident on fraud-detection triggered by elevated traffic beyond provisioned capacity.,A memory leak introduced in the previous release caused gradual degradation.
INC-000767,reporting-dashboard,SEV4,resolved,2025-12-14 18:13:08,2025-12-14 22:07:27.612393026,Incident on reporting-dashboard triggered by network partition between regions.,Capacity was not scaled ahead of a known traffic event.
INC-000768,inventory-service,SEV3,open,2025-06-20 20:12:47,,Incident on inventory-service triggered by an expired credential.,
INC-000769,shipping-tracker,SEV4,mitigated,2025-10-08 10:57:28,2025-10-08 16:52:25.659657082,Incident on shipping-tracker triggered by an unhandled exception in a new code path.,Insufficient connection pool sizing for peak load.
INC-000770,reporting-dashboard,SEV1,open,2025-07-15 13:45:47,,Incident on reporting-dashboard triggered by network partition between regions.,
INC-000771,search-service,SEV4,resolved,2024-07-20 17:36:00,2024-07-20 23:31:17.597423868,Incident on search-service triggered by an expired credential.,Insufficient connection pool sizing for peak load.
INC-000772,search-service,SEV4,resolved,2024-12-12 21:08:00,2024-12-12 23:27:00.082729680,Incident on search-service triggered by an expired credential.,Insufficient connection pool sizing for peak load.
INC-000773,warehouse-management,SEV2,resolved,2025-08-05 16:19:09,2025-08-06 02:05:18.737369610,Incident on warehouse-management triggered by an expired credential.,Capacity was not scaled ahead of a known traffic event.
INC-000774,order-service,SEV3,resolved,2025-02-02 00:15:03,2025-02-02 08:11:21.693439632,Incident on order-service triggered by an expired credential.,Capacity was not scaled ahead of a known traffic event.
INC-000775,payment-gateway,SEV3,mitigated,2025-10-30 06:50:59,2025-10-30 11:52:21.383246618,Incident on payment-gateway triggered by a memory leak in a recent release.,A configuration change was deployed without a canary rollout.
INC-000776,billing-engine,SEV2,resolved,2025-03-10 22:44:50,2025-03-11 03:55:28.296623930,Incident on billing-engine triggered by network partition between regions.,A memory leak introduced in the previous release caused gradual degradation.
INC-000777,shipping-tracker,SEV4,resolved,2025-02-25 01:48:59,2025-02-25 06:18:48.218339930,Incident on shipping-tracker triggered by a downstream dependency timeout.,A credential rotation job failed silently.
INC-000778,reporting-dashboard,SEV4,resolved,2025-10-24 19:58:23,2025-10-24 21:20:08.135757188,Incident on reporting-dashboard triggered by a misconfigured deployment.,A memory leak introduced in the previous release caused gradual degradation.
INC-000779,auth-service,SEV4,resolved,2025-09-08 13:34:30,2025-09-08 16:40:47.676871512,Incident on auth-service triggered by elevated traffic beyond provisioned capacity.,A configuration change was deployed without a canary rollout.
INC-000780,api-gateway,SEV3,resolved,2025-11-06 20:35:30,2025-11-06 22:38:34.647933648,Incident on api-gateway triggered by a downstream dependency timeout.,A memory leak introduced in the previous release caused gradual degradation.
INC-000781,payment-gateway,SEV4,resolved,2024-08-19 18:25:06,2024-08-19 21:06:26.290169490,Incident on payment-gateway triggered by an expired credential.,Insufficient connection pool sizing for peak load.
INC-000782,reporting-dashboard,SEV4,resolved,2025-04-23 20:58:17,2025-04-24 06:05:55.195382072,Incident on reporting-dashboard triggered by database connection pool exhaustion.,A configuration change was deployed without a canary rollout.
INC-000783,shipping-tracker,SEV4,resolved,2024-02-06 03:28:15,2024-02-06 13:07:27.249010602,Incident on shipping-tracker triggered by an expired credential.,A configuration change was deployed without a canary rollout.
INC-000784,customer-portal,SEV2,resolved,2024-05-17 00:36:05,2024-05-17 10:17:54.738469436,Incident on customer-portal triggered by database connection pool exhaustion.,A configuration change was deployed without a canary rollout.
INC-000785,billing-engine,SEV2,resolved,2024-03-20 01:09:52,2024-03-20 08:27:23.018093632,Incident on billing-engine triggered by an unhandled exception in a new code path.,Insufficient connection pool sizing for peak load.
INC-000786,warehouse-management,SEV4,resolved,2024-03-28 16:16:02,2024-03-29 00:42:52.462936982,Incident on warehouse-management triggered by network partition between regions.,An upstream dependency exceeded its SLA during a regional failover.
INC-000787,shipping-tracker,SEV1,resolved,2025-09-10 00:17:10,2025-09-10 02:11:01.055135140,Incident on shipping-tracker triggered by database connection pool exhaustion.,An upstream dependency exceeded its SLA during a regional failover.
INC-000788,customer-portal,SEV4,resolved,2024-11-24 17:34:39,2024-11-24 23:40:01.865445672,Incident on customer-portal triggered by a memory leak in a recent release.,Capacity was not scaled ahead of a known traffic event.
INC-000789,warehouse-management,SEV3,open,2025-12-15 01:15:39,,Incident on warehouse-management triggered by elevated traffic beyond provisioned capacity.,
INC-000790,customer-portal,SEV4,resolved,2024-07-13 23:32:44,2024-07-14 01:11:43.752122540,Incident on customer-portal triggered by a downstream dependency timeout.,A configuration change was deployed without a canary rollout.
INC-000791,warehouse-management,SEV3,mitigated,2025-08-12 17:42:19,2025-08-13 01:16:14.409052294,Incident on warehouse-management triggered by network partition between regions.,A credential rotation job failed silently.
INC-000792,shipping-tracker,SEV4,open,2024-01-27 06:59:22,,Incident on shipping-tracker triggered by network partition between regions.,
INC-000793,payment-gateway,SEV3,resolved,2025-01-02 12:08:40,2025-01-02 20:09:19.652954242,Incident on payment-gateway triggered by an unhandled exception in a new code path.,Insufficient connection pool sizing for peak load.
INC-000794,billing-engine,SEV4,resolved,2025-03-27 08:09:16,2025-03-27 09:01:17.200490554,Incident on billing-engine triggered by an unhandled exception in a new code path.,Capacity was not scaled ahead of a known traffic event.
INC-000795,payment-gateway,SEV1,mitigated,2024-03-07 22:19:33,2024-03-08 00:34:20.299717170,Incident on payment-gateway triggered by network partition between regions.,Insufficient connection pool sizing for peak load.
INC-000796,shipping-tracker,SEV3,resolved,2025-09-06 14:49:25,2025-09-06 16:17:30.134273080,Incident on shipping-tracker triggered by a downstream dependency timeout.,A configuration change was deployed without a canary rollout.
INC-000797,warehouse-management,SEV3,resolved,2025-05-29 12:04:15,2025-05-29 18:08:40.274497998,Incident on warehouse-management triggered by an expired credential.,Insufficient connection pool sizing for peak load.
INC-000798,analytics-pipeline,SEV4,resolved,2024-05-27 04:58:22,2024-05-27 11:59:25.453120846,Incident on analytics-pipeline triggered by elevated traffic beyond provisioned capacity.,A configuration change was deployed without a canary rollout.
INC-000799,warehouse-management,SEV4,resolved,2025-04-01 22:05:50,2025-04-02 02:44:20.010979838,Incident on warehouse-management triggered by a downstream dependency timeout.,A memory leak introduced in the previous release caused gradual degradation.
INC-000800,warehouse-management,SEV1,resolved,2024-06-29 18:28:12,2024-06-30 01:06:14.901561330,Incident on warehouse-management triggered by network partition between regions.,A memory leak introduced in the previous release caused gradual degradation.
INC-000801,fraud-detection,SEV3,resolved,2024-06-09 08:41:16,2024-06-09 18:39:19.245106564,Incident on fraud-detection triggered by database connection pool exhaustion.,Insufficient connection pool sizing for peak load.
INC-000802,search-service,SEV3,resolved,2024-08-05 17:16:34,2024-08-05 20:21:38.173152207,Incident on search-service triggered by an expired credential.,Insufficient connection pool sizing for peak load.
INC-000803,reporting-dashboard,SEV2,resolved,2025-04-05 18:28:10,2025-04-05 22:18:00.893419378,Incident on reporting-dashboard triggered by an unhandled exception in a new code path.,Insufficient connection pool sizing for peak load.
INC-000804,inventory-service,SEV3,resolved,2024-08-02 06:03:45,2024-08-02 14:48:04.722506262,Incident on inventory-service triggered by a downstream dependency timeout.,An upstream dependency exceeded its SLA during a regional failover.
INC-000805,shipping-tracker,SEV3,resolved,2024-08-14 02:52:44,2024-08-14 04:34:49.804261556,Incident on shipping-tracker triggered by an unhandled exception in a new code path.,An upstream dependency exceeded its SLA during a regional failover.
INC-000806,search-service,SEV3,resolved,2025-09-13 18:45:06,2025-09-13 21:30:19.126114092,Incident on search-service triggered by a misconfigured deployment.,Capacity was not scaled ahead of a known traffic event.
INC-000807,auth-service,SEV3,mitigated,2025-02-01 11:01:17,2025-02-01 17:15:08.528862476,Incident on auth-service triggered by database connection pool exhaustion.,A credential rotation job failed silently.
INC-000808,shipping-tracker,SEV4,resolved,2024-01-22 22:24:32,2024-01-23 00:11:02.550808274,Incident on shipping-tracker triggered by a misconfigured deployment.,A credential rotation job failed silently.
INC-000809,payment-gateway,SEV2,resolved,2024-03-21 14:23:47,2024-03-21 20:56:37.946896334,Incident on payment-gateway triggered by a misconfigured deployment.,A credential rotation job failed silently.
INC-000810,search-service,SEV2,resolved,2025-02-26 00:24:43,2025-02-26 01:08:32.223348106,Incident on search-service triggered by network partition between regions.,Insufficient connection pool sizing for peak load.
INC-000811,warehouse-management,SEV4,resolved,2024-12-07 23:00:24,2024-12-08 08:47:37.130394402,Incident on warehouse-management triggered by an expired credential.,A credential rotation job failed silently.
INC-000812,auth-service,SEV3,mitigated,2024-01-04 16:58:26,2024-01-04 21:02:02.884420562,Incident on auth-service triggered by a misconfigured deployment.,Insufficient connection pool sizing for peak load.
INC-000813,search-service,SEV4,resolved,2024-03-19 02:50:48,2024-03-19 05:34:18.901974197,Incident on search-service triggered by an expired credential.,A configuration change was deployed without a canary rollout.
INC-000814,analytics-pipeline,SEV4,open,2024-07-13 15:42:59,,Incident on analytics-pipeline triggered by elevated traffic beyond provisioned capacity.,
INC-000815,customer-portal,SEV4,open,2024-07-08 13:14:24,,Incident on customer-portal triggered by network partition between regions.,
INC-000816,inventory-service,SEV3,mitigated,2025-08-01 16:33:41,2025-08-01 18:23:15.999872648,Incident on inventory-service triggered by a misconfigured deployment.,A credential rotation job failed silently.
INC-000817,payment-gateway,SEV4,resolved,2025-04-02 23:22:09,2025-04-03 03:37:54.493504278,Incident on payment-gateway triggered by database connection pool exhaustion.,Insufficient connection pool sizing for peak load.
INC-000818,warehouse-management,SEV4,resolved,2024-04-15 16:04:06,2024-04-15 16:29:24.363692520,Incident on warehouse-management triggered by network partition between regions.,A credential rotation job failed silently.
INC-000819,shipping-tracker,SEV4,resolved,2025-04-23 21:02:47,2025-04-24 04:43:09.334304684,Incident on shipping-tracker triggered by a downstream dependency timeout.,Insufficient connection pool sizing for peak load.
INC-000820,notification-service,SEV1,resolved,2025-03-30 17:39:09,2025-03-31 00:32:10.580459556,Incident on notification-service triggered by elevated traffic beyond provisioned capacity.,Insufficient connection pool sizing for peak load.
INC-000821,payment-gateway,SEV3,resolved,2025-06-13 05:17:10,2025-06-13 11:05:23.726845642,Incident on payment-gateway triggered by an unhandled exception in a new code path.,A configuration change was deployed without a canary rollout.
INC-000822,inventory-service,SEV4,mitigated,2024-05-07 03:35:43,2024-05-07 05:52:49.296956626,Incident on inventory-service triggered by elevated traffic beyond provisioned capacity.,A credential rotation job failed silently.
INC-000823,analytics-pipeline,SEV3,resolved,2025-12-28 00:17:26,2025-12-28 09:17:09.923404004,Incident on analytics-pipeline triggered by an expired credential.,Capacity was not scaled ahead of a known traffic event.
INC-000824,fraud-detection,SEV4,resolved,2025-12-06 11:45:27,2025-12-06 18:17:36.718625856,Incident on fraud-detection triggered by network partition between regions.,Capacity was not scaled ahead of a known traffic event.
INC-000825,api-gateway,SEV4,resolved,2024-03-28 12:47:00,2024-03-28 15:18:30.873397854,Incident on api-gateway triggered by a memory leak in a recent release.,Capacity was not scaled ahead of a known traffic event.
INC-000826,payment-gateway,SEV3,resolved,2024-10-11 14:33:52,2024-10-11 22:45:08.790409078,Incident on payment-gateway triggered by database connection pool exhaustion.,An upstream dependency exceeded its SLA during a regional failover.
INC-000827,warehouse-management,SEV4,resolved,2024-10-26 05:04:45,2024-10-26 06:42:46.000646238,Incident on warehouse-management triggered by an expired credential.,An upstream dependency exceeded its SLA during a regional failover.
INC-000828,shipping-tracker,SEV4,mitigated,2025-02-16 08:20:16,2025-02-16 15:19:14.657504854,Incident on shipping-tracker triggered by a misconfigured deployment.,An upstream dependency exceeded its SLA during a regional failover.
INC-000829,customer-portal,SEV1,resolved,2025-01-07 11:05:14,2025-01-07 16:37:19.282997294,Incident on customer-portal triggered by a downstream dependency timeout.,A credential rotation job failed silently.
INC-000830,search-service,SEV4,resolved,2024-02-15 15:46:34,2024-02-15 20:10:13.417772590,Incident on search-service triggered by an unhandled exception in a new code path.,An upstream dependency exceeded its SLA during a regional failover.
INC-000831,analytics-pipeline,SEV3,resolved,2025-07-26 08:20:19,2025-07-26 14:40:00.515547532,Incident on analytics-pipeline triggered by a memory leak in a recent release.,A credential rotation job failed silently.
INC-000832,analytics-pipeline,SEV4,resolved,2024-08-15 07:27:23,2024-08-15 13:25:11.532853862,Incident on analytics-pipeline triggered by an unhandled exception in a new code path.,A memory leak introduced in the previous release caused gradual degradation.
INC-000833,reporting-dashboard,SEV4,resolved,2024-02-09 00:09:33,2024-02-09 09:54:44.187139080,Incident on reporting-dashboard triggered by an unhandled exception in a new code path.,An upstream dependency exceeded its SLA during a regional failover.
INC-000834,fraud-detection,SEV4,resolved,2025-09-21 22:59:00,2025-09-22 07:46:13.871139240,Incident on fraud-detection triggered by an unhandled exception in a new code path.,A memory leak introduced in the previous release caused gradual degradation.
INC-000835,customer-portal,SEV4,open,2024-06-22 22:17:46,,Incident on customer-portal triggered by an unhandled exception in a new code path.,
INC-000836,analytics-pipeline,SEV4,resolved,2024-01-29 04:49:07,2024-01-29 06:46:45.773361784,Incident on analytics-pipeline triggered by elevated traffic beyond provisioned capacity.,Insufficient connection pool sizing for peak load.
INC-000837,analytics-pipeline,SEV4,resolved,2024-05-24 18:20:52,2024-05-24 22:56:58.480081174,Incident on analytics-pipeline triggered by network partition between regions.,An upstream dependency exceeded its SLA during a regional failover.
INC-000838,fraud-detection,SEV4,resolved,2024-09-14 19:42:17,2024-09-15 00:53:07.840171202,Incident on fraud-detection triggered by a misconfigured deployment.,Insufficient connection pool sizing for peak load.
INC-000839,reporting-dashboard,SEV1,mitigated,2025-09-15 21:43:29,2025-09-15 22:19:35.203495076,Incident on reporting-dashboard triggered by elevated traffic beyond provisioned capacity.,A credential rotation job failed silently.
INC-000840,api-gateway,SEV4,mitigated,2024-02-20 05:48:31,2024-02-20 09:30:28.117189168,Incident on api-gateway triggered by an unhandled exception in a new code path.,A memory leak introduced in the previous release caused gradual degradation.
INC-000841,shipping-tracker,SEV4,resolved,2025-08-11 04:42:44,2025-08-11 09:00:30.182113904,Incident on shipping-tracker triggered by an expired credential.,Capacity was not scaled ahead of a known traffic event.
INC-000842,api-gateway,SEV3,resolved,2024-07-31 23:42:45,2024-08-01 05:17:43.065848646,Incident on api-gateway triggered by database connection pool exhaustion.,Capacity was not scaled ahead of a known traffic event.
INC-000843,shipping-tracker,SEV3,resolved,2024-07-27 18:26:57,2024-07-27 20:31:21.862098792,Incident on shipping-tracker triggered by network partition between regions.,A credential rotation job failed silently.
INC-000844,recommendation-engine,SEV1,resolved,2024-04-17 13:58:55,2024-04-17 17:31:10.118314192,Incident on recommendation-engine triggered by database connection pool exhaustion.,A configuration change was deployed without a canary rollout.
INC-000845,notification-service,SEV3,resolved,2024-01-20 15:29:34,2024-01-20 21:49:43.234327792,Incident on notification-service triggered by network partition between regions.,A configuration change was deployed without a canary rollout.
INC-000846,customer-portal,SEV3,resolved,2025-07-27 05:17:52,2025-07-27 11:58:58.883930452,Incident on customer-portal triggered by an unhandled exception in a new code path.,A credential rotation job failed silently.
INC-000847,shipping-tracker,SEV4,resolved,2025-07-18 03:09:52,2025-07-18 11:45:15.381201136,Incident on shipping-tracker triggered by elevated traffic beyond provisioned capacity.,A configuration change was deployed without a canary rollout.
INC-000848,customer-portal,SEV4,resolved,2024-10-21 15:16:30,2024-10-21 20:26:18.890975052,Incident on customer-portal triggered by a memory leak in a recent release.,Insufficient connection pool sizing for peak load.
INC-000849,auth-service,SEV2,resolved,2025-03-05 16:37:04,2025-03-06 01:37:26.241733072,Incident on auth-service triggered by network partition between regions.,Insufficient connection pool sizing for peak load.
INC-000850,payment-gateway,SEV4,resolved,2024-03-14 22:06:36,2024-03-14 23:51:01.079628774,Incident on payment-gateway triggered by an expired credential.,A configuration change was deployed without a canary rollout.
INC-000851,shipping-tracker,SEV4,resolved,2024-09-09 22:15:51,2024-09-10 06:21:30.129641232,Incident on shipping-tracker triggered by a misconfigured deployment.,An upstream dependency exceeded its SLA during a regional failover.
INC-000852,inventory-service,SEV4,mitigated,2025-03-24 22:55:48,2025-03-25 02:36:52.800240654,Incident on inventory-service triggered by elevated traffic beyond provisioned capacity.,A memory leak introduced in the previous release caused gradual degradation.
INC-000853,payment-gateway,SEV4,resolved,2024-01-05 16:06:08,2024-01-06 00:23:31.418574710,Incident on payment-gateway triggered by a downstream dependency timeout.,An upstream dependency exceeded its SLA during a regional failover.
INC-000854,billing-engine,SEV4,mitigated,2024-08-04 11:19:58,2024-08-04 12:51:34.260244276,Incident on billing-engine triggered by elevated traffic beyond provisioned capacity.,An upstream dependency exceeded its SLA during a regional failover.
INC-000855,search-service,SEV4,resolved,2025-04-14 06:15:50,2025-04-14 12:25:41.591333378,Incident on search-service triggered by network partition between regions.,A configuration change was deployed without a canary rollout.
INC-000856,auth-service,SEV4,mitigated,2025-12-21 18:22:10,2025-12-22 04:10:26.296067992,Incident on auth-service triggered by elevated traffic beyond provisioned capacity.,Insufficient connection pool sizing for peak load.
INC-000857,recommendation-engine,SEV2,resolved,2024-02-28 06:16:04,2024-02-28 13:56:58.482605794,Incident on recommendation-engine triggered by network partition between regions.,Capacity was not scaled ahead of a known traffic event.
INC-000858,analytics-pipeline,SEV4,resolved,2024-05-10 22:57:10,2024-05-11 07:41:26.831646352,Incident on analytics-pipeline triggered by an expired credential.,A memory leak introduced in the previous release caused gradual degradation.
INC-000859,billing-engine,SEV3,resolved,2024-02-03 18:59:09,2024-02-03 22:11:06.080913144,Incident on billing-engine triggered by network partition between regions.,A credential rotation job failed silently.
INC-000860,warehouse-management,SEV4,mitigated,2024-08-24 20:15:05,2024-08-25 02:52:26.309445620,Incident on warehouse-management triggered by a memory leak in a recent release.,A memory leak introduced in the previous release caused gradual degradation.
INC-000861,search-service,SEV2,mitigated,2024-01-16 10:57:50,2024-01-16 12:58:35.624421404,Incident on search-service triggered by a downstream dependency timeout.,Capacity was not scaled ahead of a known traffic event.
INC-000862,notification-service,SEV4,resolved,2025-11-29 12:41:44,2025-11-29 16:09:05.501699564,Incident on notification-service triggered by a downstream dependency timeout.,Capacity was not scaled ahead of a known traffic event.
INC-000863,inventory-service,SEV1,resolved,2025-06-13 18:55:12,2025-06-14 01:28:07.591189686,Incident on inventory-service triggered by a downstream dependency timeout.,An upstream dependency exceeded its SLA during a regional failover.
INC-000864,notification-service,SEV3,resolved,2024-12-06 06:14:18,2024-12-06 15:33:36.549946938,Incident on notification-service triggered by a misconfigured deployment.,Insufficient connection pool sizing for peak load.
INC-000865,notification-service,SEV2,resolved,2024-02-17 23:13:20,2024-02-18 04:16:50.877143294,Incident on notification-service triggered by network partition between regions.,A credential rotation job failed silently.
INC-000866,notification-service,SEV3,resolved,2024-04-02 08:48:16,2024-04-02 10:49:32.730272056,Incident on notification-service triggered by an expired credential.,A memory leak introduced in the previous release caused gradual degradation.
INC-000867,notification-service,SEV2,open,2024-05-09 05:13:07,,Incident on notification-service triggered by elevated traffic beyond provisioned capacity.,
INC-000868,recommendation-engine,SEV2,resolved,2025-05-10 11:21:37,2025-05-10 18:16:16.354419304,Incident on recommendation-engine triggered by an unhandled exception in a new code path.,An upstream dependency exceeded its SLA during a regional failover.
INC-000869,notification-service,SEV3,resolved,2025-03-28 13:30:28,2025-03-28 20:24:12.543413932,Incident on notification-service triggered by an unhandled exception in a new code path.,Insufficient connection pool sizing for peak load.
INC-000870,warehouse-management,SEV4,resolved,2025-09-28 09:38:28,2025-09-28 18:58:16.021015978,Incident on warehouse-management triggered by elevated traffic beyond provisioned capacity.,A credential rotation job failed silently.
INC-000871,search-service,SEV4,resolved,2025-05-18 22:42:54,2025-05-19 02:35:26.622294846,Incident on search-service triggered by a memory leak in a recent release.,Capacity was not scaled ahead of a known traffic event.
INC-000872,billing-engine,SEV4,open,2024-11-22 10:43:13,,Incident on billing-engine triggered by elevated traffic beyond provisioned capacity.,
INC-000873,warehouse-management,SEV4,resolved,2024-02-21 09:26:47,2024-02-21 09:45:39.579766172,Incident on warehouse-management triggered by an unhandled exception in a new code path.,A memory leak introduced in the previous release caused gradual degradation.
INC-000874,analytics-pipeline,SEV2,mitigated,2024-11-23 04:05:15,2024-11-23 09:38:46.757853966,Incident on analytics-pipeline triggered by database connection pool exhaustion.,Capacity was not scaled ahead of a known traffic event.
INC-000875,warehouse-management,SEV4,mitigated,2025-01-01 17:04:09,2025-01-01 22:40:11.036944674,Incident on warehouse-management triggered by an unhandled exception in a new code path.,Capacity was not scaled ahead of a known traffic event.
INC-000876,notification-service,SEV4,resolved,2025-08-06 16:19:14,2025-08-06 22:13:22.294267111,Incident on notification-service triggered by an expired credential.,Capacity was not scaled ahead of a known traffic event.
INC-000877,customer-portal,SEV4,resolved,2024-11-16 15:43:13,2024-11-16 20:51:36.257048332,Incident on customer-portal triggered by database connection pool exhaustion.,Capacity was not scaled ahead of a known traffic event.
INC-000878,recommendation-engine,SEV4,resolved,2024-06-03 04:48:41,2024-06-03 08:31:05.624952344,Incident on recommendation-engine triggered by an unhandled exception in a new code path.,A memory leak introduced in the previous release caused gradual degradation.
INC-000879,fraud-detection,SEV2,resolved,2024-02-26 18:36:59,2024-02-27 02:38:39.794678576,Incident on fraud-detection triggered by an expired credential.,A memory leak introduced in the previous release caused gradual degradation.
INC-000880,inventory-service,SEV4,resolved,2024-02-15 19:22:17,2024-02-15 22:07:37.081032608,Incident on inventory-service triggered by database connection pool exhaustion.,A memory leak introduced in the previous release caused gradual degradation.
INC-000881,payment-gateway,SEV3,resolved,2025-08-23 04:50:11,2025-08-23 11:55:55.942509134,Incident on payment-gateway triggered by database connection pool exhaustion.,A credential rotation job failed silently.
INC-000882,billing-engine,SEV4,resolved,2024-11-07 08:08:42,2024-11-07 16:46:21.834034728,Incident on billing-engine triggered by network partition between regions.,Capacity was not scaled ahead of a known traffic event.
INC-000883,auth-service,SEV3,resolved,2025-05-31 09:37:48,2025-05-31 15:11:53.510775606,Incident on auth-service triggered by a downstream dependency timeout.,A memory leak introduced in the previous release caused gradual degradation.
INC-000884,notification-service,SEV3,resolved,2024-04-04 02:31:56,2024-04-04 09:02:15.260429690,Incident on notification-service triggered by a memory leak in a recent release.,A memory leak introduced in the previous release caused gradual degradation.
INC-000885,recommendation-engine,SEV3,resolved,2024-07-24 03:28:53,2024-07-24 09:36:36.613562840,Incident on recommendation-engine triggered by a misconfigured deployment.,A credential rotation job failed silently.
INC-000886,reporting-dashboard,SEV1,resolved,2024-11-03 09:36:37,2024-11-03 16:59:36.497031658,Incident on reporting-dashboard triggered by elevated traffic beyond provisioned capacity.,A memory leak introduced in the previous release caused gradual degradation.
INC-000887,auth-service,SEV4,resolved,2024-06-23 21:03:59,2024-06-24 01:49:09.230436182,Incident on auth-service triggered by a downstream dependency timeout.,A memory leak introduced in the previous release caused gradual degradation.
INC-000888,inventory-service,SEV2,mitigated,2024-01-13 19:29:51,2024-01-14 04:30:13.575515832,Incident on inventory-service triggered by database connection pool exhaustion.,A configuration change was deployed without a canary rollout.
INC-000889,search-service,SEV4,resolved,2024-05-29 04:27:07,2024-05-29 05:27:01.628778544,Incident on search-service triggered by a misconfigured deployment.,Insufficient connection pool sizing for peak load.
INC-000890,warehouse-management,SEV4,resolved,2024-07-08 09:08:47,2024-07-08 13:10:22.376464616,Incident on warehouse-management triggered by network partition between regions.,A credential rotation job failed silently.
INC-000891,reporting-dashboard,SEV4,resolved,2025-02-21 09:06:18,2025-02-21 12:02:24.674015850,Incident on reporting-dashboard triggered by network partition between regions.,A memory leak introduced in the previous release caused gradual degradation.
INC-000892,order-service,SEV4,mitigated,2024-09-06 21:25:21,2024-09-07 03:19:05.186756118,Incident on order-service triggered by database connection pool exhaustion.,An upstream dependency exceeded its SLA during a regional failover.
INC-000893,billing-engine,SEV4,resolved,2025-08-01 20:46:07,2025-08-02 06:43:24.311496826,Incident on billing-engine triggered by database connection pool exhaustion.,A memory leak introduced in the previous release caused gradual degradation.
INC-000894,notification-service,SEV4,resolved,2024-02-22 21:08:27,2024-02-23 04:14:11.056928802,Incident on notification-service triggered by a misconfigured deployment.,A memory leak introduced in the previous release caused gradual degradation.
INC-000895,reporting-dashboard,SEV3,resolved,2025-07-26 00:43:23,2025-07-26 10:17:13.314890918,Incident on reporting-dashboard triggered by an unhandled exception in a new code path.,Capacity was not scaled ahead of a known traffic event.
INC-000896,api-gateway,SEV3,mitigated,2025-08-14 23:04:12,2025-08-15 08:07:05.871444750,Incident on api-gateway triggered by a downstream dependency timeout.,A credential rotation job failed silently.
INC-000897,api-gateway,SEV1,resolved,2025-03-30 15:20:58,2025-03-30 15:37:56.204831092,Incident on api-gateway triggered by an unhandled exception in a new code path.,A memory leak introduced in the previous release caused gradual degradation.
INC-000898,order-service,SEV2,resolved,2024-01-24 22:53:04,2024-01-25 00:45:48.107548642,Incident on order-service triggered by a misconfigured deployment.,A memory leak introduced in the previous release caused gradual degradation.
INC-000899,shipping-tracker,SEV3,resolved,2025-02-04 05:40:30,2025-02-04 11:44:13.715841948,Incident on shipping-tracker triggered by an unhandled exception in a new code path.,A configuration change was deployed without a canary rollout.
INC-000900,api-gateway,SEV4,resolved,2024-05-05 21:04:35,2024-05-05 23:31:24.038638334,Incident on api-gateway triggered by network partition between regions.,Insufficient connection pool sizing for peak load.
INC-000901,auth-service,SEV4,resolved,2025-06-27 18:59:18,2025-06-28 03:07:39.706338978,Incident on auth-service triggered by database connection pool exhaustion.,A configuration change was deployed without a canary rollout.
INC-000902,api-gateway,SEV3,resolved,2024-04-04 05:21:11,2024-04-04 07:22:26.701197199,Incident on api-gateway triggered by a misconfigured deployment.,A memory leak introduced in the previous release caused gradual degradation.
INC-000903,billing-engine,SEV4,resolved,2025-05-31 23:34:13,2025-06-01 04:25:11.316883810,Incident on billing-engine triggered by database connection pool exhaustion.,Insufficient connection pool sizing for peak load.
INC-000904,search-service,SEV3,resolved,2024-05-20 02:24:23,2024-05-20 08:21:47.311369778,Incident on search-service triggered by a memory leak in a recent release.,Capacity was not scaled ahead of a known traffic event.
INC-000905,fraud-detection,SEV3,resolved,2025-08-12 23:42:51,2025-08-13 06:10:06.530338560,Incident on fraud-detection triggered by an expired credential.,Insufficient connection pool sizing for peak load.
INC-000906,search-service,SEV2,mitigated,2024-09-05 04:47:36,2024-09-05 10:36:16.514609352,Incident on search-service triggered by an expired credential.,An upstream dependency exceeded its SLA during a regional failover.
INC-000907,api-gateway,SEV4,mitigated,2025-06-24 06:29:26,2025-06-24 09:27:56.152614116,Incident on api-gateway triggered by database connection pool exhaustion.,Insufficient connection pool sizing for peak load.
INC-000908,notification-service,SEV4,resolved,2025-12-10 16:31:32,2025-12-10 17:30:58.616624906,Incident on notification-service triggered by a misconfigured deployment.,A memory leak introduced in the previous release caused gradual degradation.
INC-000909,customer-portal,SEV2,resolved,2025-07-07 06:31:53,2025-07-07 11:32:34.048889288,Incident on customer-portal triggered by network partition between regions.,Capacity was not scaled ahead of a known traffic event.
INC-000910,billing-engine,SEV4,resolved,2025-05-13 11:45:50,2025-05-13 12:35:09.339696266,Incident on billing-engine triggered by a misconfigured deployment.,Insufficient connection pool sizing for peak load.
INC-000911,billing-engine,SEV3,resolved,2025-12-20 09:45:27,2025-12-20 11:54:38.645616390,Incident on billing-engine triggered by database connection pool exhaustion.,An upstream dependency exceeded its SLA during a regional failover.
INC-000912,billing-engine,SEV3,resolved,2025-04-14 06:06:49,2025-04-14 11:32:01.196593936,Incident on billing-engine triggered by an expired credential.,A memory leak introduced in the previous release caused gradual degradation.
INC-000913,search-service,SEV3,mitigated,2025-12-02 12:22:16,2025-12-02 17:50:28.864669384,Incident on search-service triggered by a memory leak in a recent release.,Insufficient connection pool sizing for peak load.
INC-000914,recommendation-engine,SEV3,mitigated,2024-12-10 18:40:57,2024-12-11 04:40:15.510293340,Incident on recommendation-engine triggered by network partition between regions.,Capacity was not scaled ahead of a known traffic event.
INC-000915,inventory-service,SEV2,open,2025-05-21 01:22:10,,Incident on inventory-service triggered by an expired credential.,
INC-000916,analytics-pipeline,SEV4,resolved,2025-02-24 15:02:16,2025-02-24 22:52:26.665523278,Incident on analytics-pipeline triggered by an expired credential.,An upstream dependency exceeded its SLA during a regional failover.
INC-000917,payment-gateway,SEV3,open,2025-08-14 08:40:20,,Incident on payment-gateway triggered by a misconfigured deployment.,
INC-000918,payment-gateway,SEV4,mitigated,2024-04-04 10:01:35,2024-04-04 17:39:40.313405762,Incident on payment-gateway triggered by network partition between regions.,A credential rotation job failed silently.
INC-000919,customer-portal,SEV4,resolved,2024-12-09 18:05:34,2024-12-10 02:55:13.905434368,Incident on customer-portal triggered by a misconfigured deployment.,A credential rotation job failed silently.
INC-000920,inventory-service,SEV4,resolved,2024-04-01 19:50:03,2024-04-02 05:22:11.276408664,Incident on inventory-service triggered by database connection pool exhaustion.,Capacity was not scaled ahead of a known traffic event.
INC-000921,customer-portal,SEV4,resolved,2025-02-18 08:03:42,2025-02-18 12:52:23.134746252,Incident on customer-portal triggered by database connection pool exhaustion.,Capacity was not scaled ahead of a known traffic event.
INC-000922,shipping-tracker,SEV2,mitigated,2024-03-26 19:55:02,2024-03-26 21:18:44.894280908,Incident on shipping-tracker triggered by a downstream dependency timeout.,Capacity was not scaled ahead of a known traffic event.
INC-000923,shipping-tracker,SEV3,resolved,2025-12-07 16:13:44,2025-12-07 22:06:32.872704374,Incident on shipping-tracker triggered by a downstream dependency timeout.,Insufficient connection pool sizing for peak load.
INC-000924,reporting-dashboard,SEV2,resolved,2025-02-14 20:08:41,2025-02-14 21:34:10.196654540,Incident on reporting-dashboard triggered by network partition between regions.,Insufficient connection pool sizing for peak load.
INC-000925,customer-portal,SEV3,resolved,2024-09-21 22:41:38,2024-09-22 08:00:50.919868382,Incident on customer-portal triggered by network partition between regions.,A configuration change was deployed without a canary rollout.
INC-000926,fraud-detection,SEV4,resolved,2025-12-08 22:25:48,2025-12-09 05:15:48.640601460,Incident on fraud-detection triggered by database connection pool exhaustion.,A credential rotation job failed silently.
INC-000927,fraud-detection,SEV3,resolved,2024-02-06 03:59:18,2024-02-06 11:29:46.368469236,Incident on fraud-detection triggered by an unhandled exception in a new code path.,An upstream dependency exceeded its SLA during a regional failover.
INC-000928,payment-gateway,SEV4,resolved,2025-02-17 17:38:34,2025-02-17 18:14:18.641075674,Incident on payment-gateway triggered by elevated traffic beyond provisioned capacity.,A memory leak introduced in the previous release caused gradual degradation.
INC-000929,auth-service,SEV4,resolved,2025-08-14 14:27:33,2025-08-14 17:28:50.297251614,Incident on auth-service triggered by a downstream dependency timeout.,Insufficient connection pool sizing for peak load.
INC-000930,api-gateway,SEV4,resolved,2024-02-17 14:22:07,2024-02-17 21:45:49.317994234,Incident on api-gateway triggered by a downstream dependency timeout.,Capacity was not scaled ahead of a known traffic event.
INC-000931,api-gateway,SEV3,resolved,2025-05-08 06:23:08,2025-05-08 08:10:14.473200980,Incident on api-gateway triggered by an unhandled exception in a new code path.,A memory leak introduced in the previous release caused gradual degradation.
INC-000932,analytics-pipeline,SEV4,resolved,2025-06-24 06:03:06,2025-06-24 12:34:46.805810256,Incident on analytics-pipeline triggered by an expired credential.,A credential rotation job failed silently.
INC-000933,shipping-tracker,SEV4,resolved,2024-08-07 04:38:19,2024-08-07 12:47:29.727924352,Incident on shipping-tracker triggered by a misconfigured deployment.,A credential rotation job failed silently.
INC-000934,reporting-dashboard,SEV3,resolved,2024-06-22 10:04:34,2024-06-22 19:02:54.491070994,Incident on reporting-dashboard triggered by an unhandled exception in a new code path.,A memory leak introduced in the previous release caused gradual degradation.
INC-000935,customer-portal,SEV4,resolved,2025-08-14 16:55:31,2025-08-14 18:51:41.298211000,Incident on customer-portal triggered by database connection pool exhaustion.,A configuration change was deployed without a canary rollout.
INC-000936,payment-gateway,SEV3,resolved,2024-06-28 09:18:49,2024-06-28 16:35:16.332803014,Incident on payment-gateway triggered by database connection pool exhaustion.,A credential rotation job failed silently.
INC-000937,warehouse-management,SEV4,resolved,2024-07-06 15:21:13,2024-07-06 20:17:11.468055886,Incident on warehouse-management triggered by database connection pool exhaustion.,A configuration change was deployed without a canary rollout.
INC-000938,fraud-detection,SEV2,resolved,2025-03-07 14:11:43,2025-03-07 20:36:38.014077076,Incident on fraud-detection triggered by database connection pool exhaustion.,A configuration change was deployed without a canary rollout.
INC-000939,inventory-service,SEV4,resolved,2024-05-28 16:33:13,2024-05-28 22:52:50.160767164,Incident on inventory-service triggered by network partition between regions.,A memory leak introduced in the previous release caused gradual degradation.
INC-000940,recommendation-engine,SEV2,open,2025-09-06 06:03:32,,Incident on recommendation-engine triggered by database connection pool exhaustion.,
INC-000941,auth-service,SEV4,resolved,2024-06-26 21:31:23,2024-06-26 23:32:04.430027174,Incident on auth-service triggered by an expired credential.,Insufficient connection pool sizing for peak load.
INC-000942,shipping-tracker,SEV4,resolved,2025-12-22 13:46:10,2025-12-22 23:38:34.142940484,Incident on shipping-tracker triggered by database connection pool exhaustion.,A configuration change was deployed without a canary rollout.
INC-000943,fraud-detection,SEV1,mitigated,2024-09-01 11:15:33,2024-09-01 20:40:23.096655510,Incident on fraud-detection triggered by database connection pool exhaustion.,A memory leak introduced in the previous release caused gradual degradation.
INC-000944,billing-engine,SEV4,mitigated,2024-03-21 14:18:35,2024-03-21 23:30:06.676953188,Incident on billing-engine triggered by an unhandled exception in a new code path.,Insufficient connection pool sizing for peak load.
INC-000945,analytics-pipeline,SEV4,resolved,2024-03-29 19:58:06,2024-03-30 00:15:44.982178002,Incident on analytics-pipeline triggered by a misconfigured deployment.,Capacity was not scaled ahead of a known traffic event.
INC-000946,notification-service,SEV3,resolved,2024-09-25 22:53:35,2024-09-26 00:01:58.957026704,Incident on notification-service triggered by network partition between regions.,A configuration change was deployed without a canary rollout.
INC-000947,fraud-detection,SEV4,resolved,2025-02-01 20:21:26,2025-02-01 23:25:33.847545097,Incident on fraud-detection triggered by an unhandled exception in a new code path.,An upstream dependency exceeded its SLA during a regional failover.
INC-000948,api-gateway,SEV4,resolved,2024-08-03 00:24:00,2024-08-03 02:14:08.295028326,Incident on api-gateway triggered by database connection pool exhaustion.,A credential rotation job failed silently.
INC-000949,notification-service,SEV4,resolved,2024-06-13 16:05:25,2024-06-13 23:37:57.983120860,Incident on notification-service triggered by a memory leak in a recent release.,Insufficient connection pool sizing for peak load.
INC-000950,customer-portal,SEV3,resolved,2024-07-05 16:01:12,2024-07-05 20:56:55.295202306,Incident on customer-portal triggered by a memory leak in a recent release.,Capacity was not scaled ahead of a known traffic event.
INC-000951,warehouse-management,SEV3,open,2024-06-26 17:13:27,,Incident on warehouse-management triggered by network partition between regions.,
INC-000952,customer-portal,SEV3,mitigated,2025-06-11 15:50:28,2025-06-11 22:46:34.775260990,Incident on customer-portal triggered by an unhandled exception in a new code path.,A configuration change was deployed without a canary rollout.
INC-000953,api-gateway,SEV3,resolved,2025-02-28 14:14:20,2025-02-28 23:54:39.256594406,Incident on api-gateway triggered by an expired credential.,A credential rotation job failed silently.
INC-000954,order-service,SEV3,open,2025-08-31 20:04:18,,Incident on order-service triggered by an expired credential.,
INC-000955,customer-portal,SEV2,resolved,2025-01-14 18:33:30,2025-01-15 02:23:51.675128436,Incident on customer-portal triggered by database connection pool exhaustion.,A credential rotation job failed silently.
INC-000956,search-service,SEV4,resolved,2025-10-24 05:39:56,2025-10-24 11:53:48.756454148,Incident on search-service triggered by an unhandled exception in a new code path.,Insufficient connection pool sizing for peak load.
INC-000957,analytics-pipeline,SEV4,resolved,2024-08-29 22:33:29,2024-08-30 02:47:54.986750312,Incident on analytics-pipeline triggered by network partition between regions.,An upstream dependency exceeded its SLA during a regional failover.
INC-000958,analytics-pipeline,SEV3,resolved,2024-02-15 19:22:29,2024-02-16 04:47:12.563194484,Incident on analytics-pipeline triggered by an unhandled exception in a new code path.,A credential rotation job failed silently.
INC-000959,inventory-service,SEV3,resolved,2024-07-05 22:02:04,2024-07-06 07:31:23.423369170,Incident on inventory-service triggered by database connection pool exhaustion.,A configuration change was deployed without a canary rollout.
INC-000960,customer-portal,SEV3,mitigated,2024-06-22 07:15:50,2024-06-22 14:56:47.660815526,Incident on customer-portal triggered by a downstream dependency timeout.,A configuration change was deployed without a canary rollout.
INC-000961,warehouse-management,SEV3,resolved,2025-01-27 07:53:02,2025-01-27 15:03:45.565334882,Incident on warehouse-management triggered by an unhandled exception in a new code path.,Insufficient connection pool sizing for peak load.
INC-000962,api-gateway,SEV4,resolved,2025-09-01 04:43:14,2025-09-01 11:06:05.700467420,Incident on api-gateway triggered by a misconfigured deployment.,Capacity was not scaled ahead of a known traffic event.
INC-000963,reporting-dashboard,SEV4,resolved,2025-11-01 20:26:39,2025-11-01 23:49:41.605525632,Incident on reporting-dashboard triggered by database connection pool exhaustion.,A configuration change was deployed without a canary rollout.
INC-000964,api-gateway,SEV3,resolved,2024-08-03 18:33:22,2024-08-04 02:35:40.249805758,Incident on api-gateway triggered by a memory leak in a recent release.,A credential rotation job failed silently.
INC-000965,inventory-service,SEV3,resolved,2024-03-02 09:00:37,2024-03-02 16:46:10.023008140,Incident on inventory-service triggered by an unhandled exception in a new code path.,Insufficient connection pool sizing for peak load.
INC-000966,inventory-service,SEV4,resolved,2024-08-18 21:29:14,2024-08-19 01:57:26.808151832,Incident on inventory-service triggered by database connection pool exhaustion.,A memory leak introduced in the previous release caused gradual degradation.
INC-000967,warehouse-management,SEV4,resolved,2025-02-28 13:25:00,2025-02-28 18:53:09.227414118,Incident on warehouse-management triggered by database connection pool exhaustion.,Insufficient connection pool sizing for peak load.
INC-000968,billing-engine,SEV4,resolved,2024-07-18 03:04:31,2024-07-18 05:23:06.563174398,Incident on billing-engine triggered by a downstream dependency timeout.,Insufficient connection pool sizing for peak load.
INC-000969,payment-gateway,SEV2,mitigated,2025-08-29 08:16:26,2025-08-29 09:43:06.544618346,Incident on payment-gateway triggered by a misconfigured deployment.,A credential rotation job failed silently.
INC-000970,search-service,SEV1,resolved,2024-02-19 06:14:11,2024-02-19 13:00:10.873464524,Incident on search-service triggered by an unhandled exception in a new code path.,Capacity was not scaled ahead of a known traffic event.
INC-000971,order-service,SEV4,resolved,2024-03-09 19:22:40,2024-03-09 21:35:18.932669800,Incident on order-service triggered by database connection pool exhaustion.,A configuration change was deployed without a canary rollout.
INC-000972,notification-service,SEV4,resolved,2024-03-14 21:20:11,2024-03-15 04:17:01.226083442,Incident on notification-service triggered by a downstream dependency timeout.,A configuration change was deployed without a canary rollout.
INC-000973,billing-engine,SEV4,resolved,2024-09-11 17:55:39,2024-09-11 19:21:03.822097932,Incident on billing-engine triggered by network partition between regions.,An upstream dependency exceeded its SLA during a regional failover.
INC-000974,customer-portal,SEV3,resolved,2024-03-16 02:53:31,2024-03-16 08:21:18.087538984,Incident on customer-portal triggered by a misconfigured deployment.,An upstream dependency exceeded its SLA during a regional failover.
INC-000975,payment-gateway,SEV3,resolved,2024-09-20 05:36:11,2024-09-20 12:43:16.991730500,Incident on payment-gateway triggered by a memory leak in a recent release.,A configuration change was deployed without a canary rollout.
INC-000976,notification-service,SEV3,resolved,2024-07-15 20:38:08,2024-07-16 05:42:14.903008598,Incident on notification-service triggered by a memory leak in a recent release.,Capacity was not scaled ahead of a known traffic event.
INC-000977,auth-service,SEV1,open,2025-01-21 14:24:20,,Incident on auth-service triggered by an expired credential.,
INC-000978,customer-portal,SEV4,resolved,2024-01-19 20:00:49,2024-01-20 02:15:55.355227504,Incident on customer-portal triggered by network partition between regions.,Capacity was not scaled ahead of a known traffic event.
INC-000979,auth-service,SEV3,resolved,2025-12-11 19:47:09,2025-12-12 02:59:49.023856638,Incident on auth-service triggered by a downstream dependency timeout.,An upstream dependency exceeded its SLA during a regional failover.
INC-000980,search-service,SEV4,resolved,2024-09-28 14:40:26,2024-09-28 18:25:58.610224562,Incident on search-service triggered by network partition between regions.,An upstream dependency exceeded its SLA during a regional failover.
INC-000981,analytics-pipeline,SEV4,mitigated,2025-01-07 18:54:19,2025-01-08 00:36:51.988443765,Incident on analytics-pipeline triggered by an unhandled exception in a new code path.,A memory leak introduced in the previous release caused gradual degradation.
INC-000982,analytics-pipeline,SEV1,resolved,2024-11-09 18:38:58,2024-11-10 03:47:32.720034598,Incident on analytics-pipeline triggered by an expired credential.,An upstream dependency exceeded its SLA during a regional failover.
INC-000983,payment-gateway,SEV3,resolved,2025-12-05 06:18:35,2025-12-05 13:45:37.639420058,Incident on payment-gateway triggered by a memory leak in a recent release.,Insufficient connection pool sizing for peak load.
INC-000984,payment-gateway,SEV4,resolved,2024-11-27 23:45:03,2024-11-28 08:28:07.457640006,Incident on payment-gateway triggered by elevated traffic beyond provisioned capacity.,An upstream dependency exceeded its SLA during a regional failover.
INC-000985,reporting-dashboard,SEV3,mitigated,2024-06-21 01:12:48,2024-06-21 09:18:41.863958868,Incident on reporting-dashboard triggered by a downstream dependency timeout.,Capacity was not scaled ahead of a known traffic event.
INC-000986,analytics-pipeline,SEV3,resolved,2025-11-14 05:26:45,2025-11-14 09:38:30.720001668,Incident on analytics-pipeline triggered by database connection pool exhaustion.,A credential rotation job failed silently.
INC-000987,inventory-service,SEV2,mitigated,2025-02-06 21:18:12,2025-02-07 01:11:25.894315200,Incident on inventory-service triggered by a downstream dependency timeout.,A memory leak introduced in the previous release caused gradual degradation.
INC-000988,inventory-service,SEV4,resolved,2024-05-18 07:41:41,2024-05-18 13:41:54.322785086,Incident on inventory-service triggered by database connection pool exhaustion.,Insufficient connection pool sizing for peak load.
INC-000989,order-service,SEV4,resolved,2025-01-29 01:21:29,2025-01-29 02:37:16.451427584,Incident on order-service triggered by network partition between regions.,A credential rotation job failed silently.
INC-000990,notification-service,SEV4,mitigated,2025-07-02 20:37:05,2025-07-03 06:10:55.310388590,Incident on notification-service triggered by a memory leak in a recent release.,Capacity was not scaled ahead of a known traffic event.
INC-000991,shipping-tracker,SEV4,resolved,2024-07-11 06:57:38,2024-07-11 16:13:58.670535974,Incident on shipping-tracker triggered by network partition between regions.,A configuration change was deployed without a canary rollout.
INC-000992,api-gateway,SEV3,resolved,2024-07-02 07:40:23,2024-07-02 10:25:14.856217688,Incident on api-gateway triggered by elevated traffic beyond provisioned capacity.,A credential rotation job failed silently.
INC-000993,payment-gateway,SEV4,mitigated,2025-02-08 12:12:26,2025-02-08 16:05:40.904562092,Incident on payment-gateway triggered by database connection pool exhaustion.,Insufficient connection pool sizing for peak load.
INC-000994,reporting-dashboard,SEV4,resolved,2024-02-06 14:10:59,2024-02-06 16:49:35.217297668,Incident on reporting-dashboard triggered by a downstream dependency timeout.,A credential rotation job failed silently.
INC-000995,auth-service,SEV4,resolved,2025-08-19 06:05:03,2025-08-19 14:36:20.690804610,Incident on auth-service triggered by a misconfigured deployment.,A configuration change was deployed without a canary rollout.
INC-000996,inventory-service,SEV4,resolved,2024-04-24 00:23:36,2024-04-24 05:31:26.594656566,Incident on inventory-service triggered by an unhandled exception in a new code path.,An upstream dependency exceeded its SLA during a regional failover.
INC-000997,order-service,SEV4,resolved,2024-09-16 00:28:40,2024-09-16 02:17:43.899993472,Incident on order-service triggered by a memory leak in a recent release.,An upstream dependency exceeded its SLA during a regional failover.
INC-000998,reporting-dashboard,SEV3,resolved,2024-11-22 08:43:04,2024-11-22 17:34:18.785647612,Incident on reporting-dashboard triggered by an expired credential.,A credential rotation job failed silently.
INC-000999,fraud-detection,SEV3,open,2025-11-29 09:05:23,,Incident on fraud-detection triggered by network partition between regions.,
INC-001000,customer-portal,SEV2,resolved,2025-09-16 13:25:48,2025-09-16 20:12:26.721987546,Incident on customer-portal triggered by database connection pool exhaustion.,Insufficient connection pool sizing for peak load.
INC-001001,order-service,SEV3,resolved,2024-05-29 06:46:02,2024-05-29 13:30:33.883334804,Incident on order-service triggered by an unhandled exception in a new code path.,An upstream dependency exceeded its SLA during a regional failover.
INC-001002,notification-service,SEV4,resolved,2024-12-19 16:51:05,2024-12-19 19:39:30.457343876,Incident on notification-service triggered by a downstream dependency timeout.,A credential rotation job failed silently.
INC-001003,recommendation-engine,SEV2,resolved,2024-03-13 01:55:29,2024-03-13 05:57:29.926419944,Incident on recommendation-engine triggered by a misconfigured deployment.,A memory leak introduced in the previous release caused gradual degradation.
INC-001004,auth-service,SEV4,resolved,2024-03-12 19:03:58,2024-03-13 01:15:00.066102639,Incident on auth-service triggered by database connection pool exhaustion.,Capacity was not scaled ahead of a known traffic event.
INC-001005,inventory-service,SEV4,resolved,2025-10-08 23:41:34,2025-10-09 01:48:29.830346518,Incident on inventory-service triggered by database connection pool exhaustion.,Capacity was not scaled ahead of a known traffic event.
INC-001006,payment-gateway,SEV4,resolved,2024-04-22 09:39:57,2024-04-22 14:25:07.785061950,Incident on payment-gateway triggered by an unhandled exception in a new code path.,A credential rotation job failed silently.
INC-001007,auth-service,SEV2,resolved,2024-10-24 15:28:52,2024-10-24 20:31:15.788813746,Incident on auth-service triggered by database connection pool exhaustion.,A configuration change was deployed without a canary rollout.
INC-001008,auth-service,SEV4,resolved,2025-01-11 20:54:09,2025-01-12 06:05:17.648165586,Incident on auth-service triggered by network partition between regions.,Capacity was not scaled ahead of a known traffic event.
INC-001009,order-service,SEV4,resolved,2024-11-12 22:55:04,2024-11-13 06:21:41.082307102,Incident on order-service triggered by a downstream dependency timeout.,Capacity was not scaled ahead of a known traffic event.
INC-001010,order-service,SEV3,resolved,2025-06-16 22:07:40,2025-06-17 02:23:34.602928714,Incident on order-service triggered by elevated traffic beyond provisioned capacity.,A memory leak introduced in the previous release caused gradual degradation.
INC-001011,inventory-service,SEV3,open,2024-05-03 10:40:29,,Incident on inventory-service triggered by a misconfigured deployment.,
INC-001012,payment-gateway,SEV2,mitigated,2024-02-17 13:18:09,2024-02-17 18:14:14.295251106,Incident on payment-gateway triggered by an expired credential.,A memory leak introduced in the previous release caused gradual degradation.
INC-001013,billing-engine,SEV3,resolved,2025-06-04 18:41:14,2025-06-04 22:33:44.334261380,Incident on billing-engine triggered by a downstream dependency timeout.,Capacity was not scaled ahead of a known traffic event.
INC-001014,inventory-service,SEV3,resolved,2024-05-27 04:50:04,2024-05-27 05:55:04.370093608,Incident on inventory-service triggered by a misconfigured deployment.,An upstream dependency exceeded its SLA during a regional failover.
INC-001015,recommendation-engine,SEV4,resolved,2024-09-13 22:01:19,2024-09-14 05:16:20.035817344,Incident on recommendation-engine triggered by network partition between regions.,A configuration change was deployed without a canary rollout.
INC-001016,search-service,SEV3,resolved,2025-03-13 09:08:13,2025-03-13 18:58:08.907178792,Incident on search-service triggered by a memory leak in a recent release.,A memory leak introduced in the previous release caused gradual degradation.
INC-001017,reporting-dashboard,SEV2,resolved,2025-06-15 05:31:02,2025-06-15 10:35:20.457400826,Incident on reporting-dashboard triggered by elevated traffic beyond provisioned capacity.,Insufficient connection pool sizing for peak load.
INC-001018,warehouse-management,SEV2,open,2025-03-23 06:14:05,,Incident on warehouse-management triggered by network partition between regions.,
INC-001019,warehouse-management,SEV4,open,2024-03-05 16:06:51,,Incident on warehouse-management triggered by an expired credential.,
INC-001020,reporting-dashboard,SEV3,resolved,2025-08-06 10:13:46,2025-08-06 19:53:59.819128816,Incident on reporting-dashboard triggered by elevated traffic beyond provisioned capacity.,An upstream dependency exceeded its SLA during a regional failover.
INC-001021,warehouse-management,SEV4,resolved,2025-04-04 16:52:00,2025-04-04 19:00:22.549226316,Incident on warehouse-management triggered by a downstream dependency timeout.,A memory leak introduced in the previous release caused gradual degradation.
INC-001022,auth-service,SEV3,resolved,2025-09-22 22:59:25,2025-09-23 08:02:30.775526602,Incident on auth-service triggered by a misconfigured deployment.,Capacity was not scaled ahead of a known traffic event.
INC-001023,billing-engine,SEV4,mitigated,2024-12-06 10:12:50,2024-12-06 19:34:55.174362302,Incident on billing-engine triggered by a memory leak in a recent release.,A memory leak introduced in the previous release caused gradual degradation.
INC-001024,auth-service,SEV4,mitigated,2024-10-31 11:38:16,2024-10-31 13:04:56.124059596,Incident on auth-service triggered by elevated traffic beyond provisioned capacity.,Capacity was not scaled ahead of a known traffic event.
INC-001025,payment-gateway,SEV3,resolved,2024-07-14 00:39:33,2024-07-14 05:51:59.076005028,Incident on payment-gateway triggered by elevated traffic beyond provisioned capacity.,Insufficient connection pool sizing for peak load.
INC-001026,billing-engine,SEV4,resolved,2025-04-27 20:31:03,2025-04-27 20:50:20.732297316,Incident on billing-engine triggered by a misconfigured deployment.,A credential rotation job failed silently.
INC-001027,fraud-detection,SEV3,resolved,2024-12-21 14:24:26,2024-12-21 15:52:13.588147934,Incident on fraud-detection triggered by an expired credential.,A configuration change was deployed without a canary rollout.
INC-001028,fraud-detection,SEV4,resolved,2024-12-15 05:19:01,2024-12-15 12:38:49.693550368,Incident on fraud-detection triggered by a misconfigured deployment.,Capacity was not scaled ahead of a known traffic event.
INC-001029,billing-engine,SEV4,resolved,2025-12-14 00:59:08,2025-12-14 03:28:27.551879168,Incident on billing-engine triggered by an expired credential.,A memory leak introduced in the previous release caused gradual degradation.
INC-001030,recommendation-engine,SEV4,resolved,2024-05-19 02:39:43,2024-05-19 10:26:56.393828806,Incident on recommendation-engine triggered by a downstream dependency timeout.,An upstream dependency exceeded its SLA during a regional failover.
INC-001031,search-service,SEV3,open,2025-10-10 10:16:24,,Incident on search-service triggered by elevated traffic beyond provisioned capacity.,
INC-001032,shipping-tracker,SEV3,open,2024-11-21 20:53:06,,Incident on shipping-tracker triggered by a misconfigured deployment.,
INC-001033,customer-portal,SEV2,resolved,2024-03-14 18:00:47,2024-03-15 01:35:14.475884420,Incident on customer-portal triggered by network partition between regions.,A credential rotation job failed silently.
INC-001034,payment-gateway,SEV4,resolved,2025-09-26 12:22:05,2025-09-26 14:46:36.326411786,Incident on payment-gateway triggered by a downstream dependency timeout.,A credential rotation job failed silently.
INC-001035,recommendation-engine,SEV3,mitigated,2024-05-10 20:28:05,2024-05-10 23:27:47.108363444,Incident on recommendation-engine triggered by an expired credential.,A credential rotation job failed silently.
INC-001036,warehouse-management,SEV2,resolved,2025-02-12 22:52:49,2025-02-13 06:25:19.440052384,Incident on warehouse-management triggered by an expired credential.,An upstream dependency exceeded its SLA during a regional failover.
INC-001037,billing-engine,SEV4,resolved,2025-08-01 18:30:03,2025-08-01 20:50:56.105386626,Incident on billing-engine triggered by an expired credential.,A configuration change was deployed without a canary rollout.
INC-001038,reporting-dashboard,SEV3,resolved,2024-05-29 01:00:54,2024-05-29 02:01:35.947885080,Incident on reporting-dashboard triggered by a downstream dependency timeout.,An upstream dependency exceeded its SLA during a regional failover.
INC-001039,reporting-dashboard,SEV3,resolved,2025-04-13 06:53:51,2025-04-13 12:48:21.305707578,Incident on reporting-dashboard triggered by an unhandled exception in a new code path.,Insufficient connection pool sizing for peak load.
INC-001040,inventory-service,SEV3,mitigated,2025-07-09 20:44:53,2025-07-09 23:37:58.190456786,Incident on inventory-service triggered by a downstream dependency timeout.,A credential rotation job failed silently.
INC-001041,reporting-dashboard,SEV3,resolved,2025-01-13 18:11:02,2025-01-13 21:44:09.522778070,Incident on reporting-dashboard triggered by elevated traffic beyond provisioned capacity.,A memory leak introduced in the previous release caused gradual degradation.
INC-001042,analytics-pipeline,SEV4,resolved,2025-11-26 16:14:03,2025-11-26 17:14:45.744679158,Incident on analytics-pipeline triggered by elevated traffic beyond provisioned capacity.,Insufficient connection pool sizing for peak load.
INC-001043,fraud-detection,SEV4,resolved,2024-04-27 08:22:52,2024-04-27 12:33:33.536484658,Incident on fraud-detection triggered by elevated traffic beyond provisioned capacity.,Insufficient connection pool sizing for peak load.
INC-001044,shipping-tracker,SEV3,mitigated,2025-12-25 07:50:44,2025-12-25 12:59:04.491789062,Incident on shipping-tracker triggered by network partition between regions.,Capacity was not scaled ahead of a known traffic event.
INC-001045,search-service,SEV4,resolved,2024-01-25 22:14:51,2024-01-26 07:26:08.445203274,Incident on search-service triggered by elevated traffic beyond provisioned capacity.,Capacity was not scaled ahead of a known traffic event.
INC-001046,recommendation-engine,SEV4,resolved,2025-05-10 09:30:49,2025-05-10 18:45:43.085559208,Incident on recommendation-engine triggered by elevated traffic beyond provisioned capacity.,An upstream dependency exceeded its SLA during a regional failover.
INC-001047,recommendation-engine,SEV2,resolved,2024-01-06 15:00:13,2024-01-06 20:40:32.750970532,Incident on recommendation-engine triggered by database connection pool exhaustion.,Insufficient connection pool sizing for peak load.
INC-001048,auth-service,SEV3,resolved,2024-04-16 13:37:45,2024-04-16 21:30:42.794018196,Incident on auth-service triggered by network partition between regions.,A configuration change was deployed without a canary rollout.
INC-001049,inventory-service,SEV4,mitigated,2025-09-12 22:09:37,2025-09-12 23:18:50.613061948,Incident on inventory-service triggered by a memory leak in a recent release.,Capacity was not scaled ahead of a known traffic event.
INC-001050,auth-service,SEV3,resolved,2025-02-15 10:39:29,2025-02-15 15:12:33.857167592,Incident on auth-service triggered by elevated traffic beyond provisioned capacity.,A configuration change was deployed without a canary rollout.
INC-001051,reporting-dashboard,SEV3,mitigated,2024-12-02 17:28:11,2024-12-02 19:41:49.699857314,Incident on reporting-dashboard triggered by a downstream dependency timeout.,An upstream dependency exceeded its SLA during a regional failover.
INC-001052,inventory-service,SEV4,mitigated,2024-04-05 16:51:54,2024-04-06 00:57:02.433142824,Incident on inventory-service triggered by a downstream dependency timeout.,A credential rotation job failed silently.
INC-001053,order-service,SEV3,resolved,2025-07-30 05:41:45,2025-07-30 09:01:53.896615884,Incident on order-service triggered by a misconfigured deployment.,A credential rotation job failed silently.
INC-001054,customer-portal,SEV4,resolved,2025-03-29 03:29:25,2025-03-29 05:28:11.859359572,Incident on customer-portal triggered by a memory leak in a recent release.,Insufficient connection pool sizing for peak load.
INC-001055,billing-engine,SEV4,resolved,2025-01-24 20:59:07,2025-01-25 02:27:33.696027400,Incident on billing-engine triggered by database connection pool exhaustion.,An upstream dependency exceeded its SLA during a regional failover.
INC-001056,inventory-service,SEV4,resolved,2025-05-19 19:22:53,2025-05-19 22:12:42.902058026,Incident on inventory-service triggered by an expired credential.,Insufficient connection pool sizing for peak load.
INC-001057,search-service,SEV3,resolved,2024-08-05 03:18:12,2024-08-05 07:30:15.757415952,Incident on search-service triggered by an expired credential.,A credential rotation job failed silently.
INC-001058,reporting-dashboard,SEV4,resolved,2024-12-30 10:27:19,2024-12-30 13:08:37.217132608,Incident on reporting-dashboard triggered by a downstream dependency timeout.,A configuration change was deployed without a canary rollout.
INC-001059,analytics-pipeline,SEV3,resolved,2024-09-08 09:28:56,2024-09-08 16:35:15.591819344,Incident on analytics-pipeline triggered by an unhandled exception in a new code path.,Capacity was not scaled ahead of a known traffic event.
INC-001060,fraud-detection,SEV4,resolved,2025-01-23 01:17:32,2025-01-23 08:53:03.148795610,Incident on fraud-detection triggered by an expired credential.,Insufficient connection pool sizing for peak load.
INC-001061,notification-service,SEV4,resolved,2025-03-21 22:28:44,2025-03-22 04:34:08.363658866,Incident on notification-service triggered by an unhandled exception in a new code path.,A configuration change was deployed without a canary rollout.
INC-001062,customer-portal,SEV3,resolved,2025-09-25 08:43:25,2025-09-25 12:35:33.009462651,Incident on customer-portal triggered by an expired credential.,A configuration change was deployed without a canary rollout.
INC-001063,warehouse-management,SEV2,resolved,2024-04-10 05:22:47,2024-04-10 09:44:35.757944504,Incident on warehouse-management triggered by an expired credential.,Capacity was not scaled ahead of a known traffic event.
INC-001064,api-gateway,SEV4,open,2024-09-13 16:51:34,,Incident on api-gateway triggered by an expired credential.,
INC-001065,shipping-tracker,SEV3,resolved,2025-07-08 02:42:45,2025-07-08 07:44:45.536409612,Incident on shipping-tracker triggered by network partition between regions.,A configuration change was deployed without a canary rollout.
INC-001066,notification-service,SEV4,open,2025-05-28 23:43:54,,Incident on notification-service triggered by network partition between regions.,
INC-001067,billing-engine,SEV3,open,2024-06-01 23:15:31,,Incident on billing-engine triggered by a downstream dependency timeout.,
INC-001068,customer-portal,SEV3,resolved,2024-02-23 18:10:35,2024-02-23 19:02:17.588036636,Incident on customer-portal triggered by elevated traffic beyond provisioned capacity.,A configuration change was deployed without a canary rollout.
INC-001069,fraud-detection,SEV3,mitigated,2025-07-21 16:01:24,2025-07-21 22:26:45.293463162,Incident on fraud-detection triggered by a downstream dependency timeout.,An upstream dependency exceeded its SLA during a regional failover.
INC-001070,api-gateway,SEV3,resolved,2025-08-03 22:20:39,2025-08-04 07:33:03.854611182,Incident on api-gateway triggered by elevated traffic beyond provisioned capacity.,Insufficient connection pool sizing for peak load.
INC-001071,auth-service,SEV3,resolved,2024-07-30 09:37:52,2024-07-30 10:50:11.081215078,Incident on auth-service triggered by a memory leak in a recent release.,A credential rotation job failed silently.
INC-001072,customer-portal,SEV3,mitigated,2024-07-05 18:57:50,2024-07-06 01:10:44.956468454,Incident on customer-portal triggered by database connection pool exhaustion.,A credential rotation job failed silently.
INC-001073,warehouse-management,SEV2,resolved,2025-03-27 04:09:50,2025-03-27 08:48:30.191113808,Incident on warehouse-management triggered by a misconfigured deployment.,An upstream dependency exceeded its SLA during a regional failover.
INC-001074,auth-service,SEV4,resolved,2024-03-26 20:52:14,2024-03-27 04:40:22.114231609,Incident on auth-service triggered by an unhandled exception in a new code path.,A memory leak introduced in the previous release caused gradual degradation.
INC-001075,auth-service,SEV4,open,2025-03-31 16:44:43,,Incident on auth-service triggered by network partition between regions.,
INC-001076,recommendation-engine,SEV4,resolved,2024-03-08 01:34:51,2024-03-08 11:05:08.833327842,Incident on recommendation-engine triggered by an expired credential.,An upstream dependency exceeded its SLA during a regional failover.
INC-001077,analytics-pipeline,SEV2,resolved,2025-04-30 20:49:42,2025-05-01 01:56:01.140650292,Incident on analytics-pipeline triggered by database connection pool exhaustion.,An upstream dependency exceeded its SLA during a regional failover.
INC-001078,notification-service,SEV4,resolved,2024-02-12 09:34:33,2024-02-12 14:06:08.250681144,Incident on notification-service triggered by an expired credential.,A configuration change was deployed without a canary rollout.
INC-001079,fraud-detection,SEV2,resolved,2024-12-22 21:00:17,2024-12-23 00:19:24.394509956,Incident on fraud-detection triggered by network partition between regions.,A configuration change was deployed without a canary rollout.
INC-001080,billing-engine,SEV3,resolved,2025-02-15 16:34:52,2025-02-16 02:32:39.020791216,Incident on billing-engine triggered by database connection pool exhaustion.,An upstream dependency exceeded its SLA during a regional failover.
INC-001081,shipping-tracker,SEV1,resolved,2024-11-13 22:25:17,2024-11-14 04:15:47.672540894,Incident on shipping-tracker triggered by database connection pool exhaustion.,Insufficient connection pool sizing for peak load.
INC-001082,warehouse-management,SEV2,resolved,2025-02-06 17:46:47,2025-02-06 21:34:44.301654680,Incident on warehouse-management triggered by a downstream dependency timeout.,A configuration change was deployed without a canary rollout.
INC-001083,inventory-service,SEV3,resolved,2025-10-16 07:08:51,2025-10-16 15:07:58.922989638,Incident on inventory-service triggered by a memory leak in a recent release.,An upstream dependency exceeded its SLA during a regional failover.
INC-001084,search-service,SEV2,resolved,2024-02-10 08:19:15,2024-02-10 14:59:18.436274394,Incident on search-service triggered by elevated traffic beyond provisioned capacity.,Capacity was not scaled ahead of a known traffic event.
INC-001085,billing-engine,SEV4,resolved,2024-02-19 17:55:56,2024-02-19 22:24:42.056747180,Incident on billing-engine triggered by a memory leak in a recent release.,Insufficient connection pool sizing for peak load.
INC-001086,order-service,SEV3,resolved,2025-09-02 20:14:49,2025-09-03 01:33:01.771937902,Incident on order-service triggered by database connection pool exhaustion.,An upstream dependency exceeded its SLA during a regional failover.
INC-001087,billing-engine,SEV2,resolved,2024-08-10 10:51:03,2024-08-10 17:23:35.923920750,Incident on billing-engine triggered by a misconfigured deployment.,Insufficient connection pool sizing for peak load.
INC-001088,reporting-dashboard,SEV2,open,2024-06-07 02:30:06,,Incident on reporting-dashboard triggered by a misconfigured deployment.,
INC-001089,api-gateway,SEV4,resolved,2025-10-20 13:53:11,2025-10-20 18:18:41.000434988,Incident on api-gateway triggered by a downstream dependency timeout.,Insufficient connection pool sizing for peak load.
INC-001090,search-service,SEV3,resolved,2025-08-20 09:58:25,2025-08-20 14:43:39.441212554,Incident on search-service triggered by an unhandled exception in a new code path.,A credential rotation job failed silently.
INC-001091,billing-engine,SEV3,resolved,2025-10-07 02:17:37,2025-10-07 11:51:43.571238886,Incident on billing-engine triggered by an unhandled exception in a new code path.,A memory leak introduced in the previous release caused gradual degradation.
INC-001092,billing-engine,SEV3,mitigated,2024-09-22 10:42:51,2024-09-22 19:23:35.040385326,Incident on billing-engine triggered by database connection pool exhaustion.,An upstream dependency exceeded its SLA during a regional failover.
INC-001093,recommendation-engine,SEV4,open,2025-10-18 06:33:38,,Incident on recommendation-engine triggered by elevated traffic beyond provisioned capacity.,
INC-001094,reporting-dashboard,SEV2,mitigated,2024-06-03 12:14:56,2024-06-03 22:13:58.635413942,Incident on reporting-dashboard triggered by network partition between regions.,A configuration change was deployed without a canary rollout.
INC-001095,fraud-detection,SEV4,resolved,2025-07-05 22:31:28,2025-07-06 07:14:02.523979204,Incident on fraud-detection triggered by a misconfigured deployment.,An upstream dependency exceeded its SLA during a regional failover.
INC-001096,order-service,SEV4,resolved,2025-08-22 12:18:51,2025-08-22 13:51:20.369749698,Incident on order-service triggered by a downstream dependency timeout.,A memory leak introduced in the previous release caused gradual degradation.
INC-001097,order-service,SEV4,resolved,2024-10-08 07:43:52,2024-10-08 17:25:16.420882276,Incident on order-service triggered by elevated traffic beyond provisioned capacity.,Insufficient connection pool sizing for peak load.
INC-001098,api-gateway,SEV4,mitigated,2025-08-31 15:28:42,2025-08-31 22:44:40.178927586,Incident on api-gateway triggered by a memory leak in a recent release.,A configuration change was deployed without a canary rollout.
INC-001099,analytics-pipeline,SEV4,resolved,2025-12-09 06:09:07,2025-12-09 06:28:48.210662746,Incident on analytics-pipeline triggered by elevated traffic beyond provisioned capacity.,A credential rotation job failed silently.
INC-001100,api-gateway,SEV3,mitigated,2024-09-11 08:27:47,2024-09-11 11:14:09.750585560,Incident on api-gateway triggered by an expired credential.,A configuration change was deployed without a canary rollout.
INC-001101,api-gateway,SEV1,mitigated,2025-09-05 17:46:56,2025-09-05 20:55:03.460287452,Incident on api-gateway triggered by an expired credential.,A configuration change was deployed without a canary rollout.
INC-001102,reporting-dashboard,SEV3,mitigated,2024-10-29 20:45:02,2024-10-30 06:11:51.516755030,Incident on reporting-dashboard triggered by a misconfigured deployment.,Insufficient connection pool sizing for peak load.
INC-001103,billing-engine,SEV4,resolved,2025-03-31 15:50:29,2025-03-31 20:23:19.038474128,Incident on billing-engine triggered by a downstream dependency timeout.,A memory leak introduced in the previous release caused gradual degradation.
INC-001104,customer-portal,SEV2,resolved,2024-12-29 19:54:14,2024-12-30 01:47:14.031867224,Incident on customer-portal triggered by elevated traffic beyond provisioned capacity.,Insufficient connection pool sizing for peak load.
INC-001105,warehouse-management,SEV3,mitigated,2025-03-18 04:14:48,2025-03-18 07:11:03.917136720,Incident on warehouse-management triggered by database connection pool exhaustion.,An upstream dependency exceeded its SLA during a regional failover.
INC-001106,search-service,SEV3,resolved,2025-04-09 17:36:18,2025-04-09 23:16:09.013028766,Incident on search-service triggered by database connection pool exhaustion.,A configuration change was deployed without a canary rollout.
INC-001107,customer-portal,SEV2,mitigated,2025-11-14 20:43:52,2025-11-15 01:26:43.912575580,Incident on customer-portal triggered by a memory leak in a recent release.,An upstream dependency exceeded its SLA during a regional failover.
INC-001108,recommendation-engine,SEV1,mitigated,2024-05-14 22:52:50,2024-05-15 00:52:56.808673466,Incident on recommendation-engine triggered by an expired credential.,A memory leak introduced in the previous release caused gradual degradation.
INC-001109,payment-gateway,SEV4,resolved,2024-04-08 13:00:22,2024-04-08 22:49:22.107506614,Incident on payment-gateway triggered by a misconfigured deployment.,Capacity was not scaled ahead of a known traffic event.
INC-001110,shipping-tracker,SEV4,resolved,2024-01-27 21:16:44,2024-01-28 01:23:26.202749342,Incident on shipping-tracker triggered by network partition between regions.,Capacity was not scaled ahead of a known traffic event.
INC-001111,payment-gateway,SEV4,resolved,2024-06-16 12:43:25,2024-06-16 20:54:57.294937072,Incident on payment-gateway triggered by a downstream dependency timeout.,A credential rotation job failed silently.
INC-001112,order-service,SEV4,mitigated,2025-09-18 13:29:57,2025-09-18 16:15:30.949657265,Incident on order-service triggered by a misconfigured deployment.,An upstream dependency exceeded its SLA during a regional failover.
INC-001113,shipping-tracker,SEV4,resolved,2025-05-26 17:33:43,2025-05-26 22:03:18.425033128,Incident on shipping-tracker triggered by an expired credential.,A configuration change was deployed without a canary rollout.
INC-001114,warehouse-management,SEV1,mitigated,2025-09-27 06:28:01,2025-09-27 08:42:57.395197918,Incident on warehouse-management triggered by elevated traffic beyond provisioned capacity.,Insufficient connection pool sizing for peak load.
INC-001115,auth-service,SEV3,resolved,2025-02-08 12:20:16,2025-02-08 12:46:21.530207062,Incident on auth-service triggered by elevated traffic beyond provisioned capacity.,Insufficient connection pool sizing for peak load.
INC-001116,analytics-pipeline,SEV3,mitigated,2024-09-16 00:30:40,2024-09-16 04:50:09.487410628,Incident on analytics-pipeline triggered by a memory leak in a recent release.,Insufficient connection pool sizing for peak load.
INC-001117,auth-service,SEV4,resolved,2024-12-25 20:53:44,2024-12-25 22:12:03.225115028,Incident on auth-service triggered by a misconfigured deployment.,A configuration change was deployed without a canary rollout.
INC-001118,recommendation-engine,SEV3,resolved,2025-05-02 22:11:45,2025-05-02 22:32:49.916600820,Incident on recommendation-engine triggered by an expired credential.,A configuration change was deployed without a canary rollout.
INC-001119,order-service,SEV4,open,2025-01-31 04:16:36,,Incident on order-service triggered by elevated traffic beyond provisioned capacity.,
INC-001120,fraud-detection,SEV3,resolved,2025-07-17 03:39:37,2025-07-17 07:39:22.977078190,Incident on fraud-detection triggered by a memory leak in a recent release.,Insufficient connection pool sizing for peak load.
INC-001121,shipping-tracker,SEV4,resolved,2025-06-07 22:13:09,2025-06-08 00:15:14.106629394,Incident on shipping-tracker triggered by an expired credential.,Capacity was not scaled ahead of a known traffic event.
INC-001122,notification-service,SEV4,resolved,2025-01-08 23:16:41,2025-01-09 04:08:08.747483174,Incident on notification-service triggered by a misconfigured deployment.,A configuration change was deployed without a canary rollout.
INC-001123,recommendation-engine,SEV4,resolved,2024-08-10 04:32:07,2024-08-10 05:22:41.249303259,Incident on recommendation-engine triggered by a misconfigured deployment.,A credential rotation job failed silently.
INC-001124,order-service,SEV3,resolved,2025-09-04 23:37:33,2025-09-05 05:18:45.775746558,Incident on order-service triggered by a downstream dependency timeout.,A credential rotation job failed silently.
INC-001125,search-service,SEV3,resolved,2025-09-16 16:17:23,2025-09-16 22:02:04.411472288,Incident on search-service triggered by network partition between regions.,Capacity was not scaled ahead of a known traffic event.
INC-001126,payment-gateway,SEV3,mitigated,2024-09-01 23:03:28,2024-09-02 02:43:40.376094916,Incident on payment-gateway triggered by database connection pool exhaustion.,Capacity was not scaled ahead of a known traffic event.
INC-001127,customer-portal,SEV4,resolved,2025-06-06 08:56:09,2025-06-06 14:48:23.843565132,Incident on customer-portal triggered by database connection pool exhaustion.,Insufficient connection pool sizing for peak load.
INC-001128,auth-service,SEV3,resolved,2025-08-22 20:49:13,2025-08-22 21:34:01.221674458,Incident on auth-service triggered by database connection pool exhaustion.,A memory leak introduced in the previous release caused gradual degradation.
INC-001129,recommendation-engine,SEV4,resolved,2024-04-12 22:52:20,2024-04-13 03:19:28.330131674,Incident on recommendation-engine triggered by an expired credential.,A configuration change was deployed without a canary rollout.
INC-001130,notification-service,SEV2,mitigated,2024-01-29 21:32:19,2024-01-29 23:42:44.551913260,Incident on notification-service triggered by an unhandled exception in a new code path.,Capacity was not scaled ahead of a known traffic event.
INC-001131,customer-portal,SEV4,resolved,2025-10-19 16:49:15,2025-10-19 18:34:49.233081546,Incident on customer-portal triggered by an expired credential.,An upstream dependency exceeded its SLA during a regional failover.
INC-001132,recommendation-engine,SEV3,mitigated,2025-06-05 04:38:12,2025-06-05 11:24:26.668536864,Incident on recommendation-engine triggered by network partition between regions.,A configuration change was deployed without a canary rollout.
INC-001133,auth-service,SEV3,resolved,2024-03-08 17:53:37,2024-03-08 20:58:27.633802984,Incident on auth-service triggered by a memory leak in a recent release.,A credential rotation job failed silently.
INC-001134,auth-service,SEV4,resolved,2025-09-10 21:37:10,2025-09-10 22:39:34.380458464,Incident on auth-service triggered by network partition between regions.,A memory leak introduced in the previous release caused gradual degradation.
INC-001135,billing-engine,SEV4,resolved,2025-11-21 12:35:06,2025-11-21 14:35:43.045563546,Incident on billing-engine triggered by an expired credential.,A configuration change was deployed without a canary rollout.
INC-001136,analytics-pipeline,SEV3,resolved,2025-01-06 20:39:55,2025-01-07 00:52:23.473734130,Incident on analytics-pipeline triggered by elevated traffic beyond provisioned capacity.,Capacity was not scaled ahead of a known traffic event.
INC-001137,shipping-tracker,SEV4,resolved,2024-04-09 20:19:24,2024-04-10 03:00:44.221171116,Incident on shipping-tracker triggered by database connection pool exhaustion.,A memory leak introduced in the previous release caused gradual degradation.
INC-001138,search-service,SEV3,resolved,2024-11-10 08:16:55,2024-11-10 08:37:12.580350034,Incident on search-service triggered by network partition between regions.,Capacity was not scaled ahead of a known traffic event.
INC-001139,notification-service,SEV4,resolved,2024-06-29 03:40:25,2024-06-29 09:14:09.776245858,Incident on notification-service triggered by network partition between regions.,A credential rotation job failed silently.
INC-001140,customer-portal,SEV3,resolved,2025-01-30 19:56:29,2025-01-31 05:22:58.915150886,Incident on customer-portal triggered by network partition between regions.,A memory leak introduced in the previous release caused gradual degradation.
INC-001141,warehouse-management,SEV4,resolved,2025-11-23 05:20:40,2025-11-23 08:02:54.201840448,Incident on warehouse-management triggered by a memory leak in a recent release.,A configuration change was deployed without a canary rollout.
INC-001142,billing-engine,SEV4,resolved,2024-09-10 05:01:06,2024-09-10 11:37:58.519348140,Incident on billing-engine triggered by database connection pool exhaustion.,A memory leak introduced in the previous release caused gradual degradation.
INC-001143,search-service,SEV3,open,2024-08-17 19:01:28,,Incident on search-service triggered by an unhandled exception in a new code path.,
INC-001144,customer-portal,SEV3,resolved,2025-11-18 18:20:49,2025-11-19 00:14:38.110978732,Incident on customer-portal triggered by network partition between regions.,An upstream dependency exceeded its SLA during a regional failover.
INC-001145,api-gateway,SEV1,resolved,2025-02-14 01:43:42,2025-02-14 02:33:37.637208216,Incident on api-gateway triggered by a misconfigured deployment.,A memory leak introduced in the previous release caused gradual degradation.
INC-001146,shipping-tracker,SEV3,mitigated,2024-01-31 16:54:07,2024-01-31 23:07:31.604926060,Incident on shipping-tracker triggered by database connection pool exhaustion.,A configuration change was deployed without a canary rollout.
INC-001147,customer-portal,SEV3,mitigated,2024-04-21 16:42:36,2024-04-21 23:23:24.426430806,Incident on customer-portal triggered by an expired credential.,A configuration change was deployed without a canary rollout.
INC-001148,payment-gateway,SEV4,resolved,2024-12-25 16:43:09,2024-12-26 02:30:01.875987600,Incident on payment-gateway triggered by an unhandled exception in a new code path.,A configuration change was deployed without a canary rollout.
INC-001149,order-service,SEV1,resolved,2024-11-20 17:18:55,2024-11-20 19:41:04.589810488,Incident on order-service triggered by network partition between regions.,Capacity was not scaled ahead of a known traffic event.
INC-001150,shipping-tracker,SEV4,resolved,2025-01-24 20:57:52,2025-01-25 03:34:44.581526020,Incident on shipping-tracker triggered by an unhandled exception in a new code path.,A memory leak introduced in the previous release caused gradual degradation.
INC-001151,inventory-service,SEV3,resolved,2025-03-16 19:24:51,2025-03-16 20:02:29.144355444,Incident on inventory-service triggered by an unhandled exception in a new code path.,Capacity was not scaled ahead of a known traffic event.
INC-001152,reporting-dashboard,SEV2,open,2025-09-14 19:00:23,,Incident on reporting-dashboard triggered by a downstream dependency timeout.,
INC-001153,auth-service,SEV3,resolved,2024-03-10 08:37:50,2024-03-10 08:55:17.058308684,Incident on auth-service triggered by a memory leak in a recent release.,Insufficient connection pool sizing for peak load.
INC-001154,shipping-tracker,SEV2,resolved,2024-12-06 14:09:13,2024-12-06 22:35:28.002228124,Incident on shipping-tracker triggered by network partition between regions.,Capacity was not scaled ahead of a known traffic event.
INC-001155,inventory-service,SEV4,open,2024-12-07 22:01:10,,Incident on inventory-service triggered by network partition between regions.,
INC-001156,api-gateway,SEV3,resolved,2025-08-20 00:21:42,2025-08-20 04:35:38.457168552,Incident on api-gateway triggered by an expired credential.,A credential rotation job failed silently.
INC-001157,analytics-pipeline,SEV4,resolved,2025-01-18 01:38:15,2025-01-18 06:22:51.643344246,Incident on analytics-pipeline triggered by network partition between regions.,Capacity was not scaled ahead of a known traffic event.
INC-001158,api-gateway,SEV4,resolved,2025-01-09 20:09:34,2025-01-10 01:30:22.055971918,Incident on api-gateway triggered by network partition between regions.,Capacity was not scaled ahead of a known traffic event.
INC-001159,inventory-service,SEV3,resolved,2025-10-13 12:26:52,2025-10-13 21:23:41.687048398,Incident on inventory-service triggered by elevated traffic beyond provisioned capacity.,Insufficient connection pool sizing for peak load.
INC-001160,shipping-tracker,SEV1,open,2025-08-12 21:38:01,,Incident on shipping-tracker triggered by an unhandled exception in a new code path.,
INC-001161,notification-service,SEV2,resolved,2025-02-27 11:07:41,2025-02-27 17:02:26.132444144,Incident on notification-service triggered by an unhandled exception in a new code path.,An upstream dependency exceeded its SLA during a regional failover.
INC-001162,recommendation-engine,SEV3,resolved,2025-10-13 08:38:36,2025-10-13 08:55:55.263323478,Incident on recommendation-engine triggered by an expired credential.,A credential rotation job failed silently.
INC-001163,inventory-service,SEV3,mitigated,2024-12-20 20:37:40,2024-12-21 00:48:10.548135867,Incident on inventory-service triggered by network partition between regions.,An upstream dependency exceeded its SLA during a regional failover.
INC-001164,reporting-dashboard,SEV4,open,2024-12-09 13:17:06,,Incident on reporting-dashboard triggered by database connection pool exhaustion.,
INC-001165,auth-service,SEV3,resolved,2025-05-13 03:30:31,2025-05-13 09:42:21.669803968,Incident on auth-service triggered by a downstream dependency timeout.,Insufficient connection pool sizing for peak load.
INC-001166,notification-service,SEV4,mitigated,2024-03-26 02:36:00,2024-03-26 10:45:13.188355590,Incident on notification-service triggered by elevated traffic beyond provisioned capacity.,A configuration change was deployed without a canary rollout.
INC-001167,inventory-service,SEV2,resolved,2025-04-22 18:44:19,2025-04-23 04:26:20.236106650,Incident on inventory-service triggered by elevated traffic beyond provisioned capacity.,A configuration change was deployed without a canary rollout.
INC-001168,customer-portal,SEV3,resolved,2025-01-14 17:53:11,2025-01-14 19:11:22.828351658,Incident on customer-portal triggered by a memory leak in a recent release.,A credential rotation job failed silently.
INC-001169,order-service,SEV3,resolved,2025-01-21 14:02:15,2025-01-21 17:08:49.858201362,Incident on order-service triggered by network partition between regions.,Capacity was not scaled ahead of a known traffic event.
INC-001170,inventory-service,SEV3,resolved,2025-03-27 15:48:47,2025-03-27 23:24:00.377528570,Incident on inventory-service triggered by a downstream dependency timeout.,A credential rotation job failed silently.
INC-001171,shipping-tracker,SEV4,resolved,2024-04-26 17:38:44,2024-04-26 23:45:15.768790099,Incident on shipping-tracker triggered by elevated traffic beyond provisioned capacity.,A credential rotation job failed silently.
INC-001172,warehouse-management,SEV3,resolved,2024-10-22 12:40:43,2024-10-22 18:28:49.107310618,Incident on warehouse-management triggered by an expired credential.,A memory leak introduced in the previous release caused gradual degradation.
INC-001173,payment-gateway,SEV4,resolved,2024-01-06 05:15:04,2024-01-06 13:12:50.933473780,Incident on payment-gateway triggered by a downstream dependency timeout.,Capacity was not scaled ahead of a known traffic event.
INC-001174,search-service,SEV2,open,2024-04-23 13:48:06,,Incident on search-service triggered by database connection pool exhaustion.,
INC-001175,reporting-dashboard,SEV3,resolved,2025-09-01 03:36:59,2025-09-01 07:27:25.470658580,Incident on reporting-dashboard triggered by a downstream dependency timeout.,A credential rotation job failed silently.
INC-001176,fraud-detection,SEV4,resolved,2025-10-03 06:31:33,2025-10-03 14:56:36.051368136,Incident on fraud-detection triggered by an expired credential.,Insufficient connection pool sizing for peak load.
INC-001177,order-service,SEV2,mitigated,2024-05-01 01:34:04,2024-05-01 10:04:07.847542840,Incident on order-service triggered by an expired credential.,An upstream dependency exceeded its SLA during a regional failover.
INC-001178,notification-service,SEV4,mitigated,2025-01-19 07:31:46,2025-01-19 08:52:09.549173164,Incident on notification-service triggered by an unhandled exception in a new code path.,A credential rotation job failed silently.
INC-001179,auth-service,SEV4,resolved,2024-09-02 04:29:56,2024-09-02 08:21:54.582765950,Incident on auth-service triggered by an unhandled exception in a new code path.,Capacity was not scaled ahead of a known traffic event.
INC-001180,payment-gateway,SEV3,mitigated,2025-10-30 15:02:46,2025-10-30 17:30:10.038352342,Incident on payment-gateway triggered by an expired credential.,An upstream dependency exceeded its SLA during a regional failover.
INC-001181,payment-gateway,SEV3,resolved,2024-05-18 10:25:55,2024-05-18 15:56:15.299855980,Incident on payment-gateway triggered by network partition between regions.,A memory leak introduced in the previous release caused gradual degradation.
INC-001182,notification-service,SEV4,open,2025-06-10 09:49:27,,Incident on notification-service triggered by database connection pool exhaustion.,
INC-001183,api-gateway,SEV4,resolved,2024-11-09 04:52:13,2024-11-09 08:24:26.801723170,Incident on api-gateway triggered by an expired credential.,An upstream dependency exceeded its SLA during a regional failover.
INC-001184,fraud-detection,SEV1,resolved,2025-11-15 14:34:01,2025-11-15 15:16:42.134048212,Incident on fraud-detection triggered by a downstream dependency timeout.,A configuration change was deployed without a canary rollout.
INC-001185,customer-portal,SEV3,resolved,2025-11-25 13:52:35,2025-11-25 16:08:04.777336700,Incident on customer-portal triggered by an expired credential.,Capacity was not scaled ahead of a known traffic event.
INC-001186,order-service,SEV1,open,2024-02-25 03:44:10,,Incident on order-service triggered by database connection pool exhaustion.,
INC-001187,recommendation-engine,SEV2,open,2024-07-27 14:37:25,,Incident on recommendation-engine triggered by a memory leak in a recent release.,
INC-001188,order-service,SEV3,resolved,2025-04-29 15:09:25,2025-04-30 00:31:37.951109818,Incident on order-service triggered by a memory leak in a recent release.,A configuration change was deployed without a canary rollout.
INC-001189,reporting-dashboard,SEV4,resolved,2024-01-21 20:03:50,2024-01-22 03:56:26.061021218,Incident on reporting-dashboard triggered by a misconfigured deployment.,A memory leak introduced in the previous release caused gradual degradation.
INC-001190,inventory-service,SEV3,mitigated,2024-03-09 05:03:31,2024-03-09 12:26:28.618878886,Incident on inventory-service triggered by a memory leak in a recent release.,An upstream dependency exceeded its SLA during a regional failover.
INC-001191,analytics-pipeline,SEV4,resolved,2024-05-07 00:25:45,2024-05-07 09:32:04.129567218,Incident on analytics-pipeline triggered by elevated traffic beyond provisioned capacity.,A memory leak introduced in the previous release caused gradual degradation.
INC-001192,api-gateway,SEV4,resolved,2024-03-20 18:05:40,2024-03-20 20:10:44.020709434,Incident on api-gateway triggered by an expired credential.,Capacity was not scaled ahead of a known traffic event.
INC-001193,order-service,SEV3,resolved,2024-05-04 14:59:08,2024-05-04 20:33:42.986952668,Incident on order-service triggered by a misconfigured deployment.,An upstream dependency exceeded its SLA during a regional failover.
INC-001194,payment-gateway,SEV4,resolved,2024-04-03 07:07:26,2024-04-03 07:31:55.593889274,Incident on payment-gateway triggered by a memory leak in a recent release.,A configuration change was deployed without a canary rollout.
INC-001195,notification-service,SEV3,resolved,2025-12-01 17:38:17,2025-12-01 17:53:18.881423089,Incident on notification-service triggered by a memory leak in a recent release.,A credential rotation job failed silently.
INC-001196,search-service,SEV4,resolved,2025-05-30 00:25:39,2025-05-30 04:20:18.613380114,Incident on search-service triggered by a misconfigured deployment.,A credential rotation job failed silently.
INC-001197,billing-engine,SEV2,mitigated,2024-11-26 14:54:17,2024-11-26 23:03:38.041396838,Incident on billing-engine triggered by a memory leak in a recent release.,An upstream dependency exceeded its SLA during a regional failover.
INC-001198,auth-service,SEV4,resolved,2025-08-30 20:38:37,2025-08-31 00:29:41.440710316,Incident on auth-service triggered by a memory leak in a recent release.,A memory leak introduced in the previous release caused gradual degradation.
INC-001199,billing-engine,SEV4,resolved,2025-01-19 18:24:49,2025-01-19 20:33:35.050769944,Incident on billing-engine triggered by a misconfigured deployment.,A memory leak introduced in the previous release caused gradual degradation.
INC-001200,payment-gateway,SEV4,open,2025-06-23 08:20:13,,Incident on payment-gateway triggered by a misconfigured deployment.,
INC-001201,reporting-dashboard,SEV3,open,2024-06-05 18:21:20,,Incident on reporting-dashboard triggered by an unhandled exception in a new code path.,
INC-001202,fraud-detection,SEV4,resolved,2025-04-15 13:28:48,2025-04-15 22:03:30.187663938,Incident on fraud-detection triggered by a memory leak in a recent release.,An upstream dependency exceeded its SLA during a regional failover.
INC-001203,payment-gateway,SEV2,resolved,2024-01-13 14:31:01,2024-01-13 16:59:26.854195984,Incident on payment-gateway triggered by elevated traffic beyond provisioned capacity.,A configuration change was deployed without a canary rollout.
INC-001204,notification-service,SEV2,mitigated,2025-08-14 21:45:19,2025-08-15 01:09:10.598861896,Incident on notification-service triggered by elevated traffic beyond provisioned capacity.,A configuration change was deployed without a canary rollout.
INC-001205,warehouse-management,SEV4,resolved,2025-01-03 23:39:42,2025-01-04 06:38:44.779995270,Incident on warehouse-management triggered by a misconfigured deployment.,Capacity was not scaled ahead of a known traffic event.
INC-001206,payment-gateway,SEV4,resolved,2024-03-07 07:35:00,2024-03-07 09:59:29.836962906,Incident on payment-gateway triggered by database connection pool exhaustion.,An upstream dependency exceeded its SLA during a regional failover.
INC-001207,warehouse-management,SEV4,mitigated,2025-02-05 04:14:01,2025-02-05 12:29:41.015175100,Incident on warehouse-management triggered by a misconfigured deployment.,An upstream dependency exceeded its SLA during a regional failover.
INC-001208,billing-engine,SEV3,resolved,2024-12-07 11:53:12,2024-12-07 18:27:09.108260898,Incident on billing-engine triggered by a downstream dependency timeout.,A configuration change was deployed without a canary rollout.
INC-001209,recommendation-engine,SEV2,resolved,2024-10-03 20:52:20,2024-10-04 01:25:45.291424874,Incident on recommendation-engine triggered by an expired credential.,Capacity was not scaled ahead of a known traffic event.
INC-001210,customer-portal,SEV3,resolved,2024-06-06 16:15:58,2024-06-06 23:17:09.010339948,Incident on customer-portal triggered by an unhandled exception in a new code path.,A credential rotation job failed silently.
INC-001211,customer-portal,SEV3,resolved,2025-03-02 06:16:46,2025-03-02 12:27:16.786555473,Incident on customer-portal triggered by a misconfigured deployment.,A memory leak introduced in the previous release caused gradual degradation.
INC-001212,order-service,SEV4,resolved,2024-06-26 00:06:25,2024-06-26 03:54:32.170228846,Incident on order-service triggered by an expired credential.,Insufficient connection pool sizing for peak load.
INC-001213,search-service,SEV4,resolved,2024-02-24 20:53:12,2024-02-24 21:45:09.763467960,Incident on search-service triggered by network partition between regions.,A memory leak introduced in the previous release caused gradual degradation.
INC-001214,reporting-dashboard,SEV1,mitigated,2024-09-10 19:50:20,2024-09-11 02:07:31.774897094,Incident on reporting-dashboard triggered by network partition between regions.,An upstream dependency exceeded its SLA during a regional failover.
INC-001215,reporting-dashboard,SEV4,resolved,2024-10-30 06:51:20,2024-10-30 13:12:33.957557660,Incident on reporting-dashboard triggered by an expired credential.,Insufficient connection pool sizing for peak load.
INC-001216,customer-portal,SEV4,resolved,2024-07-28 08:49:21,2024-07-28 11:52:52.054409802,Incident on customer-portal triggered by a misconfigured deployment.,Capacity was not scaled ahead of a known traffic event.
INC-001217,inventory-service,SEV4,resolved,2024-06-07 15:41:32,2024-06-07 21:27:41.265017288,Incident on inventory-service triggered by an expired credential.,Insufficient connection pool sizing for peak load.
INC-001218,inventory-service,SEV4,resolved,2024-04-28 22:47:22,2024-04-29 04:10:15.094182562,Incident on inventory-service triggered by a misconfigured deployment.,A memory leak introduced in the previous release caused gradual degradation.
INC-001219,search-service,SEV3,resolved,2024-09-11 05:35:44,2024-09-11 15:16:10.956179858,Incident on search-service triggered by a memory leak in a recent release.,A credential rotation job failed silently.
INC-001220,billing-engine,SEV4,resolved,2025-07-24 15:54:26,2025-07-24 16:14:51.745278938,Incident on billing-engine triggered by an expired credential.,Insufficient connection pool sizing for peak load.
INC-001221,api-gateway,SEV3,mitigated,2024-06-29 13:25:14,2024-06-29 22:09:36.455214488,Incident on api-gateway triggered by database connection pool exhaustion.,A configuration change was deployed without a canary rollout.
INC-001222,customer-portal,SEV4,resolved,2025-01-20 17:04:40,2025-01-21 02:57:05.627984248,Incident on customer-portal triggered by database connection pool exhaustion.,Insufficient connection pool sizing for peak load.
INC-001223,reporting-dashboard,SEV4,mitigated,2024-05-15 03:21:05,2024-05-15 12:39:08.929750310,Incident on reporting-dashboard triggered by database connection pool exhaustion.,A configuration change was deployed without a canary rollout.
INC-001224,fraud-detection,SEV4,resolved,2025-01-18 04:25:42,2025-01-18 13:08:27.528385728,Incident on fraud-detection triggered by a misconfigured deployment.,A credential rotation job failed silently.
INC-001225,search-service,SEV3,mitigated,2025-02-15 11:26:01,2025-02-15 18:43:45.536475328,Incident on search-service triggered by a misconfigured deployment.,Insufficient connection pool sizing for peak load.
INC-001226,notification-service,SEV3,open,2024-02-12 01:18:45,,Incident on notification-service triggered by elevated traffic beyond provisioned capacity.,
INC-001227,fraud-detection,SEV3,resolved,2024-12-12 18:43:16,2024-12-13 04:07:32.821461562,Incident on fraud-detection triggered by database connection pool exhaustion.,Capacity was not scaled ahead of a known traffic event.
INC-001228,analytics-pipeline,SEV2,resolved,2024-03-22 17:10:59,2024-03-22 22:23:56.551156874,Incident on analytics-pipeline triggered by an unhandled exception in a new code path.,A memory leak introduced in the previous release caused gradual degradation.
INC-001229,recommendation-engine,SEV4,resolved,2025-09-26 04:45:35,2025-09-26 06:21:59.163582914,Incident on recommendation-engine triggered by network partition between regions.,A configuration change was deployed without a canary rollout.
INC-001230,fraud-detection,SEV3,resolved,2025-05-08 06:57:03,2025-05-08 09:20:53.878437444,Incident on fraud-detection triggered by elevated traffic beyond provisioned capacity.,A memory leak introduced in the previous release caused gradual degradation.
INC-001231,search-service,SEV4,open,2025-12-02 13:56:42,,Incident on search-service triggered by a misconfigured deployment.,
INC-001232,reporting-dashboard,SEV4,resolved,2025-10-16 04:00:03,2025-10-16 08:52:50.259804216,Incident on reporting-dashboard triggered by database connection pool exhaustion.,A memory leak introduced in the previous release caused gradual degradation.
INC-001233,warehouse-management,SEV1,resolved,2025-11-24 04:10:16,2025-11-24 06:59:03.999541126,Incident on warehouse-management triggered by a misconfigured deployment.,A memory leak introduced in the previous release caused gradual degradation.
INC-001234,customer-portal,SEV4,resolved,2025-11-24 02:54:01,2025-11-24 07:56:06.709043944,Incident on customer-portal triggered by a memory leak in a recent release.,A memory leak introduced in the previous release caused gradual degradation.
INC-001235,recommendation-engine,SEV4,resolved,2025-12-14 06:49:18,2025-12-14 10:25:34.164112656,Incident on recommendation-engine triggered by elevated traffic beyond provisioned capacity.,Insufficient connection pool sizing for peak load.
INC-001236,search-service,SEV3,mitigated,2025-09-07 16:23:26,2025-09-08 02:01:39.539196980,Incident on search-service triggered by an unhandled exception in a new code path.,An upstream dependency exceeded its SLA during a regional failover.
INC-001237,fraud-detection,SEV4,open,2024-08-02 18:38:06,,Incident on fraud-detection triggered by elevated traffic beyond provisioned capacity.,
INC-001238,customer-portal,SEV3,resolved,2024-05-22 17:55:32,2024-05-23 03:49:46.862148146,Incident on customer-portal triggered by elevated traffic beyond provisioned capacity.,A memory leak introduced in the previous release caused gradual degradation.
INC-001239,reporting-dashboard,SEV4,resolved,2025-05-03 12:49:41,2025-05-03 13:18:29.218614536,Incident on reporting-dashboard triggered by a misconfigured deployment.,A credential rotation job failed silently.
INC-001240,recommendation-engine,SEV3,resolved,2024-04-18 02:33:24,2024-04-18 08:59:47.549807394,Incident on recommendation-engine triggered by an unhandled exception in a new code path.,A memory leak introduced in the previous release caused gradual degradation.
INC-001241,customer-portal,SEV4,resolved,2024-11-13 21:54:48,2024-11-14 01:47:30.504479778,Incident on customer-portal triggered by a memory leak in a recent release.,An upstream dependency exceeded its SLA during a regional failover.
INC-001242,search-service,SEV3,resolved,2025-12-02 16:21:54,2025-12-03 01:47:36.859876908,Incident on search-service triggered by an expired credential.,A configuration change was deployed without a canary rollout.
INC-001243,warehouse-management,SEV2,mitigated,2025-01-30 04:31:19,2025-01-30 06:23:49.185887116,Incident on warehouse-management triggered by a misconfigured deployment.,A configuration change was deployed without a canary rollout.
INC-001244,reporting-dashboard,SEV3,resolved,2025-06-06 04:56:34,2025-06-06 07:13:07.286468734,Incident on reporting-dashboard triggered by database connection pool exhaustion.,Capacity was not scaled ahead of a known traffic event.
INC-001245,warehouse-management,SEV4,resolved,2024-03-02 20:49:29,2024-03-03 05:55:27.058845536,Incident on warehouse-management triggered by a misconfigured deployment.,An upstream dependency exceeded its SLA during a regional failover.
INC-001246,warehouse-management,SEV3,resolved,2024-01-26 10:06:34,2024-01-26 15:16:30.224492422,Incident on warehouse-management triggered by an expired credential.,An upstream dependency exceeded its SLA during a regional failover.
INC-001247,warehouse-management,SEV4,mitigated,2024-10-02 09:18:52,2024-10-02 11:13:20.648855812,Incident on warehouse-management triggered by elevated traffic beyond provisioned capacity.,A credential rotation job failed silently.
INC-001248,recommendation-engine,SEV2,resolved,2024-01-29 00:13:58,2024-01-29 06:49:09.686184856,Incident on recommendation-engine triggered by an expired credential.,Capacity was not scaled ahead of a known traffic event.
INC-001249,auth-service,SEV4,mitigated,2024-02-26 15:45:15,2024-02-27 00:01:15.776377122,Incident on auth-service triggered by a memory leak in a recent release.,Capacity was not scaled ahead of a known traffic event.
INC-001250,shipping-tracker,SEV1,resolved,2024-11-29 00:53:14,2024-11-29 10:51:59.695687580,Incident on shipping-tracker triggered by a misconfigured deployment.,A credential rotation job failed silently.
INC-001251,recommendation-engine,SEV2,resolved,2025-10-29 06:06:57,2025-10-29 13:07:23.737358604,Incident on recommendation-engine triggered by a misconfigured deployment.,A credential rotation job failed silently.
INC-001252,auth-service,SEV2,resolved,2024-01-17 16:58:42,2024-01-17 17:34:02.852347158,Incident on auth-service triggered by an unhandled exception in a new code path.,Capacity was not scaled ahead of a known traffic event.
INC-001253,warehouse-management,SEV3,resolved,2024-10-07 03:29:54,2024-10-07 10:52:31.444099710,Incident on warehouse-management triggered by an expired credential.,A configuration change was deployed without a canary rollout.
INC-001254,warehouse-management,SEV3,resolved,2024-02-22 18:46:55,2024-02-23 02:09:25.563480004,Incident on warehouse-management triggered by an expired credential.,A memory leak introduced in the previous release caused gradual degradation.
INC-001255,recommendation-engine,SEV4,resolved,2024-09-07 13:57:17,2024-09-07 19:48:58.750853594,Incident on recommendation-engine triggered by network partition between regions.,A credential rotation job failed silently.
INC-001256,shipping-tracker,SEV1,mitigated,2024-07-24 18:34:38,2024-07-25 03:39:37.113104984,Incident on shipping-tracker triggered by network partition between regions.,A credential rotation job failed silently.
INC-001257,warehouse-management,SEV4,resolved,2025-04-13 16:59:39,2025-04-13 20:41:03.061925070,Incident on warehouse-management triggered by database connection pool exhaustion.,Capacity was not scaled ahead of a known traffic event.
INC-001258,auth-service,SEV3,mitigated,2025-03-11 08:58:48,2025-03-11 13:07:23.212580850,Incident on auth-service triggered by a downstream dependency timeout.,An upstream dependency exceeded its SLA during a regional failover.
INC-001259,order-service,SEV4,resolved,2025-09-30 07:24:54,2025-09-30 12:59:29.566782648,Incident on order-service triggered by an unhandled exception in a new code path.,Capacity was not scaled ahead of a known traffic event.
INC-001260,notification-service,SEV4,resolved,2024-12-11 02:21:16,2024-12-11 03:27:40.514778610,Incident on notification-service triggered by elevated traffic beyond provisioned capacity.,A memory leak introduced in the previous release caused gradual degradation.
INC-001261,auth-service,SEV4,open,2024-01-11 03:29:46,,Incident on auth-service triggered by elevated traffic beyond provisioned capacity.,
INC-001262,payment-gateway,SEV3,resolved,2025-01-01 03:20:39,2025-01-01 05:03:13.052800139,Incident on payment-gateway triggered by a downstream dependency timeout.,A memory leak introduced in the previous release caused gradual degradation.
INC-001263,shipping-tracker,SEV2,resolved,2025-09-10 02:28:34,2025-09-10 06:32:03.197148202,Incident on shipping-tracker triggered by an expired credential.,Capacity was not scaled ahead of a known traffic event.
INC-001264,recommendation-engine,SEV2,resolved,2025-01-07 17:23:51,2025-01-08 00:45:48.617589126,Incident on recommendation-engine triggered by a downstream dependency timeout.,A memory leak introduced in the previous release caused gradual degradation.
INC-001265,search-service,SEV4,mitigated,2025-11-15 04:38:01,2025-11-15 10:40:04.670122696,Incident on search-service triggered by a memory leak in a recent release.,An upstream dependency exceeded its SLA during a regional failover.
INC-001266,analytics-pipeline,SEV4,open,2025-06-26 11:01:04,,Incident on analytics-pipeline triggered by a misconfigured deployment.,
INC-001267,billing-engine,SEV4,resolved,2024-08-07 03:42:31,2024-08-07 05:06:56.060474134,Incident on billing-engine triggered by an expired credential.,Insufficient connection pool sizing for peak load.
INC-001268,order-service,SEV3,mitigated,2024-11-15 11:12:24,2024-11-15 13:10:07.362325008,Incident on order-service triggered by an expired credential.,Insufficient connection pool sizing for peak load.
INC-001269,fraud-detection,SEV3,resolved,2024-01-15 00:17:18,2024-01-15 03:16:58.340560596,Incident on fraud-detection triggered by network partition between regions.,A memory leak introduced in the previous release caused gradual degradation.
INC-001270,inventory-service,SEV2,mitigated,2025-08-12 06:39:29,2025-08-12 10:31:56.169634880,Incident on inventory-service triggered by network partition between regions.,An upstream dependency exceeded its SLA during a regional failover.
INC-001271,fraud-detection,SEV4,resolved,2024-02-19 14:04:41,2024-02-19 17:23:36.742916798,Incident on fraud-detection triggered by database connection pool exhaustion.,A credential rotation job failed silently.
INC-001272,analytics-pipeline,SEV4,resolved,2025-01-28 00:58:53,2025-01-28 08:43:02.624665262,Incident on analytics-pipeline triggered by a misconfigured deployment.,A configuration change was deployed without a canary rollout.
INC-001273,recommendation-engine,SEV4,resolved,2025-09-08 22:28:58,2025-09-08 23:38:31.813715943,Incident on recommendation-engine triggered by database connection pool exhaustion.,A memory leak introduced in the previous release caused gradual degradation.
INC-001274,inventory-service,SEV4,resolved,2024-09-28 05:22:35,2024-09-28 10:02:59.933315054,Incident on inventory-service triggered by elevated traffic beyond provisioned capacity.,A credential rotation job failed silently.
INC-001275,reporting-dashboard,SEV2,mitigated,2025-05-26 08:18:20,2025-05-26 17:53:25.802055050,Incident on reporting-dashboard triggered by an unhandled exception in a new code path.,A memory leak introduced in the previous release caused gradual degradation.
INC-001276,reporting-dashboard,SEV1,resolved,2025-12-19 15:18:58,2025-12-19 22:17:07.743619648,Incident on reporting-dashboard triggered by a downstream dependency timeout.,A configuration change was deployed without a canary rollout.
INC-001277,shipping-tracker,SEV1,mitigated,2025-06-19 20:44:32,2025-06-19 21:55:58.458869324,Incident on shipping-tracker triggered by a memory leak in a recent release.,A configuration change was deployed without a canary rollout.
INC-001278,search-service,SEV2,resolved,2025-04-18 11:31:12,2025-04-18 16:07:58.399379598,Incident on search-service triggered by a misconfigured deployment.,A memory leak introduced in the previous release caused gradual degradation.
INC-001279,inventory-service,SEV3,resolved,2024-04-06 13:26:18,2024-04-06 21:50:27.557285238,Incident on inventory-service triggered by database connection pool exhaustion.,A memory leak introduced in the previous release caused gradual degradation.
INC-001280,warehouse-management,SEV3,resolved,2024-04-06 00:40:38,2024-04-06 07:34:26.531369654,Incident on warehouse-management triggered by network partition between regions.,A credential rotation job failed silently.
INC-001281,customer-portal,SEV4,resolved,2025-02-16 19:32:11,2025-02-17 02:47:56.274583178,Incident on customer-portal triggered by database connection pool exhaustion.,Capacity was not scaled ahead of a known traffic event.
INC-001282,customer-portal,SEV4,open,2025-11-01 08:59:10,,Incident on customer-portal triggered by a downstream dependency timeout.,
INC-001283,shipping-tracker,SEV3,resolved,2025-11-12 01:30:51,2025-11-12 11:27:01.500329124,Incident on shipping-tracker triggered by an expired credential.,A credential rotation job failed silently.
INC-001284,analytics-pipeline,SEV2,resolved,2025-03-27 07:11:09,2025-03-27 11:14:17.315793840,Incident on analytics-pipeline triggered by a misconfigured deployment.,Capacity was not scaled ahead of a known traffic event.
INC-001285,shipping-tracker,SEV1,resolved,2025-05-04 05:06:40,2025-05-04 13:24:06.748937092,Incident on shipping-tracker triggered by a downstream dependency timeout.,Capacity was not scaled ahead of a known traffic event.
INC-001286,recommendation-engine,SEV4,resolved,2024-05-18 12:27:41,2024-05-18 13:35:31.894632266,Incident on recommendation-engine triggered by database connection pool exhaustion.,Capacity was not scaled ahead of a known traffic event.
INC-001287,customer-portal,SEV3,open,2025-09-10 23:30:19,,Incident on customer-portal triggered by a downstream dependency timeout.,
INC-001288,payment-gateway,SEV3,resolved,2025-11-16 08:23:22,2025-11-16 14:54:49.229488966,Incident on payment-gateway triggered by an expired credential.,A configuration change was deployed without a canary rollout.
INC-001289,search-service,SEV4,mitigated,2025-02-09 05:05:48,2025-02-09 08:36:04.507474655,Incident on search-service triggered by network partition between regions.,A credential rotation job failed silently.
INC-001290,auth-service,SEV4,resolved,2025-01-19 23:17:24,2025-01-20 09:14:25.226684574,Incident on auth-service triggered by network partition between regions.,A memory leak introduced in the previous release caused gradual degradation.
INC-001291,api-gateway,SEV4,mitigated,2024-01-14 06:16:54,2024-01-14 12:45:04.673648472,Incident on api-gateway triggered by a misconfigured deployment.,A credential rotation job failed silently.
INC-001292,payment-gateway,SEV2,resolved,2025-02-02 18:33:58,2025-02-03 02:57:22.034881966,Incident on payment-gateway triggered by a misconfigured deployment.,A configuration change was deployed without a canary rollout.
INC-001293,analytics-pipeline,SEV4,resolved,2024-11-04 05:16:47,2024-11-04 06:48:20.787627446,Incident on analytics-pipeline triggered by an expired credential.,Insufficient connection pool sizing for peak load.
INC-001294,order-service,SEV3,mitigated,2025-08-16 12:21:08,2025-08-16 18:36:03.045073688,Incident on order-service triggered by network partition between regions.,A memory leak introduced in the previous release caused gradual degradation.
INC-001295,search-service,SEV3,resolved,2024-05-06 23:07:20,2024-05-07 05:31:15.369102800,Incident on search-service triggered by an expired credential.,A configuration change was deployed without a canary rollout.
INC-001296,inventory-service,SEV3,resolved,2025-02-02 20:54:55,2025-02-03 00:01:02.781892594,Incident on inventory-service triggered by an unhandled exception in a new code path.,An upstream dependency exceeded its SLA during a regional failover.
INC-001297,notification-service,SEV1,resolved,2025-03-18 21:11:04,2025-03-19 06:47:57.560142472,Incident on notification-service triggered by an unhandled exception in a new code path.,Capacity was not scaled ahead of a known traffic event.
INC-001298,customer-portal,SEV4,resolved,2025-08-23 06:52:50,2025-08-23 14:04:52.640049524,Incident on customer-portal triggered by a misconfigured deployment.,An upstream dependency exceeded its SLA during a regional failover.
INC-001299,auth-service,SEV4,mitigated,2025-09-19 03:16:28,2025-09-19 04:50:39.056443588,Incident on auth-service triggered by an expired credential.,A memory leak introduced in the previous release caused gradual degradation.
INC-001300,payment-gateway,SEV3,open,2025-12-24 02:20:50,,Incident on payment-gateway triggered by database connection pool exhaustion.,
INC-001301,fraud-detection,SEV3,mitigated,2024-04-18 07:00:35,2024-04-18 15:02:51.696924488,Incident on fraud-detection triggered by a memory leak in a recent release.,A memory leak introduced in the previous release caused gradual degradation.
INC-001302,fraud-detection,SEV4,resolved,2025-11-19 05:30:15,2025-11-19 07:39:37.172140374,Incident on fraud-detection triggered by an expired credential.,Insufficient connection pool sizing for peak load.
INC-001303,warehouse-management,SEV3,resolved,2024-11-30 11:53:17,2024-11-30 17:20:15.455766566,Incident on warehouse-management triggered by a downstream dependency timeout.,A credential rotation job failed silently.
INC-001304,api-gateway,SEV4,resolved,2024-03-31 08:56:27,2024-03-31 16:13:36.451398468,Incident on api-gateway triggered by an expired credential.,A configuration change was deployed without a canary rollout.
INC-001305,reporting-dashboard,SEV3,resolved,2025-06-30 07:46:28,2025-06-30 12:05:13.892449744,Incident on reporting-dashboard triggered by network partition between regions.,Insufficient connection pool sizing for peak load.
INC-001306,search-service,SEV3,mitigated,2025-10-18 05:06:13,2025-10-18 10:15:26.604875602,Incident on search-service triggered by an expired credential.,Capacity was not scaled ahead of a known traffic event.
INC-001307,inventory-service,SEV4,mitigated,2024-10-30 11:48:45,2024-10-30 13:28:52.249337334,Incident on inventory-service triggered by an expired credential.,A credential rotation job failed silently.
INC-001308,analytics-pipeline,SEV4,open,2024-09-29 14:20:25,,Incident on analytics-pipeline triggered by a downstream dependency timeout.,
INC-001309,shipping-tracker,SEV4,resolved,2025-06-16 13:25:49,2025-06-16 21:49:47.998689676,Incident on shipping-tracker triggered by a downstream dependency timeout.,Insufficient connection pool sizing for peak load.
INC-001310,shipping-tracker,SEV4,resolved,2024-07-14 12:04:37,2024-07-14 16:33:50.186199394,Incident on shipping-tracker triggered by a downstream dependency timeout.,A memory leak introduced in the previous release caused gradual degradation.
INC-001311,payment-gateway,SEV3,mitigated,2025-04-01 23:26:55,2025-04-02 03:35:07.489559032,Incident on payment-gateway triggered by an unhandled exception in a new code path.,A configuration change was deployed without a canary rollout.
INC-001312,billing-engine,SEV3,resolved,2024-03-30 06:37:28,2024-03-30 12:20:50.767820752,Incident on billing-engine triggered by database connection pool exhaustion.,A memory leak introduced in the previous release caused gradual degradation.
INC-001313,customer-portal,SEV3,resolved,2024-09-08 10:28:53,2024-09-08 18:51:10.256513024,Incident on customer-portal triggered by an expired credential.,A memory leak introduced in the previous release caused gradual degradation.
INC-001314,reporting-dashboard,SEV4,resolved,2025-08-04 11:43:59,2025-08-04 17:27:12.943210778,Incident on reporting-dashboard triggered by a misconfigured deployment.,A credential rotation job failed silently.
INC-001315,notification-service,SEV2,resolved,2025-01-12 11:38:37,2025-01-12 17:53:46.459331380,Incident on notification-service triggered by network partition between regions.,A memory leak introduced in the previous release caused gradual degradation.
INC-001316,payment-gateway,SEV2,resolved,2024-05-26 22:51:48,2024-05-27 03:37:44.848572720,Incident on payment-gateway triggered by a downstream dependency timeout.,A credential rotation job failed silently.
INC-001317,shipping-tracker,SEV2,resolved,2024-12-30 21:47:35,2024-12-30 22:38:31.738830830,Incident on shipping-tracker triggered by a misconfigured deployment.,A memory leak introduced in the previous release caused gradual degradation.
INC-001318,analytics-pipeline,SEV4,resolved,2025-05-04 18:12:34,2025-05-05 01:28:26.037923500,Incident on analytics-pipeline triggered by a downstream dependency timeout.,An upstream dependency exceeded its SLA during a regional failover.
INC-001319,billing-engine,SEV4,mitigated,2025-03-23 20:27:01,2025-03-23 21:55:57.720592504,Incident on billing-engine triggered by an unhandled exception in a new code path.,Capacity was not scaled ahead of a known traffic event.
INC-001320,fraud-detection,SEV3,mitigated,2025-04-14 08:20:26,2025-04-14 16:56:52.561843022,Incident on fraud-detection triggered by an expired credential.,A configuration change was deployed without a canary rollout.
INC-001321,shipping-tracker,SEV3,resolved,2024-01-15 10:36:18,2024-01-15 11:20:52.503606408,Incident on shipping-tracker triggered by a downstream dependency timeout.,A memory leak introduced in the previous release caused gradual degradation.
INC-001322,payment-gateway,SEV4,resolved,2024-08-26 23:32:23,2024-08-27 01:00:17.321521568,Incident on payment-gateway triggered by an unhandled exception in a new code path.,Capacity was not scaled ahead of a known traffic event.
INC-001323,reporting-dashboard,SEV3,mitigated,2024-02-16 14:59:04,2024-02-17 00:35:34.877922508,Incident on reporting-dashboard triggered by elevated traffic beyond provisioned capacity.,A credential rotation job failed silently.
INC-001324,search-service,SEV3,mitigated,2025-09-29 04:32:00,2025-09-29 12:16:57.441489708,Incident on search-service triggered by a memory leak in a recent release.,An upstream dependency exceeded its SLA during a regional failover.
INC-001325,reporting-dashboard,SEV4,resolved,2025-02-10 19:06:07,2025-02-10 20:48:38.984731504,Incident on reporting-dashboard triggered by a downstream dependency timeout.,Capacity was not scaled ahead of a known traffic event.
INC-001326,auth-service,SEV4,resolved,2025-09-15 09:25:09,2025-09-15 12:56:14.185219146,Incident on auth-service triggered by an expired credential.,A configuration change was deployed without a canary rollout.
INC-001327,fraud-detection,SEV4,resolved,2025-08-19 08:45:12,2025-08-19 15:32:25.480513536,Incident on fraud-detection triggered by database connection pool exhaustion.,A memory leak introduced in the previous release caused gradual degradation.
INC-001328,shipping-tracker,SEV1,resolved,2024-05-10 12:13:48,2024-05-10 19:48:48.800753364,Incident on shipping-tracker triggered by an expired credential.,A credential rotation job failed silently.
INC-001329,notification-service,SEV4,open,2024-04-16 06:46:14,,Incident on notification-service triggered by an unhandled exception in a new code path.,
INC-001330,fraud-detection,SEV2,resolved,2024-03-24 20:38:45,2024-03-25 00:46:01.685633304,Incident on fraud-detection triggered by a misconfigured deployment.,A memory leak introduced in the previous release caused gradual degradation.
INC-001331,analytics-pipeline,SEV4,resolved,2024-01-17 11:32:09,2024-01-17 20:13:07.893140964,Incident on analytics-pipeline triggered by an unhandled exception in a new code path.,A memory leak introduced in the previous release caused gradual degradation.
INC-001332,reporting-dashboard,SEV4,resolved,2025-04-18 00:51:45,2025-04-18 06:24:34.706278488,Incident on reporting-dashboard triggered by an expired credential.,Insufficient connection pool sizing for peak load.
INC-001333,auth-service,SEV4,mitigated,2025-12-21 13:19:24,2025-12-21 19:45:01.065008856,Incident on auth-service triggered by a downstream dependency timeout.,A configuration change was deployed without a canary rollout.
INC-001334,api-gateway,SEV3,resolved,2024-09-11 10:28:21,2024-09-11 17:31:59.808083736,Incident on api-gateway triggered by an unhandled exception in a new code path.,A configuration change was deployed without a canary rollout.
INC-001335,analytics-pipeline,SEV2,resolved,2025-11-27 01:39:05,2025-11-27 05:15:36.340067630,Incident on analytics-pipeline triggered by elevated traffic beyond provisioned capacity.,A configuration change was deployed without a canary rollout.
INC-001336,fraud-detection,SEV3,mitigated,2024-11-28 21:30:44,2024-11-29 03:19:01.152864470,Incident on fraud-detection triggered by elevated traffic beyond provisioned capacity.,An upstream dependency exceeded its SLA during a regional failover.
INC-001337,order-service,SEV3,open,2024-06-05 13:23:29,,Incident on order-service triggered by elevated traffic beyond provisioned capacity.,
INC-001338,search-service,SEV2,resolved,2025-12-03 12:32:06,2025-12-03 13:35:58.225193004,Incident on search-service triggered by an expired credential.,A configuration change was deployed without a canary rollout.
INC-001339,customer-portal,SEV3,resolved,2025-06-09 20:29:54,2025-06-10 04:54:33.372088998,Incident on customer-portal triggered by elevated traffic beyond provisioned capacity.,A memory leak introduced in the previous release caused gradual degradation.
INC-001340,notification-service,SEV2,resolved,2024-06-26 15:20:39,2024-06-26 21:54:41.996309844,Incident on notification-service triggered by database connection pool exhaustion.,A configuration change was deployed without a canary rollout.
INC-001341,customer-portal,SEV2,resolved,2024-02-23 14:27:01,2024-02-23 18:27:08.537934387,Incident on customer-portal triggered by elevated traffic beyond provisioned capacity.,A memory leak introduced in the previous release caused gradual degradation.
INC-001342,reporting-dashboard,SEV3,resolved,2024-10-13 11:54:23,2024-10-13 15:50:10.208971880,Incident on reporting-dashboard triggered by an expired credential.,Insufficient connection pool sizing for peak load.
INC-001343,reporting-dashboard,SEV4,resolved,2025-07-03 14:19:42,2025-07-03 22:17:22.915089438,Incident on reporting-dashboard triggered by a misconfigured deployment.,An upstream dependency exceeded its SLA during a regional failover.
INC-001344,analytics-pipeline,SEV2,resolved,2025-01-22 18:06:04,2025-01-23 01:11:31.122366280,Incident on analytics-pipeline triggered by database connection pool exhaustion.,A memory leak introduced in the previous release caused gradual degradation.
INC-001345,api-gateway,SEV3,resolved,2025-03-11 22:29:12,2025-03-12 07:46:59.407054866,Incident on api-gateway triggered by a misconfigured deployment.,Insufficient connection pool sizing for peak load.
INC-001346,api-gateway,SEV4,resolved,2024-08-10 05:55:19,2024-08-10 15:17:50.162504548,Incident on api-gateway triggered by a downstream dependency timeout.,A credential rotation job failed silently.
INC-001347,analytics-pipeline,SEV3,open,2024-06-24 09:16:26,,Incident on analytics-pipeline triggered by a downstream dependency timeout.,
INC-001348,api-gateway,SEV4,resolved,2025-03-20 02:42:17,2025-03-20 05:58:53.080450682,Incident on api-gateway triggered by database connection pool exhaustion.,A memory leak introduced in the previous release caused gradual degradation.
INC-001349,payment-gateway,SEV4,resolved,2025-07-02 01:38:20,2025-07-02 07:53:38.822654900,Incident on payment-gateway triggered by a downstream dependency timeout.,A memory leak introduced in the previous release caused gradual degradation.
INC-001350,reporting-dashboard,SEV1,mitigated,2024-08-17 09:36:07,2024-08-17 18:58:22.539436210,Incident on reporting-dashboard triggered by an expired credential.,A credential rotation job failed silently.
INC-001351,shipping-tracker,SEV3,resolved,2024-01-15 15:54:56,2024-01-15 18:25:37.042756418,Incident on shipping-tracker triggered by elevated traffic beyond provisioned capacity.,A memory leak introduced in the previous release caused gradual degradation.
INC-001352,search-service,SEV4,resolved,2025-03-19 19:58:56,2025-03-20 05:08:56.578213568,Incident on search-service triggered by a memory leak in a recent release.,Insufficient connection pool sizing for peak load.
INC-001353,recommendation-engine,SEV2,resolved,2025-01-19 16:19:01,2025-01-20 01:50:36.130360522,Incident on recommendation-engine triggered by a misconfigured deployment.,A configuration change was deployed without a canary rollout.
INC-001354,payment-gateway,SEV3,resolved,2025-09-07 19:50:50,2025-09-07 21:34:04.140144212,Incident on payment-gateway triggered by database connection pool exhaustion.,Insufficient connection pool sizing for peak load.
INC-001355,inventory-service,SEV4,resolved,2025-04-29 00:30:31,2025-04-29 05:46:29.312667778,Incident on inventory-service triggered by a downstream dependency timeout.,An upstream dependency exceeded its SLA during a regional failover.
INC-001356,billing-engine,SEV2,resolved,2025-09-01 15:02:49,2025-09-01 19:25:26.030823706,Incident on billing-engine triggered by an expired credential.,Capacity was not scaled ahead of a known traffic event.
INC-001357,order-service,SEV4,resolved,2024-12-12 07:07:33,2024-12-12 09:08:09.240783024,Incident on order-service triggered by a downstream dependency timeout.,An upstream dependency exceeded its SLA during a regional failover.
INC-001358,inventory-service,SEV3,resolved,2024-06-21 10:42:59,2024-06-21 14:40:20.945606126,Incident on inventory-service triggered by a downstream dependency timeout.,Insufficient connection pool sizing for peak load.
INC-001359,search-service,SEV2,resolved,2024-11-02 23:01:31,2024-11-03 00:16:14.592712912,Incident on search-service triggered by an expired credential.,An upstream dependency exceeded its SLA during a regional failover.
INC-001360,billing-engine,SEV4,resolved,2024-06-28 02:15:15,2024-06-28 06:08:29.948746944,Incident on billing-engine triggered by a misconfigured deployment.,A credential rotation job failed silently.
INC-001361,customer-portal,SEV3,resolved,2024-02-01 22:44:47,2024-02-02 03:54:25.595693960,Incident on customer-portal triggered by network partition between regions.,A memory leak introduced in the previous release caused gradual degradation.
INC-001362,reporting-dashboard,SEV3,resolved,2024-12-14 20:05:01,2024-12-14 22:07:56.557014256,Incident on reporting-dashboard triggered by elevated traffic beyond provisioned capacity.,Capacity was not scaled ahead of a known traffic event.
INC-001363,fraud-detection,SEV2,resolved,2024-03-12 00:20:19,2024-03-12 09:38:29.379051550,Incident on fraud-detection triggered by database connection pool exhaustion.,A credential rotation job failed silently.
INC-001364,notification-service,SEV3,resolved,2024-02-04 04:22:14,2024-02-04 13:32:10.322497658,Incident on notification-service triggered by database connection pool exhaustion.,Insufficient connection pool sizing for peak load.
INC-001365,reporting-dashboard,SEV3,open,2024-12-26 00:35:59,,Incident on reporting-dashboard triggered by an expired credential.,
INC-001366,warehouse-management,SEV4,mitigated,2025-03-08 05:50:52,2025-03-08 14:09:13.815617704,Incident on warehouse-management triggered by elevated traffic beyond provisioned capacity.,A memory leak introduced in the previous release caused gradual degradation.
INC-001367,warehouse-management,SEV2,resolved,2024-03-14 19:15:03,2024-03-14 23:35:29.583076794,Incident on warehouse-management triggered by a misconfigured deployment.,A memory leak introduced in the previous release caused gradual degradation.
INC-001368,inventory-service,SEV3,resolved,2024-11-16 05:33:59,2024-11-16 12:41:31.497280340,Incident on inventory-service triggered by network partition between regions.,A memory leak introduced in the previous release caused gradual degradation.
INC-001369,recommendation-engine,SEV4,resolved,2025-09-07 01:40:49,2025-09-07 08:04:24.301800400,Incident on recommendation-engine triggered by network partition between regions.,Insufficient connection pool sizing for peak load.
INC-001370,fraud-detection,SEV4,resolved,2024-09-24 19:07:02,2024-09-25 04:50:24.441773300,Incident on fraud-detection triggered by a misconfigured deployment.,A credential rotation job failed silently.
INC-001371,reporting-dashboard,SEV4,resolved,2025-07-20 03:08:48,2025-07-20 05:37:46.151392560,Incident on reporting-dashboard triggered by a memory leak in a recent release.,Capacity was not scaled ahead of a known traffic event.
INC-001372,warehouse-management,SEV3,resolved,2024-06-10 07:16:31,2024-06-10 13:43:29.127176320,Incident on warehouse-management triggered by a memory leak in a recent release.,A credential rotation job failed silently.
INC-001373,api-gateway,SEV3,resolved,2024-11-11 01:19:21,2024-11-11 07:25:29.689990284,Incident on api-gateway triggered by an expired credential.,An upstream dependency exceeded its SLA during a regional failover.
INC-001374,reporting-dashboard,SEV3,resolved,2024-09-01 15:24:51,2024-09-01 16:27:02.835894642,Incident on reporting-dashboard triggered by an expired credential.,Insufficient connection pool sizing for peak load.
INC-001375,notification-service,SEV4,mitigated,2024-09-21 18:58:40,2024-09-22 01:14:54.859596598,Incident on notification-service triggered by elevated traffic beyond provisioned capacity.,An upstream dependency exceeded its SLA during a regional failover.
INC-001376,billing-engine,SEV3,resolved,2025-02-04 12:17:59,2025-02-04 20:03:44.066364464,Incident on billing-engine triggered by a downstream dependency timeout.,Insufficient connection pool sizing for peak load.
INC-001377,notification-service,SEV3,open,2025-07-24 19:42:10,,Incident on notification-service triggered by an unhandled exception in a new code path.,
INC-001378,order-service,SEV4,resolved,2024-07-12 00:51:56,2024-07-12 03:25:15.570894854,Incident on order-service triggered by an unhandled exception in a new code path.,Insufficient connection pool sizing for peak load.
INC-001379,fraud-detection,SEV2,mitigated,2024-07-05 21:50:39,2024-07-05 22:30:22.695095574,Incident on fraud-detection triggered by a downstream dependency timeout.,A configuration change was deployed without a canary rollout.
INC-001380,auth-service,SEV4,resolved,2025-06-08 06:50:04,2025-06-08 13:32:07.232837104,Incident on auth-service triggered by database connection pool exhaustion.,Capacity was not scaled ahead of a known traffic event.
INC-001381,warehouse-management,SEV3,resolved,2025-09-23 13:29:01,2025-09-23 22:57:02.444543296,Incident on warehouse-management triggered by network partition between regions.,A credential rotation job failed silently.
INC-001382,fraud-detection,SEV4,mitigated,2025-10-15 10:38:55,2025-10-15 15:07:50.793990634,Incident on fraud-detection triggered by database connection pool exhaustion.,A credential rotation job failed silently.
INC-001383,auth-service,SEV3,resolved,2025-06-04 17:25:42,2025-06-04 22:49:25.632547152,Incident on auth-service triggered by elevated traffic beyond provisioned capacity.,An upstream dependency exceeded its SLA during a regional failover.
INC-001384,customer-portal,SEV3,mitigated,2024-09-01 02:32:59,2024-09-01 11:35:29.747474923,Incident on customer-portal triggered by elevated traffic beyond provisioned capacity.,Insufficient connection pool sizing for peak load.
INC-001385,shipping-tracker,SEV4,open,2025-04-02 14:52:30,,Incident on shipping-tracker triggered by a memory leak in a recent release.,
INC-001386,api-gateway,SEV3,resolved,2024-05-15 16:36:11,2024-05-16 02:32:47.962293974,Incident on api-gateway triggered by elevated traffic beyond provisioned capacity.,A memory leak introduced in the previous release caused gradual degradation.
INC-001387,customer-portal,SEV3,mitigated,2025-06-26 04:39:47,2025-06-26 08:01:30.117919832,Incident on customer-portal triggered by a memory leak in a recent release.,A memory leak introduced in the previous release caused gradual degradation.
INC-001388,auth-service,SEV3,open,2025-07-19 04:30:30,,Incident on auth-service triggered by an unhandled exception in a new code path.,
INC-001389,recommendation-engine,SEV3,resolved,2025-01-24 11:43:34,2025-01-24 16:33:10.196938054,Incident on recommendation-engine triggered by a misconfigured deployment.,Insufficient connection pool sizing for peak load.
INC-001390,payment-gateway,SEV3,resolved,2024-02-13 11:28:40,2024-02-13 20:08:58.906979740,Incident on payment-gateway triggered by an expired credential.,A credential rotation job failed silently.
INC-001391,recommendation-engine,SEV4,resolved,2025-08-12 18:36:59,2025-08-12 20:09:55.238910902,Incident on recommendation-engine triggered by database connection pool exhaustion.,A memory leak introduced in the previous release caused gradual degradation.
INC-001392,payment-gateway,SEV4,resolved,2024-08-16 02:47:48,2024-08-16 09:12:50.356077594,Incident on payment-gateway triggered by a misconfigured deployment.,Insufficient connection pool sizing for peak load.
INC-001393,api-gateway,SEV2,mitigated,2024-08-24 13:31:15,2024-08-24 18:05:08.272067520,Incident on api-gateway triggered by a memory leak in a recent release.,An upstream dependency exceeded its SLA during a regional failover.
INC-001394,payment-gateway,SEV4,open,2024-08-26 16:20:06,,Incident on payment-gateway triggered by elevated traffic beyond provisioned capacity.,
INC-001395,reporting-dashboard,SEV2,resolved,2024-02-06 12:12:54,2024-02-06 16:35:51.520639800,Incident on reporting-dashboard triggered by elevated traffic beyond provisioned capacity.,A credential rotation job failed silently.
INC-001396,auth-service,SEV3,resolved,2024-05-07 13:58:53,2024-05-07 21:43:47.694807794,Incident on auth-service triggered by an unhandled exception in a new code path.,A credential rotation job failed silently.
INC-001397,customer-portal,SEV4,mitigated,2025-08-10 21:16:10,2025-08-11 03:19:50.029010248,Incident on customer-portal triggered by network partition between regions.,Insufficient connection pool sizing for peak load.
INC-001398,recommendation-engine,SEV3,mitigated,2025-04-13 12:24:15,2025-04-13 19:40:38.321608656,Incident on recommendation-engine triggered by a misconfigured deployment.,A configuration change was deployed without a canary rollout.
INC-001399,inventory-service,SEV2,resolved,2025-06-25 05:25:48,2025-06-25 11:48:48.229494228,Incident on inventory-service triggered by a memory leak in a recent release.,A memory leak introduced in the previous release caused gradual degradation.
INC-001400,auth-service,SEV4,mitigated,2025-07-26 15:39:29,2025-07-26 18:49:51.535026044,Incident on auth-service triggered by network partition between regions.,A memory leak introduced in the previous release caused gradual degradation.
INC-001401,fraud-detection,SEV3,resolved,2025-03-24 23:19:30,2025-03-25 06:54:36.254415588,Incident on fraud-detection triggered by an expired credential.,Insufficient connection pool sizing for peak load.
INC-001402,api-gateway,SEV4,resolved,2024-06-18 11:38:32,2024-06-18 19:19:41.941935668,Incident on api-gateway triggered by a memory leak in a recent release.,A memory leak introduced in the previous release caused gradual degradation.
INC-001403,search-service,SEV4,resolved,2024-06-30 05:05:33,2024-06-30 13:06:38.693428344,Incident on search-service triggered by a misconfigured deployment.,Capacity was not scaled ahead of a known traffic event.
INC-001404,reporting-dashboard,SEV1,resolved,2024-09-09 06:40:39,2024-09-09 09:32:59.615609994,Incident on reporting-dashboard triggered by a downstream dependency timeout.,Insufficient connection pool sizing for peak load.
INC-001405,fraud-detection,SEV2,open,2024-03-08 18:36:48,,Incident on fraud-detection triggered by a misconfigured deployment.,
INC-001406,recommendation-engine,SEV1,resolved,2025-02-09 13:14:07,2025-02-09 15:00:17.906216434,Incident on recommendation-engine triggered by network partition between regions.,A memory leak introduced in the previous release caused gradual degradation.
INC-001407,recommendation-engine,SEV4,mitigated,2024-07-20 03:59:15,2024-07-20 08:50:17.739324570,Incident on recommendation-engine triggered by an expired credential.,A memory leak introduced in the previous release caused gradual degradation.
INC-001408,customer-portal,SEV4,resolved,2025-11-23 15:31:55,2025-11-23 21:43:03.519352072,Incident on customer-portal triggered by an unhandled exception in a new code path.,A configuration change was deployed without a canary rollout.
INC-001409,payment-gateway,SEV4,resolved,2024-07-20 19:28:34,2024-07-21 02:49:23.031585130,Incident on payment-gateway triggered by an unhandled exception in a new code path.,Insufficient connection pool sizing for peak load.
INC-001410,recommendation-engine,SEV4,open,2025-09-24 08:07:14,,Incident on recommendation-engine triggered by database connection pool exhaustion.,
INC-001411,shipping-tracker,SEV3,resolved,2024-12-06 13:48:41,2024-12-06 17:55:43.042370780,Incident on shipping-tracker triggered by an expired credential.,Capacity was not scaled ahead of a known traffic event.
INC-001412,customer-portal,SEV4,resolved,2025-05-15 07:39:09,2025-05-15 11:33:59.312651478,Incident on customer-portal triggered by a misconfigured deployment.,A credential rotation job failed silently.
INC-001413,shipping-tracker,SEV3,mitigated,2024-01-31 05:06:53,2024-01-31 08:57:00.109632890,Incident on shipping-tracker triggered by an expired credential.,Capacity was not scaled ahead of a known traffic event.
INC-001414,notification-service,SEV3,mitigated,2024-11-09 08:17:02,2024-11-09 13:43:04.187562812,Incident on notification-service triggered by an expired credential.,Capacity was not scaled ahead of a known traffic event.
INC-001415,billing-engine,SEV3,resolved,2025-02-21 20:33:33,2025-02-22 00:40:38.424719832,Incident on billing-engine triggered by a memory leak in a recent release.,An upstream dependency exceeded its SLA during a regional failover.
INC-001416,api-gateway,SEV3,resolved,2025-03-04 02:54:48,2025-03-04 12:06:27.065472936,Incident on api-gateway triggered by a downstream dependency timeout.,Insufficient connection pool sizing for peak load.
INC-001417,analytics-pipeline,SEV2,resolved,2024-03-06 13:52:29,2024-03-06 18:02:53.648768714,Incident on analytics-pipeline triggered by elevated traffic beyond provisioned capacity.,A credential rotation job failed silently.
INC-001418,payment-gateway,SEV2,open,2024-11-06 19:31:04,,Incident on payment-gateway triggered by elevated traffic beyond provisioned capacity.,
INC-001419,analytics-pipeline,SEV3,resolved,2025-08-24 10:31:35,2025-08-24 19:08:21.917596262,Incident on analytics-pipeline triggered by an expired credential.,A memory leak introduced in the previous release caused gradual degradation.
INC-001420,customer-portal,SEV4,mitigated,2024-12-24 05:10:02,2024-12-24 13:39:24.784065164,Incident on customer-portal triggered by an expired credential.,A credential rotation job failed silently.
INC-001421,shipping-tracker,SEV4,resolved,2024-06-24 06:54:55,2024-06-24 07:52:27.332302809,Incident on shipping-tracker triggered by a memory leak in a recent release.,A credential rotation job failed silently.
INC-001422,notification-service,SEV3,resolved,2025-10-03 04:45:27,2025-10-03 14:41:16.320892674,Incident on notification-service triggered by elevated traffic beyond provisioned capacity.,Insufficient connection pool sizing for peak load.
INC-001423,billing-engine,SEV4,open,2025-03-28 14:34:29,,Incident on billing-engine triggered by network partition between regions.,
INC-001424,warehouse-management,SEV3,resolved,2025-05-10 01:56:21,2025-05-10 08:50:33.351576006,Incident on warehouse-management triggered by network partition between regions.,An upstream dependency exceeded its SLA during a regional failover.
INC-001425,notification-service,SEV2,resolved,2024-12-25 15:30:29,2024-12-25 22:23:08.185052564,Incident on notification-service triggered by a misconfigured deployment.,Insufficient connection pool sizing for peak load.
INC-001426,fraud-detection,SEV2,resolved,2024-06-13 08:04:47,2024-06-13 09:05:56.572165298,Incident on fraud-detection triggered by elevated traffic beyond provisioned capacity.,A credential rotation job failed silently.
INC-001427,order-service,SEV4,resolved,2024-08-02 15:23:13,2024-08-02 18:36:07.564689574,Incident on order-service triggered by an expired credential.,A credential rotation job failed silently.
INC-001428,warehouse-management,SEV3,resolved,2024-12-24 11:18:34,2024-12-24 13:31:40.075349536,Incident on warehouse-management triggered by an expired credential.,An upstream dependency exceeded its SLA during a regional failover.
INC-001429,analytics-pipeline,SEV4,resolved,2025-06-24 19:32:39,2025-06-24 20:37:04.439451888,Incident on analytics-pipeline triggered by database connection pool exhaustion.,A credential rotation job failed silently.
INC-001430,warehouse-management,SEV4,open,2025-09-08 22:53:39,,Incident on warehouse-management triggered by elevated traffic beyond provisioned capacity.,
INC-001431,inventory-service,SEV4,mitigated,2024-12-12 13:45:36,2024-12-12 16:10:44.556316800,Incident on inventory-service triggered by a misconfigured deployment.,Capacity was not scaled ahead of a known traffic event.
INC-001432,fraud-detection,SEV4,resolved,2024-04-21 03:52:48,2024-04-21 13:07:04.500665280,Incident on fraud-detection triggered by a misconfigured deployment.,Capacity was not scaled ahead of a known traffic event.
INC-001433,notification-service,SEV2,resolved,2025-02-23 03:49:43,2025-02-23 11:35:56.800038232,Incident on notification-service triggered by a misconfigured deployment.,Insufficient connection pool sizing for peak load.
INC-001434,shipping-tracker,SEV2,resolved,2024-03-25 04:22:10,2024-03-25 09:05:37.345670848,Incident on shipping-tracker triggered by a downstream dependency timeout.,A memory leak introduced in the previous release caused gradual degradation.
INC-001435,analytics-pipeline,SEV4,resolved,2024-08-27 04:47:37,2024-08-27 14:09:32.455362748,Incident on analytics-pipeline triggered by elevated traffic beyond provisioned capacity.,Insufficient connection pool sizing for peak load.
INC-001436,notification-service,SEV4,resolved,2025-08-25 23:45:07,2025-08-26 09:18:48.624270394,Incident on notification-service triggered by an unhandled exception in a new code path.,An upstream dependency exceeded its SLA during a regional failover.
INC-001437,notification-service,SEV4,resolved,2025-12-04 18:20:32,2025-12-05 01:53:56.414317430,Incident on notification-service triggered by elevated traffic beyond provisioned capacity.,A configuration change was deployed without a canary rollout.
INC-001438,recommendation-engine,SEV4,resolved,2024-10-28 08:53:05,2024-10-28 17:55:06.270191852,Incident on recommendation-engine triggered by a memory leak in a recent release.,Insufficient connection pool sizing for peak load.
INC-001439,customer-portal,SEV3,resolved,2025-02-02 05:31:02,2025-02-02 13:48:13.163261162,Incident on customer-portal triggered by a misconfigured deployment.,A credential rotation job failed silently.
INC-001440,recommendation-engine,SEV4,mitigated,2024-12-11 18:58:00,2024-12-11 23:29:18.649869216,Incident on recommendation-engine triggered by network partition between regions.,Insufficient connection pool sizing for peak load.
INC-001441,warehouse-management,SEV4,resolved,2025-05-08 18:07:54,2025-05-08 21:42:45.898514412,Incident on warehouse-management triggered by a downstream dependency timeout.,Capacity was not scaled ahead of a known traffic event.
INC-001442,api-gateway,SEV1,resolved,2025-08-25 22:34:02,2025-08-26 03:52:10.027875620,Incident on api-gateway triggered by a misconfigured deployment.,Insufficient connection pool sizing for peak load.
INC-001443,notification-service,SEV4,resolved,2025-11-05 04:04:15,2025-11-05 06:21:46.929799704,Incident on notification-service triggered by a downstream dependency timeout.,A configuration change was deployed without a canary rollout.
INC-001444,reporting-dashboard,SEV3,resolved,2024-07-21 03:03:22,2024-07-21 11:23:37.503026817,Incident on reporting-dashboard triggered by an unhandled exception in a new code path.,A credential rotation job failed silently.
INC-001445,customer-portal,SEV3,resolved,2025-04-17 07:00:38,2025-04-17 16:34:23.121994898,Incident on customer-portal triggered by an unhandled exception in a new code path.,A credential rotation job failed silently.
INC-001446,customer-portal,SEV4,resolved,2024-07-20 11:25:50,2024-07-20 19:26:31.233459806,Incident on customer-portal triggered by a downstream dependency timeout.,A configuration change was deployed without a canary rollout.
INC-001447,api-gateway,SEV3,resolved,2025-03-15 01:31:41,2025-03-15 10:19:03.341279282,Incident on api-gateway triggered by elevated traffic beyond provisioned capacity.,A memory leak introduced in the previous release caused gradual degradation.
INC-001448,analytics-pipeline,SEV1,resolved,2024-12-21 10:37:35,2024-12-21 10:54:17.669583104,Incident on analytics-pipeline triggered by network partition between regions.,Insufficient connection pool sizing for peak load.
INC-001449,analytics-pipeline,SEV3,resolved,2024-09-04 08:11:05,2024-09-04 08:34:56.362615688,Incident on analytics-pipeline triggered by an unhandled exception in a new code path.,A memory leak introduced in the previous release caused gradual degradation.
INC-001450,fraud-detection,SEV3,mitigated,2025-03-30 00:32:55,2025-03-30 01:44:44.153801230,Incident on fraud-detection triggered by an expired credential.,A configuration change was deployed without a canary rollout.
INC-001451,search-service,SEV4,mitigated,2025-10-14 01:59:49,2025-10-14 09:42:58.289329312,Incident on search-service triggered by a downstream dependency timeout.,Insufficient connection pool sizing for peak load.
INC-001452,analytics-pipeline,SEV3,resolved,2025-03-18 21:37:58,2025-03-19 02:28:13.289390992,Incident on analytics-pipeline triggered by an unhandled exception in a new code path.,A credential rotation job failed silently.
INC-001453,search-service,SEV3,open,2024-12-01 21:03:02,,Incident on search-service triggered by a misconfigured deployment.,
INC-001454,notification-service,SEV3,open,2025-08-06 12:10:15,,Incident on notification-service triggered by an unhandled exception in a new code path.,
INC-001455,recommendation-engine,SEV2,resolved,2025-03-31 19:31:07,2025-03-31 22:32:12.011894026,Incident on recommendation-engine triggered by an unhandled exception in a new code path.,Insufficient connection pool sizing for peak load.
INC-001456,fraud-detection,SEV4,resolved,2024-10-04 12:46:36,2024-10-04 16:12:28.639236444,Incident on fraud-detection triggered by an expired credential.,A credential rotation job failed silently.
INC-001457,customer-portal,SEV3,resolved,2025-06-18 03:23:31,2025-06-18 10:03:53.729820586,Incident on customer-portal triggered by network partition between regions.,A configuration change was deployed without a canary rollout.
INC-001458,warehouse-management,SEV4,resolved,2025-03-24 19:40:36,2025-03-25 03:43:43.440817344,Incident on warehouse-management triggered by a misconfigured deployment.,Capacity was not scaled ahead of a known traffic event.
INC-001459,reporting-dashboard,SEV4,resolved,2024-01-01 03:43:41,2024-01-01 06:54:58.465965278,Incident on reporting-dashboard triggered by elevated traffic beyond provisioned capacity.,Capacity was not scaled ahead of a known traffic event.
INC-001460,recommendation-engine,SEV4,resolved,2025-06-17 18:40:22,2025-06-18 00:37:40.523333542,Incident on recommendation-engine triggered by a downstream dependency timeout.,A credential rotation job failed silently.
INC-001461,search-service,SEV4,mitigated,2025-12-11 02:34:35,2025-12-11 10:01:29.854221404,Incident on search-service triggered by a memory leak in a recent release.,Insufficient connection pool sizing for peak load.
INC-001462,search-service,SEV4,resolved,2024-08-14 20:38:43,2024-08-15 04:42:40.911052084,Incident on search-service triggered by network partition between regions.,A configuration change was deployed without a canary rollout.
INC-001463,analytics-pipeline,SEV3,resolved,2024-10-11 09:01:24,2024-10-11 14:04:36.776763564,Incident on analytics-pipeline triggered by a downstream dependency timeout.,A memory leak introduced in the previous release caused gradual degradation.
INC-001464,warehouse-management,SEV4,resolved,2025-08-05 02:47:03,2025-08-05 04:07:22.185936666,Incident on warehouse-management triggered by a downstream dependency timeout.,A memory leak introduced in the previous release caused gradual degradation.
INC-001465,recommendation-engine,SEV3,resolved,2024-07-28 01:05:59,2024-07-28 09:56:51.225669752,Incident on recommendation-engine triggered by database connection pool exhaustion.,A memory leak introduced in the previous release caused gradual degradation.
INC-001466,search-service,SEV1,resolved,2024-12-04 10:43:22,2024-12-04 17:50:05.033927386,Incident on search-service triggered by database connection pool exhaustion.,Insufficient connection pool sizing for peak load.
INC-001467,payment-gateway,SEV3,mitigated,2025-02-23 01:47:16,2025-02-23 04:46:47.143978240,Incident on payment-gateway triggered by an expired credential.,A credential rotation job failed silently.
INC-001468,warehouse-management,SEV4,resolved,2024-02-14 03:25:52,2024-02-14 10:59:22.367646070,Incident on warehouse-management triggered by a downstream dependency timeout.,A credential rotation job failed silently.
INC-001469,search-service,SEV3,resolved,2024-07-06 18:10:48,2024-07-06 22:42:19.172999898,Incident on search-service triggered by database connection pool exhaustion.,Insufficient connection pool sizing for peak load.
INC-001470,analytics-pipeline,SEV3,open,2024-09-05 12:38:53,,Incident on analytics-pipeline triggered by a downstream dependency timeout.,
INC-001471,analytics-pipeline,SEV4,resolved,2024-05-05 04:06:18,2024-05-05 11:05:36.021028218,Incident on analytics-pipeline triggered by an unhandled exception in a new code path.,An upstream dependency exceeded its SLA during a regional failover.
INC-001472,reporting-dashboard,SEV2,mitigated,2024-11-18 16:32:19,2024-11-18 20:52:29.297805016,Incident on reporting-dashboard triggered by a downstream dependency timeout.,A memory leak introduced in the previous release caused gradual degradation.
INC-001473,search-service,SEV4,mitigated,2025-03-25 09:18:15,2025-03-25 15:57:02.112687300,Incident on search-service triggered by database connection pool exhaustion.,A memory leak introduced in the previous release caused gradual degradation.
INC-001474,auth-service,SEV3,open,2024-03-22 16:18:44,,Incident on auth-service triggered by a downstream dependency timeout.,
INC-001475,billing-engine,SEV3,open,2024-11-29 13:33:06,,Incident on billing-engine triggered by elevated traffic beyond provisioned capacity.,
INC-001476,order-service,SEV1,resolved,2024-11-26 13:17:33,2024-11-26 16:44:28.840033944,Incident on order-service triggered by elevated traffic beyond provisioned capacity.,Insufficient connection pool sizing for peak load.
INC-001477,payment-gateway,SEV1,resolved,2024-10-26 08:45:39,2024-10-26 12:50:31.375376610,Incident on payment-gateway triggered by a downstream dependency timeout.,Capacity was not scaled ahead of a known traffic event.
INC-001478,order-service,SEV4,open,2024-05-15 18:02:08,,Incident on order-service triggered by an unhandled exception in a new code path.,
INC-001479,payment-gateway,SEV2,mitigated,2024-08-04 15:54:51,2024-08-05 00:57:25.419671652,Incident on payment-gateway triggered by a misconfigured deployment.,An upstream dependency exceeded its SLA during a regional failover.
INC-001480,shipping-tracker,SEV3,resolved,2025-03-31 07:13:48,2025-03-31 13:18:56.793082896,Incident on shipping-tracker triggered by database connection pool exhaustion.,Capacity was not scaled ahead of a known traffic event.
INC-001481,search-service,SEV4,resolved,2024-05-26 01:07:05,2024-05-26 07:23:28.473633176,Incident on search-service triggered by database connection pool exhaustion.,Capacity was not scaled ahead of a known traffic event.
INC-001482,customer-portal,SEV3,resolved,2025-05-20 07:44:17,2025-05-20 10:45:17.307570476,Incident on customer-portal triggered by a downstream dependency timeout.,A configuration change was deployed without a canary rollout.
INC-001483,customer-portal,SEV3,mitigated,2025-08-25 06:58:03,2025-08-25 13:28:19.287683136,Incident on customer-portal triggered by elevated traffic beyond provisioned capacity.,A memory leak introduced in the previous release caused gradual degradation.
INC-001484,notification-service,SEV3,resolved,2025-06-30 00:51:57,2025-06-30 03:03:18.727990932,Incident on notification-service triggered by network partition between regions.,Capacity was not scaled ahead of a known traffic event.
INC-001485,notification-service,SEV4,resolved,2024-07-14 03:28:25,2024-07-14 12:32:15.264350308,Incident on notification-service triggered by a memory leak in a recent release.,A memory leak introduced in the previous release caused gradual degradation.
INC-001486,reporting-dashboard,SEV4,resolved,2025-08-23 01:50:47,2025-08-23 02:06:56.560811066,Incident on reporting-dashboard triggered by database connection pool exhaustion.,A configuration change was deployed without a canary rollout.
INC-001487,customer-portal,SEV4,resolved,2024-06-05 19:22:50,2024-06-05 20:36:12.643688402,Incident on customer-portal triggered by a memory leak in a recent release.,Insufficient connection pool sizing for peak load.
INC-001488,recommendation-engine,SEV4,mitigated,2025-11-06 02:51:53,2025-11-06 06:39:30.506899604,Incident on recommendation-engine triggered by a memory leak in a recent release.,A credential rotation job failed silently.
INC-001489,analytics-pipeline,SEV4,resolved,2024-12-23 04:38:34,2024-12-23 07:43:34.807134424,Incident on analytics-pipeline triggered by elevated traffic beyond provisioned capacity.,A configuration change was deployed without a canary rollout.
INC-001490,fraud-detection,SEV3,resolved,2024-08-29 12:58:44,2024-08-29 19:37:39.038506034,Incident on fraud-detection triggered by a misconfigured deployment.,A configuration change was deployed without a canary rollout.
INC-001491,warehouse-management,SEV3,resolved,2025-01-18 12:39:12,2025-01-18 21:59:19.793433863,Incident on warehouse-management triggered by an expired credential.,An upstream dependency exceeded its SLA during a regional failover.
INC-001492,customer-portal,SEV3,resolved,2024-05-12 05:31:28,2024-05-12 12:52:23.708015140,Incident on customer-portal triggered by database connection pool exhaustion.,A memory leak introduced in the previous release caused gradual degradation.
INC-001493,fraud-detection,SEV4,resolved,2025-01-25 05:33:41,2025-01-25 12:25:27.203336234,Incident on fraud-detection triggered by a downstream dependency timeout.,A credential rotation job failed silently.
INC-001494,inventory-service,SEV3,resolved,2025-04-12 15:06:39,2025-04-12 23:16:46.945722342,Incident on inventory-service triggered by a memory leak in a recent release.,A memory leak introduced in the previous release caused gradual degradation.
INC-001495,reporting-dashboard,SEV2,resolved,2024-05-22 05:38:14,2024-05-22 10:12:54.705864392,Incident on reporting-dashboard triggered by network partition between regions.,A memory leak introduced in the previous release caused gradual degradation.
INC-001496,payment-gateway,SEV3,resolved,2025-09-23 00:09:13,2025-09-23 09:09:17.348427514,Incident on payment-gateway triggered by an unhandled exception in a new code path.,Capacity was not scaled ahead of a known traffic event.
INC-001497,shipping-tracker,SEV2,resolved,2024-09-07 01:28:22,2024-09-07 05:40:24.658674118,Incident on shipping-tracker triggered by an expired credential.,A configuration change was deployed without a canary rollout.
INC-001498,customer-portal,SEV4,resolved,2025-01-20 10:20:36,2025-01-20 19:20:31.137218100,Incident on customer-portal triggered by a misconfigured deployment.,A memory leak introduced in the previous release caused gradual degradation.
INC-001499,api-gateway,SEV2,mitigated,2025-02-19 20:41:25,2025-02-20 02:16:15.980132038,Incident on api-gateway triggered by a misconfigured deployment.,Insufficient connection pool sizing for peak load.
INC-001500,inventory-service,SEV4,resolved,2024-08-03 16:13:47,2024-08-03 19:20:15.851484632,Incident on inventory-service triggered by a misconfigured deployment.,Insufficient connection pool sizing for peak load.
INC-001501,auth-service,SEV1,resolved,2025-12-11 07:52:22,2025-12-11 17:21:37.941029451,Incident on auth-service triggered by elevated traffic beyond provisioned capacity.,An upstream dependency exceeded its SLA during a regional failover.
INC-001502,fraud-detection,SEV3,mitigated,2024-07-17 11:00:17,2024-07-17 14:55:40.125973160,Incident on fraud-detection triggered by network partition between regions.,Capacity was not scaled ahead of a known traffic event.
INC-001503,billing-engine,SEV2,resolved,2024-12-28 21:09:57,2024-12-29 06:51:47.693518074,Incident on billing-engine triggered by an unhandled exception in a new code path.,Capacity was not scaled ahead of a known traffic event.
INC-001504,fraud-detection,SEV4,mitigated,2025-10-06 16:52:33,2025-10-06 17:21:01.034534004,Incident on fraud-detection triggered by network partition between regions.,Insufficient connection pool sizing for peak load.
INC-001505,notification-service,SEV4,resolved,2024-04-28 18:57:53,2024-04-28 21:28:06.689723678,Incident on notification-service triggered by a misconfigured deployment.,A credential rotation job failed silently.
INC-001506,customer-portal,SEV2,resolved,2025-09-23 07:44:24,2025-09-23 10:52:31.920139265,Incident on customer-portal triggered by network partition between regions.,A configuration change was deployed without a canary rollout.
INC-001507,payment-gateway,SEV3,resolved,2024-12-18 17:17:26,2024-12-19 02:35:13.277756630,Incident on payment-gateway triggered by elevated traffic beyond provisioned capacity.,A configuration change was deployed without a canary rollout.
INC-001508,search-service,SEV4,resolved,2025-09-20 16:19:27,2025-09-20 20:36:38.601681828,Incident on search-service triggered by a downstream dependency timeout.,A credential rotation job failed silently.
INC-001509,shipping-tracker,SEV2,open,2025-04-20 18:55:06,,Incident on shipping-tracker triggered by elevated traffic beyond provisioned capacity.,
INC-001510,inventory-service,SEV1,resolved,2025-12-04 14:54:56,2025-12-04 21:46:08.653416842,Incident on inventory-service triggered by elevated traffic beyond provisioned capacity.,An upstream dependency exceeded its SLA during a regional failover.
INC-001511,order-service,SEV3,resolved,2024-03-25 01:20:53,2024-03-25 04:36:58.714165874,Incident on order-service triggered by a memory leak in a recent release.,Capacity was not scaled ahead of a known traffic event.
INC-001512,inventory-service,SEV4,resolved,2024-12-23 20:34:15,2024-12-24 00:37:18.167928858,Incident on inventory-service triggered by a downstream dependency timeout.,A credential rotation job failed silently.
INC-001513,reporting-dashboard,SEV2,open,2025-07-07 07:51:35,,Incident on reporting-dashboard triggered by a downstream dependency timeout.,
INC-001514,customer-portal,SEV3,resolved,2024-11-02 11:58:23,2024-11-02 14:44:34.868671922,Incident on customer-portal triggered by a downstream dependency timeout.,A configuration change was deployed without a canary rollout.
INC-001515,shipping-tracker,SEV1,resolved,2025-12-03 10:17:40,2025-12-03 18:43:58.804181440,Incident on shipping-tracker triggered by a memory leak in a recent release.,Insufficient connection pool sizing for peak load.
INC-001516,warehouse-management,SEV4,resolved,2024-05-16 02:43:45,2024-05-16 04:50:29.708402304,Incident on warehouse-management triggered by a downstream dependency timeout.,A memory leak introduced in the previous release caused gradual degradation.
INC-001517,order-service,SEV2,resolved,2025-09-13 02:47:33,2025-09-13 11:47:00.421020558,Incident on order-service triggered by an expired credential.,Capacity was not scaled ahead of a known traffic event.
INC-001518,search-service,SEV4,resolved,2025-09-09 03:58:40,2025-09-09 11:52:40.047723940,Incident on search-service triggered by a memory leak in a recent release.,An upstream dependency exceeded its SLA during a regional failover.
INC-001519,fraud-detection,SEV4,resolved,2025-08-19 06:54:35,2025-08-19 14:38:31.785660572,Incident on fraud-detection triggered by a misconfigured deployment.,An upstream dependency exceeded its SLA during a regional failover.
INC-001520,auth-service,SEV3,resolved,2025-02-04 12:35:20,2025-02-04 14:51:36.460536338,Incident on auth-service triggered by a misconfigured deployment.,A configuration change was deployed without a canary rollout.
INC-001521,search-service,SEV3,resolved,2024-01-11 03:41:59,2024-01-11 10:47:50.645716472,Incident on search-service triggered by an expired credential.,A memory leak introduced in the previous release caused gradual degradation.
INC-001522,shipping-tracker,SEV4,resolved,2024-03-23 09:11:02,2024-03-23 15:54:16.044404492,Incident on shipping-tracker triggered by an expired credential.,Insufficient connection pool sizing for peak load.
INC-001523,order-service,SEV3,resolved,2025-05-07 20:59:34,2025-05-08 06:12:11.860504894,Incident on order-service triggered by an expired credential.,Capacity was not scaled ahead of a known traffic event.
INC-001524,inventory-service,SEV3,resolved,2025-07-25 20:45:53,2025-07-25 22:39:35.773383800,Incident on inventory-service triggered by network partition between regions.,Insufficient connection pool sizing for peak load.
INC-001525,fraud-detection,SEV4,open,2025-03-25 18:39:42,,Incident on fraud-detection triggered by a memory leak in a recent release.,
INC-001526,auth-service,SEV2,resolved,2024-08-20 23:36:22,2024-08-20 23:59:05.854231198,Incident on auth-service triggered by a memory leak in a recent release.,An upstream dependency exceeded its SLA during a regional failover.
INC-001527,payment-gateway,SEV2,mitigated,2024-12-17 13:42:01,2024-12-17 20:24:01.674148972,Incident on payment-gateway triggered by an expired credential.,Insufficient connection pool sizing for peak load.
INC-001528,shipping-tracker,SEV4,mitigated,2025-03-13 20:53:14,2025-03-14 02:31:48.710320418,Incident on shipping-tracker triggered by an unhandled exception in a new code path.,Insufficient connection pool sizing for peak load.
INC-001529,fraud-detection,SEV3,open,2024-11-29 00:49:04,,Incident on fraud-detection triggered by a downstream dependency timeout.,
INC-001530,reporting-dashboard,SEV1,resolved,2025-10-10 20:38:57,2025-10-10 22:54:53.459080164,Incident on reporting-dashboard triggered by elevated traffic beyond provisioned capacity.,A credential rotation job failed silently.
INC-001531,auth-service,SEV3,mitigated,2025-05-17 10:39:46,2025-05-17 15:07:10.550848120,Incident on auth-service triggered by an unhandled exception in a new code path.,A memory leak introduced in the previous release caused gradual degradation.
INC-001532,notification-service,SEV3,resolved,2024-02-16 04:48:16,2024-02-16 10:51:34.195031524,Incident on notification-service triggered by an unhandled exception in a new code path.,A credential rotation job failed silently.
INC-001533,inventory-service,SEV4,mitigated,2024-12-21 02:30:21,2024-12-21 08:01:53.264715300,Incident on inventory-service triggered by an expired credential.,Capacity was not scaled ahead of a known traffic event.
INC-001534,order-service,SEV4,mitigated,2024-10-20 13:15:22,2024-10-20 17:13:16.790154886,Incident on order-service triggered by a downstream dependency timeout.,A memory leak introduced in the previous release caused gradual degradation.
INC-001535,payment-gateway,SEV3,resolved,2024-10-08 17:25:02,2024-10-08 18:37:22.423745654,Incident on payment-gateway triggered by a downstream dependency timeout.,A configuration change was deployed without a canary rollout.
INC-001536,api-gateway,SEV2,resolved,2025-08-20 22:30:00,2025-08-21 04:09:49.305009558,Incident on api-gateway triggered by a misconfigured deployment.,Capacity was not scaled ahead of a known traffic event.
INC-001537,auth-service,SEV4,mitigated,2024-07-06 19:48:00,2024-07-06 22:36:33.061236372,Incident on auth-service triggered by a downstream dependency timeout.,A configuration change was deployed without a canary rollout.
INC-001538,auth-service,SEV4,resolved,2024-05-18 02:05:28,2024-05-18 02:48:25.678515508,Incident on auth-service triggered by database connection pool exhaustion.,A configuration change was deployed without a canary rollout.
INC-001539,warehouse-management,SEV1,resolved,2025-06-11 16:24:38,2025-06-11 21:31:25.482730508,Incident on warehouse-management triggered by a downstream dependency timeout.,A configuration change was deployed without a canary rollout.
INC-001540,fraud-detection,SEV3,resolved,2024-08-02 20:37:48,2024-08-02 22:31:14.797190910,Incident on fraud-detection triggered by an unhandled exception in a new code path.,A configuration change was deployed without a canary rollout.
INC-001541,billing-engine,SEV3,resolved,2025-05-04 11:07:20,2025-05-04 11:24:57.819347582,Incident on billing-engine triggered by elevated traffic beyond provisioned capacity.,A credential rotation job failed silently.
INC-001542,reporting-dashboard,SEV4,mitigated,2024-03-10 17:22:50,2024-03-11 01:25:36.659688386,Incident on reporting-dashboard triggered by network partition between regions.,A credential rotation job failed silently.
INC-001543,billing-engine,SEV4,resolved,2025-04-26 12:10:39,2025-04-26 18:10:45.164386956,Incident on billing-engine triggered by network partition between regions.,Capacity was not scaled ahead of a known traffic event.
INC-001544,reporting-dashboard,SEV4,resolved,2024-06-04 10:32:33,2024-06-04 18:07:45.175924056,Incident on reporting-dashboard triggered by network partition between regions.,An upstream dependency exceeded its SLA during a regional failover.
INC-001545,customer-portal,SEV3,resolved,2024-05-06 00:27:56,2024-05-06 05:44:18.134686862,Incident on customer-portal triggered by an expired credential.,A credential rotation job failed silently.
INC-001546,notification-service,SEV4,resolved,2025-04-16 19:56:49,2025-04-17 03:43:52.828799944,Incident on notification-service triggered by elevated traffic beyond provisioned capacity.,A credential rotation job failed silently.
INC-001547,recommendation-engine,SEV1,resolved,2025-04-22 05:54:00,2025-04-22 11:52:50.715834852,Incident on recommendation-engine triggered by a downstream dependency timeout.,A configuration change was deployed without a canary rollout.
INC-001548,recommendation-engine,SEV3,resolved,2025-12-13 20:53:08,2025-12-14 05:40:21.024153398,Incident on recommendation-engine triggered by network partition between regions.,An upstream dependency exceeded its SLA during a regional failover.
INC-001549,analytics-pipeline,SEV4,resolved,2025-02-26 12:03:43,2025-02-26 12:29:41.527713862,Incident on analytics-pipeline triggered by network partition between regions.,Insufficient connection pool sizing for peak load.
INC-001550,order-service,SEV1,open,2025-08-17 14:00:55,,Incident on order-service triggered by a downstream dependency timeout.,
INC-001551,api-gateway,SEV1,resolved,2024-03-15 03:59:42,2024-03-15 04:35:00.748066242,Incident on api-gateway triggered by an expired credential.,Capacity was not scaled ahead of a known traffic event.
INC-001552,analytics-pipeline,SEV3,mitigated,2024-04-17 15:33:11,2024-04-17 19:37:18.216235988,Incident on analytics-pipeline triggered by a downstream dependency timeout.,A memory leak introduced in the previous release caused gradual degradation.
INC-001553,fraud-detection,SEV4,resolved,2024-04-03 23:33:36,2024-04-04 06:41:02.801258610,Incident on fraud-detection triggered by database connection pool exhaustion.,A credential rotation job failed silently.
INC-001554,reporting-dashboard,SEV4,open,2024-08-26 13:24:52,,Incident on reporting-dashboard triggered by a memory leak in a recent release.,
INC-001555,recommendation-engine,SEV3,resolved,2024-03-25 11:21:49,2024-03-25 13:16:34.608523090,Incident on recommendation-engine triggered by elevated traffic beyond provisioned capacity.,Capacity was not scaled ahead of a known traffic event.
INC-001556,recommendation-engine,SEV3,resolved,2024-06-20 17:28:18,2024-06-21 03:23:40.768833492,Incident on recommendation-engine triggered by a memory leak in a recent release.,A credential rotation job failed silently.
INC-001557,inventory-service,SEV4,resolved,2025-08-03 02:27:26,2025-08-03 07:14:45.486540176,Incident on inventory-service triggered by an unhandled exception in a new code path.,Insufficient connection pool sizing for peak load.
INC-001558,fraud-detection,SEV3,resolved,2024-12-29 15:24:05,2024-12-29 19:26:54.669503000,Incident on fraud-detection triggered by an expired credential.,Insufficient connection pool sizing for peak load.
INC-001559,search-service,SEV2,resolved,2025-08-29 16:13:28,2025-08-29 23:42:06.693286990,Incident on search-service triggered by a memory leak in a recent release.,Insufficient connection pool sizing for peak load.
INC-001560,billing-engine,SEV1,resolved,2025-07-26 23:29:07,2025-07-27 07:47:18.651087904,Incident on billing-engine triggered by an unhandled exception in a new code path.,An upstream dependency exceeded its SLA during a regional failover.
INC-001561,fraud-detection,SEV3,resolved,2024-07-14 03:02:45,2024-07-14 08:29:33.590308254,Incident on fraud-detection triggered by an unhandled exception in a new code path.,A configuration change was deployed without a canary rollout.
INC-001562,warehouse-management,SEV3,resolved,2024-03-24 05:51:36,2024-03-24 08:03:07.606782395,Incident on warehouse-management triggered by a downstream dependency timeout.,Insufficient connection pool sizing for peak load.
INC-001563,notification-service,SEV2,resolved,2024-12-19 18:05:36,2024-12-19 20:57:10.300700670,Incident on notification-service triggered by a memory leak in a recent release.,Capacity was not scaled ahead of a known traffic event.
INC-001564,fraud-detection,SEV4,resolved,2024-10-07 22:22:46,2024-10-08 02:46:53.819659246,Incident on fraud-detection triggered by database connection pool exhaustion.,Insufficient connection pool sizing for peak load.
INC-001565,shipping-tracker,SEV3,open,2025-07-20 18:55:27,,Incident on shipping-tracker triggered by an expired credential.,
INC-001566,payment-gateway,SEV4,resolved,2024-03-21 13:35:57,2024-03-21 20:27:43.042081452,Incident on payment-gateway triggered by a downstream dependency timeout.,An upstream dependency exceeded its SLA during a regional failover.
INC-001567,billing-engine,SEV2,open,2024-11-06 03:13:12,,Incident on billing-engine triggered by a memory leak in a recent release.,
INC-001568,billing-engine,SEV3,resolved,2025-10-29 03:53:16,2025-10-29 12:49:26.798512078,Incident on billing-engine triggered by a memory leak in a recent release.,A credential rotation job failed silently.
INC-001569,fraud-detection,SEV2,resolved,2024-02-12 17:45:11,2024-02-12 23:02:23.125330208,Incident on fraud-detection triggered by a memory leak in a recent release.,Capacity was not scaled ahead of a known traffic event.
INC-001570,payment-gateway,SEV3,resolved,2024-06-24 07:55:53,2024-06-24 11:00:23.567263160,Incident on payment-gateway triggered by elevated traffic beyond provisioned capacity.,An upstream dependency exceeded its SLA during a regional failover.
INC-001571,reporting-dashboard,SEV3,resolved,2024-10-18 08:41:42,2024-10-18 14:55:09.263452644,Incident on reporting-dashboard triggered by an expired credential.,A configuration change was deployed without a canary rollout.
INC-001572,analytics-pipeline,SEV3,resolved,2025-12-10 17:24:29,2025-12-10 18:19:38.893920008,Incident on analytics-pipeline triggered by elevated traffic beyond provisioned capacity.,A credential rotation job failed silently.
INC-001573,reporting-dashboard,SEV2,resolved,2024-10-24 04:04:48,2024-10-24 08:16:00.264090678,Incident on reporting-dashboard triggered by a downstream dependency timeout.,An upstream dependency exceeded its SLA during a regional failover.
INC-001574,api-gateway,SEV4,resolved,2025-10-20 13:07:25,2025-10-20 15:20:58.505576284,Incident on api-gateway triggered by an expired credential.,A credential rotation job failed silently.
INC-001575,reporting-dashboard,SEV4,resolved,2024-04-15 23:31:40,2024-04-16 00:48:04.058309500,Incident on reporting-dashboard triggered by network partition between regions.,A memory leak introduced in the previous release caused gradual degradation.
INC-001576,search-service,SEV4,resolved,2025-10-27 09:16:37,2025-10-27 16:17:29.936426200,Incident on search-service triggered by elevated traffic beyond provisioned capacity.,Capacity was not scaled ahead of a known traffic event.
INC-001577,search-service,SEV1,resolved,2025-05-04 12:35:20,2025-05-04 16:31:48.364223768,Incident on search-service triggered by an unhandled exception in a new code path.,Capacity was not scaled ahead of a known traffic event.
INC-001578,warehouse-management,SEV3,resolved,2024-04-08 08:38:24,2024-04-08 13:56:38.333856684,Incident on warehouse-management triggered by an unhandled exception in a new code path.,An upstream dependency exceeded its SLA during a regional failover.
INC-001579,warehouse-management,SEV4,resolved,2025-11-02 08:13:58,2025-11-02 11:33:05.322835936,Incident on warehouse-management triggered by a downstream dependency timeout.,A memory leak introduced in the previous release caused gradual degradation.
INC-001580,order-service,SEV4,open,2025-08-29 01:05:22,,Incident on order-service triggered by a downstream dependency timeout.,
INC-001581,notification-service,SEV3,resolved,2025-07-12 12:23:48,2025-07-12 16:10:17.634854604,Incident on notification-service triggered by a misconfigured deployment.,An upstream dependency exceeded its SLA during a regional failover.
INC-001582,billing-engine,SEV3,resolved,2024-02-11 19:19:03,2024-02-12 02:26:50.439917508,Incident on billing-engine triggered by elevated traffic beyond provisioned capacity.,A memory leak introduced in the previous release caused gradual degradation.
INC-001583,shipping-tracker,SEV3,resolved,2024-04-29 01:54:44,2024-04-29 03:45:18.729915356,Incident on shipping-tracker triggered by an unhandled exception in a new code path.,A memory leak introduced in the previous release caused gradual degradation.
INC-001584,inventory-service,SEV4,mitigated,2024-09-15 01:54:33,2024-09-15 02:43:26.750175936,Incident on inventory-service triggered by a misconfigured deployment.,A credential rotation job failed silently.
INC-001585,notification-service,SEV4,open,2025-02-14 20:26:06,,Incident on notification-service triggered by an unhandled exception in a new code path.,
INC-001586,api-gateway,SEV4,resolved,2024-09-17 21:58:08,2024-09-18 01:30:56.037624482,Incident on api-gateway triggered by elevated traffic beyond provisioned capacity.,A credential rotation job failed silently.
INC-001587,fraud-detection,SEV4,mitigated,2025-12-12 11:36:16,2025-12-12 20:17:38.060152222,Incident on fraud-detection triggered by a misconfigured deployment.,A configuration change was deployed without a canary rollout.
INC-001588,analytics-pipeline,SEV3,resolved,2025-07-09 23:24:52,2025-07-10 01:38:14.029802236,Incident on analytics-pipeline triggered by database connection pool exhaustion.,A configuration change was deployed without a canary rollout.
INC-001589,auth-service,SEV2,resolved,2025-10-02 17:24:29,2025-10-02 23:45:28.466442044,Incident on auth-service triggered by database connection pool exhaustion.,An upstream dependency exceeded its SLA during a regional failover.
INC-001590,shipping-tracker,SEV4,resolved,2024-04-29 11:00:45,2024-04-29 13:37:12.659248050,Incident on shipping-tracker triggered by a misconfigured deployment.,A configuration change was deployed without a canary rollout.
INC-001591,recommendation-engine,SEV4,mitigated,2025-03-30 18:01:38,2025-03-30 19:04:46.129401488,Incident on recommendation-engine triggered by an expired credential.,A memory leak introduced in the previous release caused gradual degradation.
INC-001592,customer-portal,SEV2,resolved,2025-05-16 11:51:19,2025-05-16 18:06:23.297103418,Incident on customer-portal triggered by elevated traffic beyond provisioned capacity.,An upstream dependency exceeded its SLA during a regional failover.
INC-001593,recommendation-engine,SEV3,resolved,2024-03-18 11:57:18,2024-03-18 15:20:11.385113382,Incident on recommendation-engine triggered by a downstream dependency timeout.,A memory leak introduced in the previous release caused gradual degradation.
INC-001594,recommendation-engine,SEV3,resolved,2025-12-17 02:20:08,2025-12-17 02:35:20.421957554,Incident on recommendation-engine triggered by a memory leak in a recent release.,Insufficient connection pool sizing for peak load.
INC-001595,notification-service,SEV4,resolved,2025-09-05 06:05:20,2025-09-05 12:47:01.286117084,Incident on notification-service triggered by an expired credential.,A configuration change was deployed without a canary rollout.
INC-001596,search-service,SEV4,resolved,2024-12-21 03:52:16,2024-12-21 05:27:34.024619134,Incident on search-service triggered by database connection pool exhaustion.,An upstream dependency exceeded its SLA during a regional failover.
INC-001597,auth-service,SEV4,resolved,2024-11-05 07:34:38,2024-11-05 13:03:26.569176116,Incident on auth-service triggered by a misconfigured deployment.,An upstream dependency exceeded its SLA during a regional failover.
INC-001598,payment-gateway,SEV3,resolved,2024-09-03 23:16:56,2024-09-04 03:59:35.801678900,Incident on payment-gateway triggered by an expired credential.,A memory leak introduced in the previous release caused gradual degradation.
INC-001599,reporting-dashboard,SEV2,resolved,2024-10-06 12:17:11,2024-10-06 18:53:42.982797787,Incident on reporting-dashboard triggered by a memory leak in a recent release.,An upstream dependency exceeded its SLA during a regional failover.
INC-001600,customer-portal,SEV3,open,2025-06-07 20:22:58,,Incident on customer-portal triggered by database connection pool exhaustion.,
INC-001601,billing-engine,SEV4,resolved,2025-05-21 04:43:19,2025-05-21 07:14:32.310487306,Incident on billing-engine triggered by a downstream dependency timeout.,Insufficient connection pool sizing for peak load.
INC-001602,customer-portal,SEV3,mitigated,2024-09-20 10:03:26,2024-09-20 11:49:13.304513192,Incident on customer-portal triggered by a memory leak in a recent release.,A credential rotation job failed silently.
INC-001603,inventory-service,SEV4,resolved,2025-02-14 11:05:56,2025-02-14 11:45:27.472318742,Incident on inventory-service triggered by elevated traffic beyond provisioned capacity.,An upstream dependency exceeded its SLA during a regional failover.
INC-001604,api-gateway,SEV4,resolved,2025-05-11 12:52:44,2025-05-11 14:18:12.975613016,Incident on api-gateway triggered by a memory leak in a recent release.,Capacity was not scaled ahead of a known traffic event.
INC-001605,fraud-detection,SEV4,resolved,2025-09-18 19:57:22,2025-09-19 05:04:33.036485722,Incident on fraud-detection triggered by an unhandled exception in a new code path.,A configuration change was deployed without a canary rollout.
INC-001606,reporting-dashboard,SEV2,mitigated,2024-10-25 06:37:03,2024-10-25 12:08:30.504574056,Incident on reporting-dashboard triggered by a misconfigured deployment.,A memory leak introduced in the previous release caused gradual degradation.
INC-001607,customer-portal,SEV3,resolved,2025-06-25 06:44:50,2025-06-25 08:44:07.602692810,Incident on customer-portal triggered by a memory leak in a recent release.,An upstream dependency exceeded its SLA during a regional failover.
INC-001608,search-service,SEV4,resolved,2025-01-04 14:26:22,2025-01-04 20:43:55.409675578,Incident on search-service triggered by network partition between regions.,A credential rotation job failed silently.
INC-001609,shipping-tracker,SEV3,resolved,2025-02-23 01:55:59,2025-02-23 10:55:31.724215316,Incident on shipping-tracker triggered by an unhandled exception in a new code path.,A memory leak introduced in the previous release caused gradual degradation.
INC-001610,shipping-tracker,SEV4,mitigated,2025-05-01 10:13:25,2025-05-01 16:56:39.938635540,Incident on shipping-tracker triggered by a downstream dependency timeout.,A memory leak introduced in the previous release caused gradual degradation.
INC-001611,api-gateway,SEV3,resolved,2025-09-03 15:20:19,2025-09-03 23:22:06.164472478,Incident on api-gateway triggered by a downstream dependency timeout.,A memory leak introduced in the previous release caused gradual degradation.
INC-001612,inventory-service,SEV1,resolved,2025-01-21 00:44:01,2025-01-21 08:20:30.888451570,Incident on inventory-service triggered by a downstream dependency timeout.,A memory leak introduced in the previous release caused gradual degradation.
INC-001613,api-gateway,SEV2,resolved,2024-11-27 04:15:27,2024-11-27 11:50:33.427922160,Incident on api-gateway triggered by database connection pool exhaustion.,A configuration change was deployed without a canary rollout.
INC-001614,shipping-tracker,SEV4,resolved,2024-08-01 08:07:19,2024-08-01 09:39:52.811833588,Incident on shipping-tracker triggered by a memory leak in a recent release.,Insufficient connection pool sizing for peak load.
INC-001615,api-gateway,SEV3,resolved,2025-06-21 15:09:34,2025-06-21 21:59:08.908396480,Incident on api-gateway triggered by database connection pool exhaustion.,An upstream dependency exceeded its SLA during a regional failover.
INC-001616,shipping-tracker,SEV3,resolved,2024-03-06 22:03:26,2024-03-07 02:05:34.258127666,Incident on shipping-tracker triggered by elevated traffic beyond provisioned capacity.,A memory leak introduced in the previous release caused gradual degradation.
INC-001617,order-service,SEV3,resolved,2025-10-08 22:32:43,2025-10-09 07:18:07.110296326,Incident on order-service triggered by a misconfigured deployment.,An upstream dependency exceeded its SLA during a regional failover.
INC-001618,shipping-tracker,SEV4,resolved,2025-10-06 04:13:17,2025-10-06 11:09:27.150954500,Incident on shipping-tracker triggered by network partition between regions.,An upstream dependency exceeded its SLA during a regional failover.
INC-001619,inventory-service,SEV3,resolved,2025-05-26 15:44:23,2025-05-26 22:53:18.440525648,Incident on inventory-service triggered by an expired credential.,A memory leak introduced in the previous release caused gradual degradation.
INC-001620,shipping-tracker,SEV4,resolved,2025-05-17 08:43:52,2025-05-17 09:06:00.937066492,Incident on shipping-tracker triggered by a memory leak in a recent release.,Insufficient connection pool sizing for peak load.
INC-001621,reporting-dashboard,SEV3,resolved,2024-09-01 18:30:12,2024-09-01 20:42:34.772477112,Incident on reporting-dashboard triggered by a memory leak in a recent release.,A credential rotation job failed silently.
INC-001622,notification-service,SEV2,resolved,2024-02-03 09:34:50,2024-02-03 12:50:53.087391908,Incident on notification-service triggered by network partition between regions.,Capacity was not scaled ahead of a known traffic event.
INC-001623,payment-gateway,SEV2,resolved,2025-05-10 03:13:37,2025-05-10 03:29:49.111588528,Incident on payment-gateway triggered by database connection pool exhaustion.,Insufficient connection pool sizing for peak load.
INC-001624,order-service,SEV2,open,2025-12-07 22:06:44,,Incident on order-service triggered by database connection pool exhaustion.,
INC-001625,notification-service,SEV4,resolved,2024-04-21 04:14:30,2024-04-21 10:58:26.242112598,Incident on notification-service triggered by an expired credential.,A credential rotation job failed silently.
INC-001626,order-service,SEV3,resolved,2024-03-30 17:25:42,2024-03-30 20:39:59.638163076,Incident on order-service triggered by a misconfigured deployment.,Capacity was not scaled ahead of a known traffic event.
INC-001627,notification-service,SEV2,open,2024-11-11 15:26:08,,Incident on notification-service triggered by an unhandled exception in a new code path.,
INC-001628,fraud-detection,SEV4,resolved,2025-03-14 07:50:36,2025-03-14 08:32:59.044802124,Incident on fraud-detection triggered by elevated traffic beyond provisioned capacity.,Capacity was not scaled ahead of a known traffic event.
INC-001629,billing-engine,SEV4,open,2024-08-17 08:25:28,,Incident on billing-engine triggered by an expired credential.,
INC-001630,warehouse-management,SEV3,resolved,2025-07-02 23:04:40,2025-07-03 00:04:30.788587024,Incident on warehouse-management triggered by an unhandled exception in a new code path.,Capacity was not scaled ahead of a known traffic event.
INC-001631,fraud-detection,SEV4,resolved,2025-01-21 14:25:30,2025-01-21 22:09:54.007362012,Incident on fraud-detection triggered by database connection pool exhaustion.,Insufficient connection pool sizing for peak load.
INC-001632,analytics-pipeline,SEV3,resolved,2025-06-25 18:38:39,2025-06-25 23:39:55.210078272,Incident on analytics-pipeline triggered by network partition between regions.,An upstream dependency exceeded its SLA during a regional failover.
INC-001633,recommendation-engine,SEV4,resolved,2025-06-15 18:18:30,2025-06-16 00:36:10.720633926,Incident on recommendation-engine triggered by an unhandled exception in a new code path.,A credential rotation job failed silently.
INC-001634,customer-portal,SEV4,resolved,2025-11-21 08:16:07,2025-11-21 09:05:17.166964384,Incident on customer-portal triggered by elevated traffic beyond provisioned capacity.,A memory leak introduced in the previous release caused gradual degradation.
INC-001635,reporting-dashboard,SEV3,resolved,2025-02-07 23:14:01,2025-02-07 23:54:44.327465836,Incident on reporting-dashboard triggered by network partition between regions.,An upstream dependency exceeded its SLA during a regional failover.
INC-001636,warehouse-management,SEV2,resolved,2025-07-16 03:52:14,2025-07-16 04:45:06.115453274,Incident on warehouse-management triggered by a memory leak in a recent release.,A memory leak introduced in the previous release caused gradual degradation.
INC-001637,recommendation-engine,SEV3,resolved,2024-12-23 19:27:00,2024-12-24 01:07:23.065348374,Incident on recommendation-engine triggered by database connection pool exhaustion.,Capacity was not scaled ahead of a known traffic event.
INC-001638,analytics-pipeline,SEV2,mitigated,2025-01-22 10:53:34,2025-01-22 16:35:46.268095246,Incident on analytics-pipeline triggered by an expired credential.,A memory leak introduced in the previous release caused gradual degradation.
INC-001639,notification-service,SEV3,resolved,2024-08-16 06:28:11,2024-08-16 07:43:45.176002496,Incident on notification-service triggered by a downstream dependency timeout.,An upstream dependency exceeded its SLA during a regional failover.
INC-001640,auth-service,SEV4,resolved,2025-06-25 05:24:25,2025-06-25 10:53:25.686139660,Incident on auth-service triggered by an expired credential.,Insufficient connection pool sizing for peak load.
INC-001641,payment-gateway,SEV3,resolved,2024-06-14 20:02:04,2024-06-14 22:02:23.670849448,Incident on payment-gateway triggered by an expired credential.,An upstream dependency exceeded its SLA during a regional failover.
INC-001642,reporting-dashboard,SEV3,open,2025-02-05 00:28:37,,Incident on reporting-dashboard triggered by a downstream dependency timeout.,
INC-001643,inventory-service,SEV4,open,2024-05-26 19:24:43,,Incident on inventory-service triggered by elevated traffic beyond provisioned capacity.,
INC-001644,customer-portal,SEV1,resolved,2024-11-28 21:32:33,2024-11-29 01:25:30.782689986,Incident on customer-portal triggered by an unhandled exception in a new code path.,A credential rotation job failed silently.
INC-001645,billing-engine,SEV4,resolved,2024-01-17 14:28:19,2024-01-17 18:31:15.120375634,Incident on billing-engine triggered by database connection pool exhaustion.,An upstream dependency exceeded its SLA during a regional failover.
INC-001646,billing-engine,SEV3,open,2024-04-04 20:40:16,,Incident on billing-engine triggered by an expired credential.,
INC-001647,shipping-tracker,SEV3,open,2025-09-12 05:30:48,,Incident on shipping-tracker triggered by elevated traffic beyond provisioned capacity.,
INC-001648,payment-gateway,SEV4,resolved,2025-08-17 06:57:02,2025-08-17 14:13:25.149409028,Incident on payment-gateway triggered by a memory leak in a recent release.,An upstream dependency exceeded its SLA during a regional failover.
INC-001649,payment-gateway,SEV4,resolved,2024-03-19 10:53:08,2024-03-19 13:51:41.745342008,Incident on payment-gateway triggered by a misconfigured deployment.,Capacity was not scaled ahead of a known traffic event.
INC-001650,customer-portal,SEV2,resolved,2025-05-09 16:09:23,2025-05-09 20:45:10.146729548,Incident on customer-portal triggered by an unhandled exception in a new code path.,A credential rotation job failed silently.
INC-001651,auth-service,SEV3,resolved,2025-06-07 19:59:15,2025-06-08 02:07:39.949641522,Incident on auth-service triggered by an unhandled exception in a new code path.,Insufficient connection pool sizing for peak load.
INC-001652,auth-service,SEV4,resolved,2024-02-12 01:06:46,2024-02-12 07:38:27.261294646,Incident on auth-service triggered by a downstream dependency timeout.,A memory leak introduced in the previous release caused gradual degradation.
INC-001653,fraud-detection,SEV3,resolved,2025-06-30 18:22:30,2025-06-30 23:48:03.960126456,Incident on fraud-detection triggered by database connection pool exhaustion.,An upstream dependency exceeded its SLA during a regional failover.
INC-001654,order-service,SEV3,resolved,2024-08-23 04:52:26,2024-08-23 12:03:33.218701994,Incident on order-service triggered by an expired credential.,An upstream dependency exceeded its SLA during a regional failover.
INC-001655,notification-service,SEV2,resolved,2024-08-11 23:25:03,2024-08-12 04:09:01.724259132,Incident on notification-service triggered by elevated traffic beyond provisioned capacity.,Insufficient connection pool sizing for peak load.
INC-001656,shipping-tracker,SEV4,resolved,2025-04-21 20:31:35,2025-04-21 22:57:04.860401312,Incident on shipping-tracker triggered by network partition between regions.,Insufficient connection pool sizing for peak load.
INC-001657,search-service,SEV1,resolved,2024-07-18 09:51:44,2024-07-18 12:48:37.343893970,Incident on search-service triggered by an expired credential.,Insufficient connection pool sizing for peak load.
INC-001658,warehouse-management,SEV3,open,2024-06-13 07:52:18,,Incident on warehouse-management triggered by a memory leak in a recent release.,
INC-001659,warehouse-management,SEV1,resolved,2024-01-23 10:13:28,2024-01-23 16:01:25.409991622,Incident on warehouse-management triggered by a memory leak in a recent release.,A credential rotation job failed silently.
INC-001660,recommendation-engine,SEV3,resolved,2024-03-17 04:16:20,2024-03-17 13:05:12.183331574,Incident on recommendation-engine triggered by an unhandled exception in a new code path.,A memory leak introduced in the previous release caused gradual degradation.
INC-001661,recommendation-engine,SEV3,resolved,2025-04-18 10:57:44,2025-04-18 11:45:54.807736712,Incident on recommendation-engine triggered by elevated traffic beyond provisioned capacity.,A configuration change was deployed without a canary rollout.
INC-001662,auth-service,SEV4,open,2025-11-22 15:24:25,,Incident on auth-service triggered by an unhandled exception in a new code path.,
INC-001663,billing-engine,SEV2,resolved,2025-12-15 03:08:41,2025-12-15 11:22:21.731902706,Incident on billing-engine triggered by a misconfigured deployment.,An upstream dependency exceeded its SLA during a regional failover.
INC-001664,order-service,SEV4,resolved,2025-06-05 08:19:52,2025-06-05 12:20:00.771372652,Incident on order-service triggered by an expired credential.,A memory leak introduced in the previous release caused gradual degradation.
INC-001665,warehouse-management,SEV4,resolved,2025-03-16 03:04:07,2025-03-16 04:21:54.967775230,Incident on warehouse-management triggered by an unhandled exception in a new code path.,Capacity was not scaled ahead of a known traffic event.
INC-001666,inventory-service,SEV3,resolved,2024-02-21 02:50:46,2024-02-21 06:53:29.945587294,Incident on inventory-service triggered by an unhandled exception in a new code path.,A credential rotation job failed silently.
INC-001667,analytics-pipeline,SEV2,resolved,2024-10-09 07:12:30,2024-10-09 15:43:47.879120838,Incident on analytics-pipeline triggered by a misconfigured deployment.,An upstream dependency exceeded its SLA during a regional failover.
INC-001668,customer-portal,SEV3,mitigated,2025-08-22 20:11:48,2025-08-23 02:07:00.864433440,Incident on customer-portal triggered by an unhandled exception in a new code path.,A credential rotation job failed silently.
INC-001669,billing-engine,SEV3,resolved,2025-07-18 16:51:10,2025-07-18 23:08:40.143656362,Incident on billing-engine triggered by a downstream dependency timeout.,Capacity was not scaled ahead of a known traffic event.
INC-001670,analytics-pipeline,SEV3,resolved,2025-05-27 11:12:58,2025-05-27 17:01:28.766146732,Incident on analytics-pipeline triggered by a downstream dependency timeout.,An upstream dependency exceeded its SLA during a regional failover.
INC-001671,api-gateway,SEV2,resolved,2024-07-13 06:03:49,2024-07-13 06:35:25.462734442,Incident on api-gateway triggered by database connection pool exhaustion.,Capacity was not scaled ahead of a known traffic event.
INC-001672,fraud-detection,SEV3,open,2024-05-18 10:17:12,,Incident on fraud-detection triggered by a misconfigured deployment.,
INC-001673,shipping-tracker,SEV3,resolved,2025-08-29 02:00:40,2025-08-29 07:43:06.756754972,Incident on shipping-tracker triggered by a downstream dependency timeout.,Capacity was not scaled ahead of a known traffic event.
INC-001674,auth-service,SEV4,resolved,2025-10-19 13:04:33,2025-10-19 16:48:05.615762550,Incident on auth-service triggered by an expired credential.,A configuration change was deployed without a canary rollout.
INC-001675,analytics-pipeline,SEV3,resolved,2024-09-20 05:53:03,2024-09-20 10:57:44.352234882,Incident on analytics-pipeline triggered by an expired credential.,Capacity was not scaled ahead of a known traffic event.
INC-001676,analytics-pipeline,SEV3,resolved,2024-07-20 01:27:21,2024-07-20 07:35:10.039399842,Incident on analytics-pipeline triggered by a misconfigured deployment.,Capacity was not scaled ahead of a known traffic event.
INC-001677,inventory-service,SEV3,resolved,2025-07-12 01:54:50,2025-07-12 03:37:59.496204242,Incident on inventory-service triggered by an expired credential.,A credential rotation job failed silently.
INC-001678,warehouse-management,SEV1,resolved,2024-09-05 16:55:10,2024-09-06 00:35:45.467383738,Incident on warehouse-management triggered by database connection pool exhaustion.,Capacity was not scaled ahead of a known traffic event.
INC-001679,analytics-pipeline,SEV4,resolved,2024-04-05 19:31:27,2024-04-06 05:27:32.486409648,Incident on analytics-pipeline triggered by an unhandled exception in a new code path.,A configuration change was deployed without a canary rollout.
INC-001680,warehouse-management,SEV3,mitigated,2025-05-01 11:45:45,2025-05-01 18:25:43.931741688,Incident on warehouse-management triggered by a memory leak in a recent release.,Capacity was not scaled ahead of a known traffic event.
INC-001681,recommendation-engine,SEV2,resolved,2025-03-30 14:04:22,2025-03-30 21:37:24.544677046,Incident on recommendation-engine triggered by database connection pool exhaustion.,Capacity was not scaled ahead of a known traffic event.
INC-001682,auth-service,SEV4,resolved,2024-09-26 12:27:42,2024-09-26 14:45:50.809258230,Incident on auth-service triggered by a misconfigured deployment.,Insufficient connection pool sizing for peak load.
INC-001683,customer-portal,SEV2,resolved,2024-05-31 08:16:08,2024-05-31 12:49:51.233910560,Incident on customer-portal triggered by elevated traffic beyond provisioned capacity.,A memory leak introduced in the previous release caused gradual degradation.
INC-001684,notification-service,SEV4,mitigated,2025-06-01 23:47:01,2025-06-02 03:45:39.605157052,Incident on notification-service triggered by a misconfigured deployment.,A credential rotation job failed silently.
INC-001685,reporting-dashboard,SEV4,resolved,2025-11-07 09:24:03,2025-11-07 11:04:27.737963034,Incident on reporting-dashboard triggered by elevated traffic beyond provisioned capacity.,A memory leak introduced in the previous release caused gradual degradation.
INC-001686,recommendation-engine,SEV2,resolved,2025-09-03 20:35:19,2025-09-04 04:43:44.092260730,Incident on recommendation-engine triggered by an expired credential.,A memory leak introduced in the previous release caused gradual degradation.
INC-001687,inventory-service,SEV4,resolved,2025-11-12 01:29:49,2025-11-12 08:59:12.161320384,Incident on inventory-service triggered by an expired credential.,A configuration change was deployed without a canary rollout.
INC-001688,customer-portal,SEV4,resolved,2025-06-07 14:09:56,2025-06-07 19:36:39.982117040,Incident on customer-portal triggered by a downstream dependency timeout.,A memory leak introduced in the previous release caused gradual degradation.
INC-001689,shipping-tracker,SEV3,resolved,2024-02-05 22:01:12,2024-02-06 03:55:19.998695604,Incident on shipping-tracker triggered by an expired credential.,An upstream dependency exceeded its SLA during a regional failover.
INC-001690,inventory-service,SEV2,resolved,2024-07-15 01:32:09,2024-07-15 06:36:14.265093090,Incident on inventory-service triggered by an expired credential.,A credential rotation job failed silently.
INC-001691,fraud-detection,SEV4,mitigated,2025-01-02 03:40:03,2025-01-02 08:47:05.537835474,Incident on fraud-detection triggered by elevated traffic beyond provisioned capacity.,A configuration change was deployed without a canary rollout.
INC-001692,reporting-dashboard,SEV3,resolved,2025-05-26 23:15:33,2025-05-27 02:24:49.419342312,Incident on reporting-dashboard triggered by network partition between regions.,An upstream dependency exceeded its SLA during a regional failover.
INC-001693,auth-service,SEV3,resolved,2025-04-09 01:17:36,2025-04-09 05:18:15.241381686,Incident on auth-service triggered by database connection pool exhaustion.,A memory leak introduced in the previous release caused gradual degradation.
INC-001694,shipping-tracker,SEV2,resolved,2024-02-13 14:13:36,2024-02-13 15:23:10.552553964,Incident on shipping-tracker triggered by an expired credential.,Capacity was not scaled ahead of a known traffic event.
INC-001695,reporting-dashboard,SEV2,mitigated,2024-04-25 11:59:41,2024-04-25 21:51:03.901193840,Incident on reporting-dashboard triggered by a misconfigured deployment.,An upstream dependency exceeded its SLA during a regional failover.
INC-001696,payment-gateway,SEV4,resolved,2025-08-24 00:48:23,2025-08-24 10:02:18.988204238,Incident on payment-gateway triggered by database connection pool exhaustion.,A configuration change was deployed without a canary rollout.
INC-001697,api-gateway,SEV4,resolved,2024-04-06 22:34:53,2024-04-07 00:23:35.923234916,Incident on api-gateway triggered by database connection pool exhaustion.,An upstream dependency exceeded its SLA during a regional failover.
INC-001698,recommendation-engine,SEV3,resolved,2024-07-30 03:18:32,2024-07-30 03:44:05.163834104,Incident on recommendation-engine triggered by a misconfigured deployment.,A configuration change was deployed without a canary rollout.
INC-001699,notification-service,SEV2,resolved,2024-01-31 00:39:45,2024-01-31 09:00:27.952186038,Incident on notification-service triggered by database connection pool exhaustion.,Insufficient connection pool sizing for peak load.
INC-001700,auth-service,SEV4,resolved,2024-07-30 10:37:38,2024-07-30 16:36:29.535220610,Incident on auth-service triggered by database connection pool exhaustion.,Insufficient connection pool sizing for peak load.
INC-001701,billing-engine,SEV3,resolved,2024-06-25 00:46:20,2024-06-25 06:25:23.348974628,Incident on billing-engine triggered by a memory leak in a recent release.,An upstream dependency exceeded its SLA during a regional failover.
INC-001702,notification-service,SEV4,resolved,2025-03-14 21:33:58,2025-03-15 01:11:50.705470120,Incident on notification-service triggered by a memory leak in a recent release.,A credential rotation job failed silently.
INC-001703,api-gateway,SEV4,mitigated,2025-12-24 13:37:52,2025-12-24 20:00:32.092666648,Incident on api-gateway triggered by a memory leak in a recent release.,An upstream dependency exceeded its SLA during a regional failover.
INC-001704,fraud-detection,SEV2,resolved,2024-03-30 22:17:38,2024-03-31 03:03:48.278565212,Incident on fraud-detection triggered by elevated traffic beyond provisioned capacity.,An upstream dependency exceeded its SLA during a regional failover.
INC-001705,auth-service,SEV2,resolved,2024-12-04 15:08:47,2024-12-04 17:01:16.490851220,Incident on auth-service triggered by database connection pool exhaustion.,Capacity was not scaled ahead of a known traffic event.
INC-001706,notification-service,SEV4,mitigated,2025-12-07 16:21:39,2025-12-07 18:41:38.310720708,Incident on notification-service triggered by network partition between regions.,A credential rotation job failed silently.
INC-001707,customer-portal,SEV4,resolved,2025-09-01 11:01:45,2025-09-01 18:30:00.052612410,Incident on customer-portal triggered by network partition between regions.,A credential rotation job failed silently.
INC-001708,billing-engine,SEV1,resolved,2024-11-29 17:05:48,2024-11-30 01:41:28.356914886,Incident on billing-engine triggered by network partition between regions.,Insufficient connection pool sizing for peak load.
INC-001709,fraud-detection,SEV4,resolved,2025-12-18 00:08:38,2025-12-18 02:31:22.892872196,Incident on fraud-detection triggered by a memory leak in a recent release.,An upstream dependency exceeded its SLA during a regional failover.
INC-001710,notification-service,SEV4,resolved,2024-10-26 10:01:17,2024-10-26 15:49:04.467256532,Incident on notification-service triggered by an unhandled exception in a new code path.,A memory leak introduced in the previous release caused gradual degradation.
INC-001711,analytics-pipeline,SEV4,resolved,2024-10-17 12:04:55,2024-10-17 19:08:46.454464378,Incident on analytics-pipeline triggered by database connection pool exhaustion.,A credential rotation job failed silently.
INC-001712,billing-engine,SEV3,resolved,2024-09-15 09:12:19,2024-09-15 09:59:43.534995844,Incident on billing-engine triggered by a memory leak in a recent release.,A configuration change was deployed without a canary rollout.
INC-001713,auth-service,SEV4,resolved,2025-08-07 18:42:29,2025-08-08 03:56:47.111038316,Incident on auth-service triggered by an unhandled exception in a new code path.,Capacity was not scaled ahead of a known traffic event.
INC-001714,billing-engine,SEV3,resolved,2024-04-04 03:53:21,2024-04-04 11:57:40.946047026,Incident on billing-engine triggered by a misconfigured deployment.,An upstream dependency exceeded its SLA during a regional failover.
INC-001715,search-service,SEV4,resolved,2025-01-15 01:09:37,2025-01-15 10:58:54.537618076,Incident on search-service triggered by a downstream dependency timeout.,A configuration change was deployed without a canary rollout.
INC-001716,recommendation-engine,SEV2,mitigated,2025-05-02 08:40:39,2025-05-02 16:55:20.589137742,Incident on recommendation-engine triggered by a downstream dependency timeout.,A credential rotation job failed silently.
INC-001717,reporting-dashboard,SEV4,open,2024-07-05 01:47:28,,Incident on reporting-dashboard triggered by an unhandled exception in a new code path.,
INC-001718,api-gateway,SEV4,resolved,2025-04-23 17:27:04,2025-04-23 17:46:43.262262772,Incident on api-gateway triggered by a memory leak in a recent release.,A configuration change was deployed without a canary rollout.
INC-001719,order-service,SEV4,open,2025-02-11 02:27:26,,Incident on order-service triggered by network partition between regions.,
INC-001720,customer-portal,SEV1,resolved,2025-01-02 20:56:19,2025-01-02 21:55:30.635711500,Incident on customer-portal triggered by network partition between regions.,A memory leak introduced in the previous release caused gradual degradation.
INC-001721,recommendation-engine,SEV3,resolved,2024-09-14 21:05:19,2024-09-15 02:38:07.866639520,Incident on recommendation-engine triggered by a downstream dependency timeout.,Capacity was not scaled ahead of a known traffic event.
INC-001722,fraud-detection,SEV2,resolved,2025-09-15 18:04:54,2025-09-16 02:19:22.408832088,Incident on fraud-detection triggered by a memory leak in a recent release.,Capacity was not scaled ahead of a known traffic event.
INC-001723,inventory-service,SEV4,resolved,2025-03-24 01:00:48,2025-03-24 09:26:32.170883082,Incident on inventory-service triggered by a memory leak in a recent release.,A configuration change was deployed without a canary rollout.
INC-001724,auth-service,SEV2,resolved,2025-09-04 15:00:09,2025-09-05 00:35:07.160349876,Incident on auth-service triggered by database connection pool exhaustion.,A credential rotation job failed silently.
INC-001725,notification-service,SEV4,resolved,2024-03-06 09:15:33,2024-03-06 18:22:37.044742764,Incident on notification-service triggered by a downstream dependency timeout.,A credential rotation job failed silently.
INC-001726,auth-service,SEV3,open,2024-06-02 05:00:23,,Incident on auth-service triggered by a misconfigured deployment.,
INC-001727,billing-engine,SEV3,resolved,2024-02-27 08:32:35,2024-02-27 13:38:56.419888412,Incident on billing-engine triggered by a downstream dependency timeout.,A memory leak introduced in the previous release caused gradual degradation.
INC-001728,notification-service,SEV4,resolved,2024-12-15 05:21:18,2024-12-15 11:06:55.351876602,Incident on notification-service triggered by a misconfigured deployment.,Insufficient connection pool sizing for peak load.
INC-001729,inventory-service,SEV4,open,2025-11-16 05:15:00,,Incident on inventory-service triggered by a misconfigured deployment.,
INC-001730,notification-service,SEV4,open,2025-12-27 21:28:46,,Incident on notification-service triggered by an expired credential.,
INC-001731,warehouse-management,SEV3,resolved,2025-06-19 14:18:42,2025-06-19 19:17:23.113216524,Incident on warehouse-management triggered by a memory leak in a recent release.,Capacity was not scaled ahead of a known traffic event.
INC-001732,analytics-pipeline,SEV3,resolved,2025-11-22 08:38:08,2025-11-22 16:58:54.858499502,Incident on analytics-pipeline triggered by a downstream dependency timeout.,Insufficient connection pool sizing for peak load.
INC-001733,customer-portal,SEV4,resolved,2024-02-07 21:05:52,2024-02-08 00:29:10.604206630,Incident on customer-portal triggered by a downstream dependency timeout.,Capacity was not scaled ahead of a known traffic event.
INC-001734,customer-portal,SEV3,resolved,2025-11-29 13:05:51,2025-11-29 14:32:07.189425378,Incident on customer-portal triggered by an expired credential.,A credential rotation job failed silently.
INC-001735,auth-service,SEV4,resolved,2025-02-10 06:57:28,2025-02-10 16:50:12.978851002,Incident on auth-service triggered by an unhandled exception in a new code path.,Insufficient connection pool sizing for peak load.
INC-001736,order-service,SEV2,resolved,2025-05-22 16:58:04,2025-05-23 00:44:30.221102044,Incident on order-service triggered by a misconfigured deployment.,An upstream dependency exceeded its SLA during a regional failover.
INC-001737,warehouse-management,SEV3,mitigated,2025-02-03 03:37:08,2025-02-03 07:11:35.216961170,Incident on warehouse-management triggered by a downstream dependency timeout.,Insufficient connection pool sizing for peak load.
INC-001738,shipping-tracker,SEV3,mitigated,2025-09-08 16:35:26,2025-09-08 22:02:39.875745578,Incident on shipping-tracker triggered by elevated traffic beyond provisioned capacity.,Insufficient connection pool sizing for peak load.
INC-001739,reporting-dashboard,SEV1,mitigated,2025-11-24 10:47:57,2025-11-24 20:04:26.589154554,Incident on reporting-dashboard triggered by an expired credential.,A memory leak introduced in the previous release caused gradual degradation.
INC-001740,order-service,SEV4,resolved,2025-09-01 20:19:44,2025-09-02 02:00:01.339060070,Incident on order-service triggered by elevated traffic beyond provisioned capacity.,A configuration change was deployed without a canary rollout.
INC-001741,recommendation-engine,SEV4,resolved,2024-04-13 11:12:22,2024-04-13 14:49:53.416416772,Incident on recommendation-engine triggered by an expired credential.,A configuration change was deployed without a canary rollout.
INC-001742,warehouse-management,SEV2,resolved,2024-05-01 19:00:59,2024-05-02 00:43:46.402569524,Incident on warehouse-management triggered by network partition between regions.,An upstream dependency exceeded its SLA during a regional failover.
INC-001743,auth-service,SEV4,resolved,2024-06-25 21:17:32,2024-06-25 22:24:56.229927506,Incident on auth-service triggered by a downstream dependency timeout.,A credential rotation job failed silently.
INC-001744,analytics-pipeline,SEV3,resolved,2024-01-29 00:35:28,2024-01-29 04:48:23.074961170,Incident on analytics-pipeline triggered by a downstream dependency timeout.,Insufficient connection pool sizing for peak load.
INC-001745,auth-service,SEV4,resolved,2024-10-15 15:39:17,2024-10-16 00:26:56.083398590,Incident on auth-service triggered by an unhandled exception in a new code path.,Capacity was not scaled ahead of a known traffic event.
INC-001746,notification-service,SEV3,mitigated,2025-12-12 07:00:34,2025-12-12 08:46:37.385426968,Incident on notification-service triggered by an expired credential.,Capacity was not scaled ahead of a known traffic event.
INC-001747,fraud-detection,SEV2,mitigated,2024-02-27 17:38:00,2024-02-28 02:39:54.817134960,Incident on fraud-detection triggered by an unhandled exception in a new code path.,A configuration change was deployed without a canary rollout.
INC-001748,fraud-detection,SEV4,resolved,2024-03-10 01:51:35,2024-03-10 05:26:29.367908678,Incident on fraud-detection triggered by an expired credential.,Capacity was not scaled ahead of a known traffic event.
INC-001749,shipping-tracker,SEV1,mitigated,2024-09-15 12:20:37,2024-09-15 21:04:10.973357350,Incident on shipping-tracker triggered by a downstream dependency timeout.,Capacity was not scaled ahead of a known traffic event.
INC-001750,search-service,SEV3,resolved,2024-12-04 00:16:36,2024-12-04 06:50:02.441476080,Incident on search-service triggered by an unhandled exception in a new code path.,A credential rotation job failed silently.
INC-001751,customer-portal,SEV2,resolved,2025-04-24 12:03:39,2025-04-24 15:42:26.005437180,Incident on customer-portal triggered by database connection pool exhaustion.,Capacity was not scaled ahead of a known traffic event.
INC-001752,shipping-tracker,SEV4,resolved,2025-01-02 18:33:11,2025-01-02 19:45:18.212867942,Incident on shipping-tracker triggered by a downstream dependency timeout.,A configuration change was deployed without a canary rollout.
INC-001753,search-service,SEV3,resolved,2024-05-01 10:21:11,2024-05-01 16:23:58.683296834,Incident on search-service triggered by database connection pool exhaustion.,An upstream dependency exceeded its SLA during a regional failover.
INC-001754,notification-service,SEV4,open,2024-11-23 17:20:55,,Incident on notification-service triggered by elevated traffic beyond provisioned capacity.,
INC-001755,billing-engine,SEV2,open,2024-09-27 02:26:40,,Incident on billing-engine triggered by a downstream dependency timeout.,
INC-001756,fraud-detection,SEV3,resolved,2025-11-07 11:48:47,2025-11-07 19:19:53.956011116,Incident on fraud-detection triggered by an unhandled exception in a new code path.,A memory leak introduced in the previous release caused gradual degradation.
INC-001757,shipping-tracker,SEV2,resolved,2025-03-30 03:29:03,2025-03-30 08:27:45.333638898,Incident on shipping-tracker triggered by a downstream dependency timeout.,Insufficient connection pool sizing for peak load.
INC-001758,payment-gateway,SEV2,mitigated,2025-06-24 13:33:11,2025-06-24 22:07:18.287583626,Incident on payment-gateway triggered by database connection pool exhaustion.,An upstream dependency exceeded its SLA during a regional failover.
INC-001759,billing-engine,SEV1,resolved,2024-04-21 22:11:34,2024-04-22 08:02:25.475230246,Incident on billing-engine triggered by a memory leak in a recent release.,Insufficient connection pool sizing for peak load.
INC-001760,api-gateway,SEV3,resolved,2024-05-18 19:06:08,2024-05-19 02:55:59.429211986,Incident on api-gateway triggered by database connection pool exhaustion.,An upstream dependency exceeded its SLA during a regional failover.
INC-001761,payment-gateway,SEV4,resolved,2025-08-11 15:09:56,2025-08-11 20:49:28.418835338,Incident on payment-gateway triggered by an unhandled exception in a new code path.,A configuration change was deployed without a canary rollout.
INC-001762,analytics-pipeline,SEV4,resolved,2024-06-03 21:01:41,2024-06-04 01:03:10.783922378,Incident on analytics-pipeline triggered by database connection pool exhaustion.,An upstream dependency exceeded its SLA during a regional failover.
INC-001763,order-service,SEV4,resolved,2025-08-31 16:36:18,2025-08-31 18:26:55.666786944,Incident on order-service triggered by elevated traffic beyond provisioned capacity.,An upstream dependency exceeded its SLA during a regional failover.
INC-001764,shipping-tracker,SEV4,open,2024-04-01 10:18:14,,Incident on shipping-tracker triggered by an expired credential.,
INC-001765,shipping-tracker,SEV4,resolved,2024-06-15 19:08:53,2024-06-15 21:14:14.325079724,Incident on shipping-tracker triggered by an expired credential.,A configuration change was deployed without a canary rollout.
INC-001766,recommendation-engine,SEV2,mitigated,2024-07-17 18:59:29,2024-07-18 03:34:13.660800542,Incident on recommendation-engine triggered by an unhandled exception in a new code path.,Insufficient connection pool sizing for peak load.
INC-001767,analytics-pipeline,SEV4,resolved,2025-05-26 04:16:50,2025-05-26 08:01:59.636136902,Incident on analytics-pipeline triggered by an expired credential.,A credential rotation job failed silently.
INC-001768,billing-engine,SEV3,resolved,2025-03-25 00:24:21,2025-03-25 06:24:33.127426116,Incident on billing-engine triggered by elevated traffic beyond provisioned capacity.,A memory leak introduced in the previous release caused gradual degradation.
INC-001769,reporting-dashboard,SEV3,resolved,2025-02-02 11:10:21,2025-02-02 13:28:16.410106674,Incident on reporting-dashboard triggered by an expired credential.,A memory leak introduced in the previous release caused gradual degradation.
INC-001770,order-service,SEV4,resolved,2024-08-28 23:01:03,2024-08-29 01:48:35.803616238,Incident on order-service triggered by a downstream dependency timeout.,A configuration change was deployed without a canary rollout.
INC-001771,search-service,SEV3,resolved,2025-09-10 06:50:02,2025-09-10 08:44:24.336413678,Incident on search-service triggered by a misconfigured deployment.,A configuration change was deployed without a canary rollout.
INC-001772,analytics-pipeline,SEV3,resolved,2024-10-02 06:31:57,2024-10-02 16:08:31.479566832,Incident on analytics-pipeline triggered by a misconfigured deployment.,Insufficient connection pool sizing for peak load.
INC-001773,warehouse-management,SEV3,resolved,2024-04-08 12:11:19,2024-04-08 14:51:50.366043003,Incident on warehouse-management triggered by network partition between regions.,A memory leak introduced in the previous release caused gradual degradation.
INC-001774,fraud-detection,SEV4,resolved,2024-03-21 23:28:21,2024-03-22 05:15:05.232784548,Incident on fraud-detection triggered by a misconfigured deployment.,An upstream dependency exceeded its SLA during a regional failover.
INC-001775,reporting-dashboard,SEV3,resolved,2025-12-08 02:30:49,2025-12-08 03:07:21.069415497,Incident on reporting-dashboard triggered by a memory leak in a recent release.,Insufficient connection pool sizing for peak load.
INC-001776,payment-gateway,SEV3,resolved,2025-05-24 20:17:26,2025-05-25 06:08:08.140734602,Incident on payment-gateway triggered by a memory leak in a recent release.,Capacity was not scaled ahead of a known traffic event.
INC-001777,reporting-dashboard,SEV4,resolved,2024-12-16 23:11:39,2024-12-17 04:45:31.508951670,Incident on reporting-dashboard triggered by elevated traffic beyond provisioned capacity.,A configuration change was deployed without a canary rollout.
INC-001778,recommendation-engine,SEV3,resolved,2025-07-20 00:27:07,2025-07-20 01:21:12.398123710,Incident on recommendation-engine triggered by a memory leak in a recent release.,Capacity was not scaled ahead of a known traffic event.
INC-001779,shipping-tracker,SEV4,resolved,2024-09-12 05:37:52,2024-09-12 08:51:23.356131970,Incident on shipping-tracker triggered by a misconfigured deployment.,An upstream dependency exceeded its SLA during a regional failover.
INC-001780,order-service,SEV3,resolved,2025-07-23 12:05:09,2025-07-23 14:24:14.497818630,Incident on order-service triggered by an unhandled exception in a new code path.,Insufficient connection pool sizing for peak load.
INC-001781,analytics-pipeline,SEV3,resolved,2025-11-09 00:04:20,2025-11-09 06:17:21.787720490,Incident on analytics-pipeline triggered by an expired credential.,A memory leak introduced in the previous release caused gradual degradation.
INC-001782,auth-service,SEV1,resolved,2024-03-17 08:40:00,2024-03-17 12:42:25.488446340,Incident on auth-service triggered by network partition between regions.,A credential rotation job failed silently.
INC-001783,warehouse-management,SEV4,resolved,2025-07-22 17:54:34,2025-07-22 23:41:19.665442732,Incident on warehouse-management triggered by network partition between regions.,A memory leak introduced in the previous release caused gradual degradation.
INC-001784,shipping-tracker,SEV1,mitigated,2025-03-07 20:32:51,2025-03-08 04:10:40.170311568,Incident on shipping-tracker triggered by network partition between regions.,An upstream dependency exceeded its SLA during a regional failover.
INC-001785,fraud-detection,SEV1,resolved,2024-09-08 17:24:06,2024-09-08 22:43:00.957125382,Incident on fraud-detection triggered by a downstream dependency timeout.,Insufficient connection pool sizing for peak load.
INC-001786,search-service,SEV3,mitigated,2024-07-26 12:22:59,2024-07-26 13:52:36.294351686,Incident on search-service triggered by elevated traffic beyond provisioned capacity.,An upstream dependency exceeded its SLA during a regional failover.
INC-001787,analytics-pipeline,SEV4,resolved,2025-06-28 14:59:01,2025-06-29 00:26:26.331179866,Incident on analytics-pipeline triggered by network partition between regions.,A configuration change was deployed without a canary rollout.
INC-001788,auth-service,SEV4,resolved,2024-12-24 14:26:14,2024-12-24 18:25:06.573730688,Incident on auth-service triggered by network partition between regions.,A configuration change was deployed without a canary rollout.
INC-001789,analytics-pipeline,SEV2,resolved,2025-06-18 09:55:11,2025-06-18 15:52:28.875163214,Incident on analytics-pipeline triggered by elevated traffic beyond provisioned capacity.,Capacity was not scaled ahead of a known traffic event.
INC-001790,billing-engine,SEV2,resolved,2024-08-01 18:05:28,2024-08-02 02:00:03.868607122,Incident on billing-engine triggered by an unhandled exception in a new code path.,Insufficient connection pool sizing for peak load.
INC-001791,search-service,SEV2,open,2024-08-06 04:32:59,,Incident on search-service triggered by elevated traffic beyond provisioned capacity.,
INC-001792,shipping-tracker,SEV1,resolved,2025-11-28 11:41:21,2025-11-28 20:53:10.318084122,Incident on shipping-tracker triggered by a memory leak in a recent release.,A configuration change was deployed without a canary rollout.
INC-001793,customer-portal,SEV2,resolved,2024-08-05 04:11:50,2024-08-05 07:10:42.416865296,Incident on customer-portal triggered by an unhandled exception in a new code path.,A memory leak introduced in the previous release caused gradual degradation.
INC-001794,api-gateway,SEV2,resolved,2025-10-09 20:09:29,2025-10-10 05:41:37.482020324,Incident on api-gateway triggered by a memory leak in a recent release.,An upstream dependency exceeded its SLA during a regional failover.
INC-001795,search-service,SEV3,mitigated,2024-07-24 08:12:56,2024-07-24 14:10:11.227541707,Incident on search-service triggered by an unhandled exception in a new code path.,A credential rotation job failed silently.
INC-001796,search-service,SEV3,mitigated,2025-02-28 21:22:02,2025-03-01 05:06:34.849660898,Incident on search-service triggered by a downstream dependency timeout.,A credential rotation job failed silently.
INC-001797,warehouse-management,SEV4,mitigated,2025-02-25 10:13:05,2025-02-25 17:19:44.740719752,Incident on warehouse-management triggered by network partition between regions.,A memory leak introduced in the previous release caused gradual degradation.
INC-001798,shipping-tracker,SEV3,mitigated,2024-11-16 12:32:10,2024-11-16 16:44:28.564483066,Incident on shipping-tracker triggered by an expired credential.,A configuration change was deployed without a canary rollout.
INC-001799,billing-engine,SEV3,resolved,2025-08-12 07:30:31,2025-08-12 13:53:56.462307358,Incident on billing-engine triggered by elevated traffic beyond provisioned capacity.,A memory leak introduced in the previous release caused gradual degradation.
INC-001800,order-service,SEV4,open,2025-11-17 03:48:43,,Incident on order-service triggered by an expired credential.,
INC-001801,customer-portal,SEV2,mitigated,2024-01-08 16:34:00,2024-01-09 01:26:49.478908062,Incident on customer-portal triggered by an expired credential.,An upstream dependency exceeded its SLA during a regional failover.
INC-001802,warehouse-management,SEV4,mitigated,2024-05-18 07:29:21,2024-05-18 14:39:35.710311426,Incident on warehouse-management triggered by an unhandled exception in a new code path.,A credential rotation job failed silently.
INC-001803,shipping-tracker,SEV2,resolved,2025-09-12 21:53:02,2025-09-13 04:44:42.076212254,Incident on shipping-tracker triggered by database connection pool exhaustion.,A configuration change was deployed without a canary rollout.
INC-001804,auth-service,SEV4,open,2024-10-26 16:47:06,,Incident on auth-service triggered by network partition between regions.,
INC-001805,billing-engine,SEV3,resolved,2025-04-23 20:01:11,2025-04-23 21:50:46.560405008,Incident on billing-engine triggered by network partition between regions.,Insufficient connection pool sizing for peak load.
INC-001806,payment-gateway,SEV2,resolved,2025-06-18 16:17:53,2025-06-18 21:11:49.195305908,Incident on payment-gateway triggered by a misconfigured deployment.,Insufficient connection pool sizing for peak load.
INC-001807,reporting-dashboard,SEV3,resolved,2024-03-06 14:52:34,2024-03-06 20:07:39.572716978,Incident on reporting-dashboard triggered by a memory leak in a recent release.,Capacity was not scaled ahead of a known traffic event.
INC-001808,billing-engine,SEV4,mitigated,2024-01-10 04:11:38,2024-01-10 12:56:42.570998054,Incident on billing-engine triggered by a downstream dependency timeout.,A credential rotation job failed silently.
INC-001809,order-service,SEV4,mitigated,2024-11-26 07:50:06,2024-11-26 12:55:18.265367256,Incident on order-service triggered by network partition between regions.,An upstream dependency exceeded its SLA during a regional failover.
INC-001810,payment-gateway,SEV1,mitigated,2024-07-26 00:20:18,2024-07-26 05:12:52.811494458,Incident on payment-gateway triggered by a misconfigured deployment.,Capacity was not scaled ahead of a known traffic event.
INC-001811,warehouse-management,SEV1,mitigated,2025-08-05 23:17:33,2025-08-06 08:01:13.754584140,Incident on warehouse-management triggered by network partition between regions.,Insufficient connection pool sizing for peak load.
INC-001812,search-service,SEV4,resolved,2024-10-21 19:19:57,2024-10-22 02:43:53.846894910,Incident on search-service triggered by an unhandled exception in a new code path.,A memory leak introduced in the previous release caused gradual degradation.
INC-001813,shipping-tracker,SEV1,resolved,2025-07-08 08:27:28,2025-07-08 08:50:54.684602620,Incident on shipping-tracker triggered by elevated traffic beyond provisioned capacity.,A memory leak introduced in the previous release caused gradual degradation.
INC-001814,analytics-pipeline,SEV4,resolved,2024-06-12 01:17:20,2024-06-12 10:03:29.602729850,Incident on analytics-pipeline triggered by database connection pool exhaustion.,A credential rotation job failed silently.
INC-001815,shipping-tracker,SEV3,open,2024-08-13 05:30:16,,Incident on shipping-tracker triggered by a memory leak in a recent release.,
INC-001816,search-service,SEV3,mitigated,2025-05-11 23:00:56,2025-05-11 23:28:20.897977154,Incident on search-service triggered by an unhandled exception in a new code path.,A credential rotation job failed silently.
INC-001817,recommendation-engine,SEV3,resolved,2024-01-25 10:17:20,2024-01-25 14:42:39.601647122,Incident on recommendation-engine triggered by an unhandled exception in a new code path.,A configuration change was deployed without a canary rollout.
INC-001818,order-service,SEV2,mitigated,2025-10-30 17:15:11,2025-10-31 01:33:05.431563200,Incident on order-service triggered by a memory leak in a recent release.,A credential rotation job failed silently.
INC-001819,api-gateway,SEV2,resolved,2024-10-24 06:18:19,2024-10-24 08:52:16.685700340,Incident on api-gateway triggered by a misconfigured deployment.,A memory leak introduced in the previous release caused gradual degradation.
INC-001820,notification-service,SEV2,resolved,2024-02-07 06:39:32,2024-02-07 14:36:10.482370544,Incident on notification-service triggered by elevated traffic beyond provisioned capacity.,Capacity was not scaled ahead of a known traffic event.
INC-001821,reporting-dashboard,SEV4,resolved,2025-01-04 06:27:19,2025-01-04 10:37:02.951077060,Incident on reporting-dashboard triggered by a downstream dependency timeout.,Capacity was not scaled ahead of a known traffic event.
INC-001822,analytics-pipeline,SEV3,resolved,2025-05-27 17:02:00,2025-05-28 01:35:39.992949300,Incident on analytics-pipeline triggered by elevated traffic beyond provisioned capacity.,A credential rotation job failed silently.
INC-001823,notification-service,SEV3,resolved,2024-08-12 00:05:07,2024-08-12 06:14:14.530073680,Incident on notification-service triggered by database connection pool exhaustion.,Capacity was not scaled ahead of a known traffic event.
INC-001824,customer-portal,SEV4,resolved,2025-05-23 23:09:53,2025-05-24 01:05:24.514364660,Incident on customer-portal triggered by a misconfigured deployment.,A configuration change was deployed without a canary rollout.
INC-001825,order-service,SEV4,resolved,2025-05-26 02:13:29,2025-05-26 06:59:46.409383160,Incident on order-service triggered by database connection pool exhaustion.,A configuration change was deployed without a canary rollout.
INC-001826,reporting-dashboard,SEV3,mitigated,2024-12-09 08:43:23,2024-12-09 17:33:23.438896508,Incident on reporting-dashboard triggered by a memory leak in a recent release.,An upstream dependency exceeded its SLA during a regional failover.
INC-001827,analytics-pipeline,SEV2,resolved,2025-07-19 12:11:12,2025-07-19 16:38:29.309014518,Incident on analytics-pipeline triggered by a misconfigured deployment.,A credential rotation job failed silently.
INC-001828,api-gateway,SEV4,open,2025-10-17 14:06:57,,Incident on api-gateway triggered by network partition between regions.,
INC-001829,analytics-pipeline,SEV3,resolved,2024-09-20 03:47:38,2024-09-20 12:48:32.753370950,Incident on analytics-pipeline triggered by a downstream dependency timeout.,A memory leak introduced in the previous release caused gradual degradation.
INC-001830,analytics-pipeline,SEV4,resolved,2024-06-09 22:11:33,2024-06-10 05:09:40.447717842,Incident on analytics-pipeline triggered by a misconfigured deployment.,An upstream dependency exceeded its SLA during a regional failover.
INC-001831,payment-gateway,SEV4,resolved,2024-04-20 07:48:05,2024-04-20 14:49:47.409440660,Incident on payment-gateway triggered by an expired credential.,A credential rotation job failed silently.
INC-001832,api-gateway,SEV2,resolved,2025-03-07 20:13:16,2025-03-08 01:53:03.965329876,Incident on api-gateway triggered by a memory leak in a recent release.,A configuration change was deployed without a canary rollout.
INC-001833,billing-engine,SEV2,open,2025-01-21 17:57:19,,Incident on billing-engine triggered by network partition between regions.,
INC-001834,notification-service,SEV4,resolved,2025-09-01 07:01:47,2025-09-01 07:17:50.055399686,Incident on notification-service triggered by an expired credential.,A credential rotation job failed silently.
INC-001835,payment-gateway,SEV4,resolved,2024-04-07 01:59:18,2024-04-07 05:28:20.773976898,Incident on payment-gateway triggered by elevated traffic beyond provisioned capacity.,A memory leak introduced in the previous release caused gradual degradation.
INC-001836,payment-gateway,SEV4,open,2024-03-26 16:30:56,,Incident on payment-gateway triggered by an expired credential.,
INC-001837,search-service,SEV4,resolved,2024-04-06 14:15:29,2024-04-06 17:02:59.394766232,Incident on search-service triggered by network partition between regions.,A configuration change was deployed without a canary rollout.
INC-001838,analytics-pipeline,SEV3,mitigated,2024-06-15 07:45:26,2024-06-15 13:04:06.933556250,Incident on analytics-pipeline triggered by network partition between regions.,A credential rotation job failed silently.
INC-001839,notification-service,SEV1,open,2024-12-07 13:42:47,,Incident on notification-service triggered by an unhandled exception in a new code path.,
INC-001840,reporting-dashboard,SEV2,resolved,2024-09-08 19:19:04,2024-09-08 23:49:25.307275408,Incident on reporting-dashboard triggered by database connection pool exhaustion.,An upstream dependency exceeded its SLA during a regional failover.
INC-001841,api-gateway,SEV2,resolved,2024-01-24 11:27:08,2024-01-24 15:07:10.958100884,Incident on api-gateway triggered by elevated traffic beyond provisioned capacity.,A memory leak introduced in the previous release caused gradual degradation.
INC-001842,reporting-dashboard,SEV1,mitigated,2024-06-09 08:12:50,2024-06-09 12:48:20.141290736,Incident on reporting-dashboard triggered by an unhandled exception in a new code path.,A memory leak introduced in the previous release caused gradual degradation.
INC-001843,notification-service,SEV2,resolved,2025-03-07 00:38:25,2025-03-07 04:27:52.272691084,Incident on notification-service triggered by an expired credential.,Insufficient connection pool sizing for peak load.
INC-001844,api-gateway,SEV2,resolved,2024-09-14 10:45:02,2024-09-14 16:17:06.265812733,Incident on api-gateway triggered by an unhandled exception in a new code path.,A memory leak introduced in the previous release caused gradual degradation.
INC-001845,auth-service,SEV4,mitigated,2025-06-03 23:48:01,2025-06-04 06:02:27.473416168,Incident on auth-service triggered by an expired credential.,A credential rotation job failed silently.
INC-001846,shipping-tracker,SEV3,mitigated,2025-06-01 01:17:42,2025-06-01 05:52:18.444036816,Incident on shipping-tracker triggered by database connection pool exhaustion.,Capacity was not scaled ahead of a known traffic event.
INC-001847,recommendation-engine,SEV4,resolved,2024-10-13 02:55:53,2024-10-13 11:01:25.408361845,Incident on recommendation-engine triggered by network partition between regions.,A credential rotation job failed silently.
INC-001848,notification-service,SEV4,resolved,2025-01-29 21:08:51,2025-01-30 04:01:54.358353810,Incident on notification-service triggered by a misconfigured deployment.,Capacity was not scaled ahead of a known traffic event.
INC-001849,inventory-service,SEV3,resolved,2024-10-13 12:34:54,2024-10-13 19:57:21.646569474,Incident on inventory-service triggered by a misconfigured deployment.,Capacity was not scaled ahead of a known traffic event.
INC-001850,analytics-pipeline,SEV3,resolved,2024-05-28 20:51:13,2024-05-29 00:30:23.671587790,Incident on analytics-pipeline triggered by elevated traffic beyond provisioned capacity.,A configuration change was deployed without a canary rollout.
INC-001851,fraud-detection,SEV2,mitigated,2024-10-02 17:22:46,2024-10-02 23:44:21.830107348,Incident on fraud-detection triggered by an expired credential.,An upstream dependency exceeded its SLA during a regional failover.
INC-001852,inventory-service,SEV4,resolved,2025-06-04 20:19:02,2025-06-05 00:10:39.598126778,Incident on inventory-service triggered by network partition between regions.,A configuration change was deployed without a canary rollout.
INC-001853,inventory-service,SEV4,resolved,2025-03-07 00:58:19,2025-03-07 03:46:12.522272620,Incident on inventory-service triggered by an unhandled exception in a new code path.,Insufficient connection pool sizing for peak load.
INC-001854,payment-gateway,SEV2,resolved,2024-02-13 21:20:34,2024-02-14 07:02:57.427398922,Incident on payment-gateway triggered by an expired credential.,An upstream dependency exceeded its SLA during a regional failover.
INC-001855,auth-service,SEV4,mitigated,2025-04-14 20:20:18,2025-04-15 04:28:25.471189488,Incident on auth-service triggered by network partition between regions.,A credential rotation job failed silently.
INC-001856,notification-service,SEV3,resolved,2024-07-11 21:53:34,2024-07-11 22:14:47.077808656,Incident on notification-service triggered by a misconfigured deployment.,A configuration change was deployed without a canary rollout.
INC-001857,customer-portal,SEV4,mitigated,2025-10-05 09:01:06,2025-10-05 16:11:58.744563600,Incident on customer-portal triggered by an unhandled exception in a new code path.,An upstream dependency exceeded its SLA during a regional failover.
INC-001858,payment-gateway,SEV3,open,2024-08-13 04:52:46,,Incident on payment-gateway triggered by elevated traffic beyond provisioned capacity.,
INC-001859,order-service,SEV4,resolved,2024-03-20 22:27:44,2024-03-21 05:09:17.837062231,Incident on order-service triggered by a misconfigured deployment.,A credential rotation job failed silently.
INC-001860,analytics-pipeline,SEV3,resolved,2024-09-12 18:00:24,2024-09-12 19:25:34.806579264,Incident on analytics-pipeline triggered by a misconfigured deployment.,Capacity was not scaled ahead of a known traffic event.
INC-001861,api-gateway,SEV4,mitigated,2024-10-19 04:36:20,2024-10-19 10:24:45.520732700,Incident on api-gateway triggered by database connection pool exhaustion.,A memory leak introduced in the previous release caused gradual degradation.
INC-001862,search-service,SEV4,resolved,2024-11-05 15:43:47,2024-11-06 00:13:38.697510038,Incident on search-service triggered by a memory leak in a recent release.,Capacity was not scaled ahead of a known traffic event.
INC-001863,api-gateway,SEV4,resolved,2025-10-27 19:03:18,2025-10-27 21:05:43.142024076,Incident on api-gateway triggered by a downstream dependency timeout.,Capacity was not scaled ahead of a known traffic event.
INC-001864,recommendation-engine,SEV3,open,2025-12-27 10:39:51,,Incident on recommendation-engine triggered by elevated traffic beyond provisioned capacity.,
INC-001865,customer-portal,SEV3,resolved,2024-06-23 15:21:56,2024-06-23 19:10:59.114183696,Incident on customer-portal triggered by a downstream dependency timeout.,A configuration change was deployed without a canary rollout.
INC-001866,reporting-dashboard,SEV3,resolved,2025-03-02 21:25:56,2025-03-03 03:49:23.459813150,Incident on reporting-dashboard triggered by an unhandled exception in a new code path.,A configuration change was deployed without a canary rollout.
INC-001867,order-service,SEV4,resolved,2025-03-13 08:07:59,2025-03-13 12:22:13.974392570,Incident on order-service triggered by network partition between regions.,A configuration change was deployed without a canary rollout.
INC-001868,search-service,SEV4,mitigated,2024-10-17 19:36:28,2024-10-18 03:17:55.723312426,Incident on search-service triggered by database connection pool exhaustion.,A credential rotation job failed silently.
INC-001869,order-service,SEV4,resolved,2024-08-29 08:00:15,2024-08-29 17:06:38.934199494,Incident on order-service triggered by database connection pool exhaustion.,A credential rotation job failed silently.
INC-001870,fraud-detection,SEV4,resolved,2024-08-03 22:16:12,2024-08-04 05:10:05.211744342,Incident on fraud-detection triggered by an unhandled exception in a new code path.,Capacity was not scaled ahead of a known traffic event.
INC-001871,notification-service,SEV3,resolved,2025-10-04 09:18:21,2025-10-04 15:10:14.450407992,Incident on notification-service triggered by a memory leak in a recent release.,Insufficient connection pool sizing for peak load.
INC-001872,notification-service,SEV4,resolved,2025-08-24 10:52:06,2025-08-24 13:37:28.982839788,Incident on notification-service triggered by a misconfigured deployment.,An upstream dependency exceeded its SLA during a regional failover.
INC-001873,inventory-service,SEV3,resolved,2024-08-25 09:30:56,2024-08-25 19:00:27.376705238,Incident on inventory-service triggered by a misconfigured deployment.,Capacity was not scaled ahead of a known traffic event.
INC-001874,analytics-pipeline,SEV4,mitigated,2024-03-18 00:12:29,2024-03-18 01:32:19.042695464,Incident on analytics-pipeline triggered by a misconfigured deployment.,A memory leak introduced in the previous release caused gradual degradation.
INC-001875,customer-portal,SEV4,resolved,2025-05-24 13:26:16,2025-05-24 17:13:29.509999012,Incident on customer-portal triggered by elevated traffic beyond provisioned capacity.,A memory leak introduced in the previous release caused gradual degradation.
INC-001876,auth-service,SEV4,mitigated,2024-11-02 16:26:41,2024-11-02 18:55:40.057485080,Incident on auth-service triggered by elevated traffic beyond provisioned capacity.,A configuration change was deployed without a canary rollout.
INC-001877,warehouse-management,SEV4,mitigated,2024-02-23 23:50:50,2024-02-24 00:26:22.420056571,Incident on warehouse-management triggered by elevated traffic beyond provisioned capacity.,Capacity was not scaled ahead of a known traffic event.
INC-001878,payment-gateway,SEV4,resolved,2025-08-19 00:07:28,2025-08-19 08:31:07.456856776,Incident on payment-gateway triggered by an expired credential.,A memory leak introduced in the previous release caused gradual degradation.
INC-001879,inventory-service,SEV4,resolved,2025-12-18 01:46:37,2025-12-18 10:04:03.770566546,Incident on inventory-service triggered by an unhandled exception in a new code path.,Capacity was not scaled ahead of a known traffic event.
INC-001880,order-service,SEV4,open,2025-05-03 09:40:42,,Incident on order-service triggered by a misconfigured deployment.,
INC-001881,payment-gateway,SEV4,resolved,2025-10-31 00:09:29,2025-10-31 03:17:32.356469060,Incident on payment-gateway triggered by a misconfigured deployment.,A configuration change was deployed without a canary rollout.
INC-001882,fraud-detection,SEV3,resolved,2025-07-19 03:56:40,2025-07-19 13:25:40.108881538,Incident on fraud-detection triggered by database connection pool exhaustion.,A credential rotation job failed silently.
INC-001883,api-gateway,SEV3,resolved,2024-04-13 12:53:50,2024-04-13 18:44:53.727200228,Incident on api-gateway triggered by an expired credential.,An upstream dependency exceeded its SLA during a regional failover.
INC-001884,inventory-service,SEV3,resolved,2024-12-27 18:59:31,2024-12-27 23:05:37.297195918,Incident on inventory-service triggered by a memory leak in a recent release.,Insufficient connection pool sizing for peak load.
INC-001885,search-service,SEV4,mitigated,2025-10-13 19:42:42,2025-10-13 20:19:25.437778794,Incident on search-service triggered by a misconfigured deployment.,An upstream dependency exceeded its SLA during a regional failover.
INC-001886,reporting-dashboard,SEV3,resolved,2025-06-17 01:10:15,2025-06-17 03:04:43.956445974,Incident on reporting-dashboard triggered by a downstream dependency timeout.,Capacity was not scaled ahead of a known traffic event.
INC-001887,recommendation-engine,SEV4,open,2024-10-03 16:10:18,,Incident on recommendation-engine triggered by a memory leak in a recent release.,
INC-001888,reporting-dashboard,SEV2,resolved,2025-02-06 06:40:37,2025-02-06 16:12:32.186708464,Incident on reporting-dashboard triggered by an expired credential.,A credential rotation job failed silently.
INC-001889,fraud-detection,SEV3,resolved,2024-05-18 14:46:38,2024-05-18 17:38:12.548222540,Incident on fraud-detection triggered by an unhandled exception in a new code path.,Insufficient connection pool sizing for peak load.
INC-001890,notification-service,SEV2,resolved,2024-09-19 20:24:37,2024-09-20 05:16:05.102251006,Incident on notification-service triggered by an expired credential.,Insufficient connection pool sizing for peak load.
INC-001891,notification-service,SEV4,resolved,2025-07-28 14:53:31,2025-07-28 18:56:05.469362866,Incident on notification-service triggered by elevated traffic beyond provisioned capacity.,A credential rotation job failed silently.
INC-001892,payment-gateway,SEV2,resolved,2024-05-14 18:06:39,2024-05-14 21:58:03.830784096,Incident on payment-gateway triggered by a misconfigured deployment.,Capacity was not scaled ahead of a known traffic event.
INC-001893,search-service,SEV3,resolved,2024-03-24 23:01:16,2024-03-25 01:16:27.538781590,Incident on search-service triggered by a misconfigured deployment.,Capacity was not scaled ahead of a known traffic event.
INC-001894,shipping-tracker,SEV4,resolved,2024-07-27 13:38:59,2024-07-27 18:48:09.225499772,Incident on shipping-tracker triggered by a misconfigured deployment.,An upstream dependency exceeded its SLA during a regional failover.
INC-001895,recommendation-engine,SEV3,resolved,2024-02-08 17:26:46,2024-02-09 00:43:30.953594722,Incident on recommendation-engine triggered by a memory leak in a recent release.,Insufficient connection pool sizing for peak load.
INC-001896,analytics-pipeline,SEV4,mitigated,2025-03-19 22:57:26,2025-03-20 07:21:26.920886846,Incident on analytics-pipeline triggered by an unhandled exception in a new code path.,A credential rotation job failed silently.
INC-001897,customer-portal,SEV4,mitigated,2025-09-16 07:16:36,2025-09-16 11:56:27.228814728,Incident on customer-portal triggered by network partition between regions.,A credential rotation job failed silently.
INC-001898,reporting-dashboard,SEV2,open,2024-05-02 06:04:57,,Incident on reporting-dashboard triggered by an expired credential.,
INC-001899,analytics-pipeline,SEV4,resolved,2025-09-15 18:48:30,2025-09-16 01:13:54.851190684,Incident on analytics-pipeline triggered by a downstream dependency timeout.,An upstream dependency exceeded its SLA during a regional failover.
INC-001900,search-service,SEV4,resolved,2024-07-14 21:48:10,2024-07-15 04:56:51.191525098,Incident on search-service triggered by a misconfigured deployment.,An upstream dependency exceeded its SLA during a regional failover.
INC-001901,reporting-dashboard,SEV4,resolved,2025-11-09 10:38:01,2025-11-09 15:06:46.708117342,Incident on reporting-dashboard triggered by database connection pool exhaustion.,An upstream dependency exceeded its SLA during a regional failover.
INC-001902,shipping-tracker,SEV3,resolved,2024-06-10 16:16:39,2024-06-11 00:38:57.792386688,Incident on shipping-tracker triggered by a memory leak in a recent release.,A memory leak introduced in the previous release caused gradual degradation.
INC-001903,recommendation-engine,SEV4,resolved,2025-02-15 07:38:58,2025-02-15 16:49:51.373997026,Incident on recommendation-engine triggered by network partition between regions.,A credential rotation job failed silently.
INC-001904,fraud-detection,SEV3,resolved,2024-11-19 17:24:02,2024-11-19 18:44:42.397121918,Incident on fraud-detection triggered by a downstream dependency timeout.,A configuration change was deployed without a canary rollout.
INC-001905,fraud-detection,SEV2,resolved,2024-09-27 08:08:15,2024-09-27 14:51:30.485364767,Incident on fraud-detection triggered by database connection pool exhaustion.,Insufficient connection pool sizing for peak load.
INC-001906,inventory-service,SEV3,resolved,2025-01-08 06:17:10,2025-01-08 13:57:43.927339947,Incident on inventory-service triggered by a memory leak in a recent release.,A credential rotation job failed silently.
INC-001907,reporting-dashboard,SEV4,resolved,2024-05-30 20:11:34,2024-05-31 00:48:01.379285272,Incident on reporting-dashboard triggered by a misconfigured deployment.,Capacity was not scaled ahead of a known traffic event.
INC-001908,payment-gateway,SEV4,mitigated,2025-10-06 16:33:34,2025-10-07 01:29:09.730360906,Incident on payment-gateway triggered by an unhandled exception in a new code path.,An upstream dependency exceeded its SLA during a regional failover.
INC-001909,reporting-dashboard,SEV3,resolved,2024-07-10 06:01:47,2024-07-10 10:03:37.880450276,Incident on reporting-dashboard triggered by a misconfigured deployment.,A configuration change was deployed without a canary rollout.
INC-001910,inventory-service,SEV2,open,2024-05-31 01:01:20,,Incident on inventory-service triggered by a memory leak in a recent release.,
INC-001911,api-gateway,SEV4,open,2024-12-14 07:57:39,,Incident on api-gateway triggered by a downstream dependency timeout.,
INC-001912,warehouse-management,SEV4,resolved,2024-07-04 22:26:24,2024-07-05 07:05:54.111005958,Incident on warehouse-management triggered by a downstream dependency timeout.,A memory leak introduced in the previous release caused gradual degradation.
INC-001913,warehouse-management,SEV4,resolved,2024-09-03 20:26:34,2024-09-04 06:25:28.160827516,Incident on warehouse-management triggered by a misconfigured deployment.,Insufficient connection pool sizing for peak load.
INC-001914,billing-engine,SEV4,open,2025-08-20 17:58:42,,Incident on billing-engine triggered by a misconfigured deployment.,
INC-001915,payment-gateway,SEV3,open,2024-05-25 06:53:43,,Incident on payment-gateway triggered by network partition between regions.,
INC-001916,analytics-pipeline,SEV2,resolved,2024-06-18 16:31:30,2024-06-18 17:04:26.109448038,Incident on analytics-pipeline triggered by elevated traffic beyond provisioned capacity.,A configuration change was deployed without a canary rollout.
INC-001917,recommendation-engine,SEV3,mitigated,2025-09-06 04:11:48,2025-09-06 08:56:28.113956376,Incident on recommendation-engine triggered by a memory leak in a recent release.,A credential rotation job failed silently.
INC-001918,payment-gateway,SEV2,resolved,2025-02-15 00:44:23,2025-02-15 04:38:54.936700243,Incident on payment-gateway triggered by a misconfigured deployment.,Capacity was not scaled ahead of a known traffic event.
INC-001919,analytics-pipeline,SEV3,resolved,2024-04-25 14:33:22,2024-04-25 16:08:22.151780908,Incident on analytics-pipeline triggered by an unhandled exception in a new code path.,A configuration change was deployed without a canary rollout.
INC-001920,warehouse-management,SEV2,mitigated,2024-05-11 14:37:46,2024-05-11 15:40:42.343901314,Incident on warehouse-management triggered by elevated traffic beyond provisioned capacity.,A configuration change was deployed without a canary rollout.
INC-001921,payment-gateway,SEV2,resolved,2024-06-08 03:56:25,2024-06-08 12:47:22.411507660,Incident on payment-gateway triggered by network partition between regions.,A configuration change was deployed without a canary rollout.
INC-001922,warehouse-management,SEV4,resolved,2024-05-28 19:07:22,2024-05-29 00:32:14.392744786,Incident on warehouse-management triggered by an expired credential.,An upstream dependency exceeded its SLA during a regional failover.
INC-001923,analytics-pipeline,SEV4,resolved,2025-10-31 22:28:30,2025-11-01 05:38:49.163929092,Incident on analytics-pipeline triggered by database connection pool exhaustion.,An upstream dependency exceeded its SLA during a regional failover.
INC-001924,analytics-pipeline,SEV3,resolved,2024-04-18 22:12:29,2024-04-18 23:08:19.824344786,Incident on analytics-pipeline triggered by a downstream dependency timeout.,A credential rotation job failed silently.
INC-001925,fraud-detection,SEV4,resolved,2025-01-11 10:46:07,2025-01-11 15:26:23.585951008,Incident on fraud-detection triggered by elevated traffic beyond provisioned capacity.,A configuration change was deployed without a canary rollout.
INC-001926,analytics-pipeline,SEV3,resolved,2025-01-04 13:04:32,2025-01-04 22:45:16.857026816,Incident on analytics-pipeline triggered by a memory leak in a recent release.,An upstream dependency exceeded its SLA during a regional failover.
INC-001927,payment-gateway,SEV4,open,2024-07-27 16:01:04,,Incident on payment-gateway triggered by a downstream dependency timeout.,
INC-001928,fraud-detection,SEV4,resolved,2024-06-01 21:19:49,2024-06-02 01:16:49.837470244,Incident on fraud-detection triggered by a memory leak in a recent release.,An upstream dependency exceeded its SLA during a regional failover.
INC-001929,analytics-pipeline,SEV3,resolved,2025-10-02 02:30:15,2025-10-02 08:43:12.242494602,Incident on analytics-pipeline triggered by database connection pool exhaustion.,A credential rotation job failed silently.
INC-001930,order-service,SEV3,resolved,2024-08-20 22:07:04,2024-08-20 23:08:00.992479258,Incident on order-service triggered by an unhandled exception in a new code path.,Capacity was not scaled ahead of a known traffic event.
INC-001931,warehouse-management,SEV2,resolved,2024-08-11 01:55:41,2024-08-11 09:09:22.512110912,Incident on warehouse-management triggered by database connection pool exhaustion.,A configuration change was deployed without a canary rollout.
INC-001932,fraud-detection,SEV3,resolved,2025-10-15 20:10:14,2025-10-16 01:22:11.245608056,Incident on fraud-detection triggered by an unhandled exception in a new code path.,Insufficient connection pool sizing for peak load.
INC-001933,notification-service,SEV4,resolved,2024-11-14 12:24:54,2024-11-14 21:50:57.490744572,Incident on notification-service triggered by network partition between regions.,A configuration change was deployed without a canary rollout.
INC-001934,analytics-pipeline,SEV3,open,2025-04-20 04:50:04,,Incident on analytics-pipeline triggered by an expired credential.,
INC-001935,notification-service,SEV3,resolved,2024-02-17 01:05:54,2024-02-17 08:40:32.259944124,Incident on notification-service triggered by an expired credential.,Capacity was not scaled ahead of a known traffic event.
INC-001936,recommendation-engine,SEV3,resolved,2024-01-31 04:45:30,2024-01-31 07:18:28.942581462,Incident on recommendation-engine triggered by a memory leak in a recent release.,Insufficient connection pool sizing for peak load.
INC-001937,billing-engine,SEV4,resolved,2025-03-06 23:55:08,2025-03-07 04:56:54.263960870,Incident on billing-engine triggered by a misconfigured deployment.,An upstream dependency exceeded its SLA during a regional failover.
INC-001938,inventory-service,SEV3,resolved,2025-04-03 01:21:19,2025-04-03 10:54:34.980069766,Incident on inventory-service triggered by an expired credential.,Capacity was not scaled ahead of a known traffic event.
INC-001939,customer-portal,SEV4,resolved,2024-09-18 05:20:46,2024-09-18 10:06:52.387645024,Incident on customer-portal triggered by an unhandled exception in a new code path.,A credential rotation job failed silently.
INC-001940,recommendation-engine,SEV1,mitigated,2024-07-26 23:25:36,2024-07-27 02:05:31.795901322,Incident on recommendation-engine triggered by a misconfigured deployment.,A memory leak introduced in the previous release caused gradual degradation.
INC-001941,api-gateway,SEV4,resolved,2024-02-12 06:46:55,2024-02-12 09:45:04.724409040,Incident on api-gateway triggered by a memory leak in a recent release.,An upstream dependency exceeded its SLA during a regional failover.
INC-001942,analytics-pipeline,SEV3,open,2025-04-23 07:20:50,,Incident on analytics-pipeline triggered by network partition between regions.,
INC-001943,search-service,SEV3,open,2024-03-08 03:34:15,,Incident on search-service triggered by elevated traffic beyond provisioned capacity.,
INC-001944,payment-gateway,SEV1,mitigated,2024-10-16 17:32:36,2024-10-16 21:14:15.720518178,Incident on payment-gateway triggered by a downstream dependency timeout.,An upstream dependency exceeded its SLA during a regional failover.
INC-001945,payment-gateway,SEV4,open,2025-05-23 13:47:21,,Incident on payment-gateway triggered by a memory leak in a recent release.,
INC-001946,recommendation-engine,SEV4,resolved,2025-01-18 14:28:29,2025-01-18 16:24:03.365873894,Incident on recommendation-engine triggered by network partition between regions.,A memory leak introduced in the previous release caused gradual degradation.
INC-001947,auth-service,SEV4,mitigated,2025-09-17 06:28:51,2025-09-17 10:58:37.169557212,Incident on auth-service triggered by a misconfigured deployment.,An upstream dependency exceeded its SLA during a regional failover.
INC-001948,shipping-tracker,SEV3,mitigated,2024-04-03 19:38:29,2024-04-04 04:16:17.439768482,Incident on shipping-tracker triggered by an unhandled exception in a new code path.,A credential rotation job failed silently.
INC-001949,api-gateway,SEV2,resolved,2025-07-15 12:11:04,2025-07-15 20:42:41.127683110,Incident on api-gateway triggered by an unhandled exception in a new code path.,Insufficient connection pool sizing for peak load.
INC-001950,shipping-tracker,SEV4,resolved,2025-10-13 02:15:28,2025-10-13 08:08:42.903041704,Incident on shipping-tracker triggered by database connection pool exhaustion.,Capacity was not scaled ahead of a known traffic event.
INC-001951,warehouse-management,SEV4,resolved,2024-12-06 06:31:34,2024-12-06 09:11:02.442151174,Incident on warehouse-management triggered by a downstream dependency timeout.,An upstream dependency exceeded its SLA during a regional failover.
INC-001952,auth-service,SEV4,resolved,2025-12-11 23:44:15,2025-12-12 03:33:36.906225966,Incident on auth-service triggered by a misconfigured deployment.,Insufficient connection pool sizing for peak load.
INC-001953,warehouse-management,SEV2,resolved,2025-06-12 05:43:21,2025-06-12 09:24:06.678133050,Incident on warehouse-management triggered by a memory leak in a recent release.,A credential rotation job failed silently.
INC-001954,customer-portal,SEV4,open,2024-12-01 16:02:57,,Incident on customer-portal triggered by an expired credential.,
INC-001955,payment-gateway,SEV4,resolved,2024-10-30 13:59:29,2024-10-30 19:21:25.240484732,Incident on payment-gateway triggered by elevated traffic beyond provisioned capacity.,A memory leak introduced in the previous release caused gradual degradation.
INC-001956,shipping-tracker,SEV3,resolved,2024-05-05 18:05:09,2024-05-06 00:40:40.344193716,Incident on shipping-tracker triggered by network partition between regions.,Capacity was not scaled ahead of a known traffic event.
INC-001957,shipping-tracker,SEV4,resolved,2024-12-22 19:26:03,2024-12-23 03:20:30.761524644,Incident on shipping-tracker triggered by a downstream dependency timeout.,Insufficient connection pool sizing for peak load.
INC-001958,payment-gateway,SEV4,resolved,2025-06-23 21:41:32,2025-06-24 04:26:49.235467802,Incident on payment-gateway triggered by a downstream dependency timeout.,A configuration change was deployed without a canary rollout.
INC-001959,warehouse-management,SEV4,mitigated,2024-12-31 01:12:46,2024-12-31 06:52:51.524817952,Incident on warehouse-management triggered by network partition between regions.,A configuration change was deployed without a canary rollout.
INC-001960,api-gateway,SEV2,open,2025-05-20 05:33:48,,Incident on api-gateway triggered by a memory leak in a recent release.,
INC-001961,search-service,SEV4,resolved,2025-12-28 02:13:04,2025-12-28 06:22:20.923142452,Incident on search-service triggered by network partition between regions.,Insufficient connection pool sizing for peak load.
INC-001962,inventory-service,SEV1,open,2024-07-14 08:40:23,,Incident on inventory-service triggered by network partition between regions.,
INC-001963,payment-gateway,SEV2,resolved,2025-01-15 01:15:16,2025-01-15 02:18:02.604213856,Incident on payment-gateway triggered by network partition between regions.,A memory leak introduced in the previous release caused gradual degradation.
INC-001964,recommendation-engine,SEV1,resolved,2024-03-13 11:53:55,2024-03-13 15:28:21.725745802,Incident on recommendation-engine triggered by a downstream dependency timeout.,A configuration change was deployed without a canary rollout.
INC-001965,fraud-detection,SEV3,resolved,2024-02-26 15:28:50,2024-02-26 17:49:50.572926956,Incident on fraud-detection triggered by elevated traffic beyond provisioned capacity.,A configuration change was deployed without a canary rollout.
INC-001966,inventory-service,SEV3,resolved,2025-05-23 18:02:34,2025-05-23 22:43:42.891443386,Incident on inventory-service triggered by a misconfigured deployment.,A configuration change was deployed without a canary rollout.
INC-001967,customer-portal,SEV4,open,2024-10-23 10:59:59,,Incident on customer-portal triggered by network partition between regions.,
INC-001968,search-service,SEV3,resolved,2024-07-19 00:36:42,2024-07-19 06:13:08.795799126,Incident on search-service triggered by a misconfigured deployment.,A memory leak introduced in the previous release caused gradual degradation.
INC-001969,recommendation-engine,SEV4,resolved,2025-03-06 12:41:33,2025-03-06 12:59:54.510172854,Incident on recommendation-engine triggered by elevated traffic beyond provisioned capacity.,An upstream dependency exceeded its SLA during a regional failover.
INC-001970,inventory-service,SEV3,open,2025-02-25 14:02:53,,Incident on inventory-service triggered by an unhandled exception in a new code path.,
INC-001971,auth-service,SEV2,resolved,2025-03-24 19:54:45,2025-03-24 21:15:02.916996150,Incident on auth-service triggered by a downstream dependency timeout.,An upstream dependency exceeded its SLA during a regional failover.
INC-001972,recommendation-engine,SEV4,resolved,2025-10-24 16:37:45,2025-10-24 19:56:36.053933460,Incident on recommendation-engine triggered by database connection pool exhaustion.,Capacity was not scaled ahead of a known traffic event.
INC-001973,notification-service,SEV3,resolved,2025-09-06 09:00:53,2025-09-06 11:00:03.274463444,Incident on notification-service triggered by elevated traffic beyond provisioned capacity.,Insufficient connection pool sizing for peak load.
INC-001974,reporting-dashboard,SEV3,resolved,2025-10-05 12:16:47,2025-10-05 19:04:47.118155107,Incident on reporting-dashboard triggered by elevated traffic beyond provisioned capacity.,A configuration change was deployed without a canary rollout.
INC-001975,order-service,SEV4,resolved,2025-07-14 23:57:00,2025-07-15 00:18:00.170442864,Incident on order-service triggered by elevated traffic beyond provisioned capacity.,A credential rotation job failed silently.
INC-001976,fraud-detection,SEV4,resolved,2024-05-11 14:56:10,2024-05-11 17:41:04.559420776,Incident on fraud-detection triggered by a memory leak in a recent release.,A memory leak introduced in the previous release caused gradual degradation.
INC-001977,billing-engine,SEV3,resolved,2025-05-14 17:52:39,2025-05-14 20:46:53.507755422,Incident on billing-engine triggered by elevated traffic beyond provisioned capacity.,Capacity was not scaled ahead of a known traffic event.
INC-001978,billing-engine,SEV3,resolved,2025-11-30 09:02:56,2025-11-30 11:27:58.788628742,Incident on billing-engine triggered by network partition between regions.,Insufficient connection pool sizing for peak load.
INC-001979,recommendation-engine,SEV4,resolved,2024-05-13 04:39:51,2024-05-13 09:23:56.340818244,Incident on recommendation-engine triggered by an expired credential.,A configuration change was deployed without a canary rollout.
INC-001980,fraud-detection,SEV3,resolved,2024-01-01 23:53:28,2024-01-02 05:38:30.383777542,Incident on fraud-detection triggered by a downstream dependency timeout.,An upstream dependency exceeded its SLA during a regional failover.
INC-001981,auth-service,SEV4,resolved,2025-04-10 08:53:27,2025-04-10 14:55:09.589907106,Incident on auth-service triggered by elevated traffic beyond provisioned capacity.,An upstream dependency exceeded its SLA during a regional failover.
INC-001982,inventory-service,SEV4,resolved,2025-12-29 05:42:02,2025-12-29 11:11:56.087801756,Incident on inventory-service triggered by an expired credential.,A credential rotation job failed silently.
INC-001983,analytics-pipeline,SEV3,mitigated,2025-01-25 14:55:31,2025-01-26 00:54:13.765853218,Incident on analytics-pipeline triggered by database connection pool exhaustion.,A configuration change was deployed without a canary rollout.
INC-001984,warehouse-management,SEV3,resolved,2024-01-30 11:43:14,2024-01-30 19:37:56.559909536,Incident on warehouse-management triggered by an expired credential.,A credential rotation job failed silently.
INC-001985,notification-service,SEV3,resolved,2025-08-29 02:19:43,2025-08-29 03:28:33.580535812,Incident on notification-service triggered by a misconfigured deployment.,An upstream dependency exceeded its SLA during a regional failover.
INC-001986,recommendation-engine,SEV3,resolved,2024-01-07 03:38:50,2024-01-07 04:29:19.382944736,Incident on recommendation-engine triggered by an unhandled exception in a new code path.,A memory leak introduced in the previous release caused gradual degradation.
INC-001987,shipping-tracker,SEV3,resolved,2024-08-22 07:13:43,2024-08-22 15:33:33.973606720,Incident on shipping-tracker triggered by elevated traffic beyond provisioned capacity.,Insufficient connection pool sizing for peak load.
INC-001988,search-service,SEV3,resolved,2024-03-06 00:17:56,2024-03-06 02:33:07.427369324,Incident on search-service triggered by a memory leak in a recent release.,Insufficient connection pool sizing for peak load.
INC-001989,billing-engine,SEV3,resolved,2025-05-20 10:24:38,2025-05-20 19:27:13.725928772,Incident on billing-engine triggered by a memory leak in a recent release.,A memory leak introduced in the previous release caused gradual degradation.
INC-001990,api-gateway,SEV2,resolved,2025-09-23 15:08:13,2025-09-23 20:34:51.542951764,Incident on api-gateway triggered by a memory leak in a recent release.,A memory leak introduced in the previous release caused gradual degradation.
INC-001991,auth-service,SEV3,resolved,2024-12-18 17:14:16,2024-12-18 18:00:35.076410734,Incident on auth-service triggered by an expired credential.,A credential rotation job failed silently.
INC-001992,warehouse-management,SEV3,resolved,2025-03-17 05:21:39,2025-03-17 09:43:00.951548214,Incident on warehouse-management triggered by a memory leak in a recent release.,Insufficient connection pool sizing for peak load.
INC-001993,analytics-pipeline,SEV3,resolved,2024-06-03 14:19:13,2024-06-03 21:06:21.518393026,Incident on analytics-pipeline triggered by an expired credential.,A memory leak introduced in the previous release caused gradual degradation.
INC-001994,auth-service,SEV4,resolved,2024-09-09 05:49:50,2024-09-09 14:15:00.613761938,Incident on auth-service triggered by network partition between regions.,An upstream dependency exceeded its SLA during a regional failover.
INC-001995,notification-service,SEV3,resolved,2024-08-08 10:58:46,2024-08-08 20:37:23.726231512,Incident on notification-service triggered by a memory leak in a recent release.,Capacity was not scaled ahead of a known traffic event.
INC-001996,auth-service,SEV4,resolved,2025-04-28 17:50:10,2025-04-29 00:45:20.384013952,Incident on auth-service triggered by an unhandled exception in a new code path.,A configuration change was deployed without a canary rollout.
INC-001997,inventory-service,SEV3,resolved,2025-04-11 19:19:08,2025-04-12 05:08:53.967599228,Incident on inventory-service triggered by elevated traffic beyond provisioned capacity.,A credential rotation job failed silently.
INC-001998,notification-service,SEV4,resolved,2025-05-30 14:32:24,2025-05-30 17:30:30.547789680,Incident on notification-service triggered by an expired credential.,A credential rotation job failed silently.
INC-001999,billing-engine,SEV4,mitigated,2024-10-15 00:03:50,2024-10-15 00:30:31.434192002,Incident on billing-engine triggered by an expired credential.,Insufficient connection pool sizing for peak load.
INC-002000,notification-service,SEV1,open,2024-08-18 16:14:33,,Incident on notification-service triggered by a downstream dependency timeout.,
